# Format: McCode with text headers
# URL: http://www.mccode.org
# Creator: McStas 3.5.27 - Apr. 28, 2025
# Instrument: ./Incoherent/inc.instr
# Ncount: 10000000
# Trace: no
# Gravitation: no
# Seed: 1747402674948303
# Directory: ./data/inc_box_thin
# Param: thickness=0.001
# Param: sample=0
# Date: Fri May 16 15:37:58 2025 (1747402678)
# type: array_2d(200, 200)
# Source: inc (./Incoherent/inc.instr)
# component: psd_det
# position: 0.34202 0 1.43969
# title: PSD monitor
# Ncount: 10000000
# filename: post_det.dat
# statistics: X0=0.000431488; dX=2.86474; Y0=-0.0452155; dY=2.89827;
# signal: Min=0; Max=0.0172678; Mean=0.000726671;
# values: 29.0668 0.351133 7976
# xvar: X 
# yvar: Y 
# xlabel: X position [cm]
# ylabel: Y position [cm]
# zvar: I
# zlabel: Signal per bin
# xylimits: -5 5 -5 5
# variables: I I_err N
# Data [psd_det/post_det.dat] I:
0 0 0 0 0.004342598861 0 0.0003964121551 0 0 0 0 0 0 0 0 0 0.004297531452 0 0 0 0 0 0 0.008549133555 0 0 0 0 0 0 0 0 0 0 0.004305194295 0 0.004411491982 0 0 0.004218120204 0 0 6.898422083e-05 0 0 0 0 0 0 0 0 0.004454756608 0 0 0 0 0 0 0.004294153208 0 0 0 0 0.008699383521 0 0 0 0 0 0 0 0.004380653229 0 0.004220863185 0 0 0 0 0.004228609013 0 0 0.008590393316 0 0 0.004203322238 0 0 0 0 0 0 0 0.008564189749 2.818208648e-05 0 0 0.005326345597 0 0 0 0 0.004319161943 0 0 0.008489512458 0.00424386631 0.0043333254 0 0 0 0 0 0 0 0 0.004216389422 0.008479444537 0 0 0 0 0 0.008735930815 0 0 0.0009623316752 0 0.004301010457 0 0 0 0.004439201789 0 0 0 0 0.004350217382 0 0 0 0 0 0.01291119472 0 0 0 0 0 0 0 0 0 0 0 0 0 0 0 0 0 0.004251396248 0.004286209859 0 0 0 0 0 0 0 0 0 0 0.008954234145 0 0.004460272302 0 0 0 0 0.004338440946 0 0 0 0 0 0.004254774403 0 0 0.004276087125 0 0 0 0 0.0002309051776 0 0.004272826576 0 0 0 0 
0 0 0 0 0 0 0 0 0.004395741997 0 6.433115299e-05 0 0 0 0.004438818953 0 0 0 0.004295737992 0 0 0 0.004198619111 0.004222658313 0 0 0 0 0 0 0 0 0.004530325565 0 0 0 0.002741309477 0 0.001515502614 0 0 0 0 0 0 0 0 0 0 0.002509090591 0.004333034011 0.008871567245 0.004487769688 0 0 0 0 0 0.004381299809 0.004201518731 0 0 0 0 0 0 0.004395879509 0 0 0 0 0 0 0 0 0.004468289214 0 0 0.004255952866 0 0 0 0 0 0.00427599945 0 0 0 0 0 0 0 0 0 0 0 0.004515572757 0 0.004260291821 0 0 0.004210394056 0 0 0 0 0 0 0 0 0 0 0 0.004521953675 0.004438007358 0 0.00441799821 0 0 0 0 0 0 0 0 0 0 0.00444444173 0 0 0 0.004464217051 0.004355362835 0 0 0 0 0 0 0 0.008574699832 0 0 0 0 0 0 0 0 0 0 0 0 0 0 0 0 0 0 0.004256560338 0 0 0 0 0 0 0 0 0 0 0 0.004321000089 0 0 0 0 0 0.004439047223 0.004287158842 0 0 0 0 0 0 0 0 0 0 0 0 0 0 0 0.0044049866 0 0 0 0 0 
0 0 0 0 0 0.004403782502 0 0 0 0 0 0 0 0 0 0 0.000157735183 0 0.00883991286 0 0 0 0 0 0 0 0.004394631197 0 0 0 0 0 0 0 0 0 0 0 0 0 0.004316372521 0 0 0 0.004487914681 0 0 0 0 0 0 0 0.0008467243864 0 0.00442401898 0 0 0 0 0 0 0 0 0.004415646169 0 0 0 0 0 0 0 0 0 0 0.004414931255 0 0 0.004266934611 0 0 0.004411203035 0 0 0 0 0 0 0 0 0 0 0 0 0.00430164892 0 0 0.005250469224 0 0 0 0 0 0.004485741328 0.004284480635 0.0003903277786 0 0 0 0.000349281361 0 0 0 0 0 0 0 0 0 0 0 0 0 0 0.004421225344 0 0 0 0.004485696204 0 0 0 0 0.001148502662 0.004193168992 0 0 0 0 0 0 0 0 0 0 0 0.004280376935 0.004212520928 0 0 0 0 0 0 0 0 0.004453900161 0.00437138834 0 0 0 0 0 0.0001009605321 0.004498908576 0 0 0 0.004269851038 0.004412004594 0 0.004274936592 0 0.001060745693 0 0 0 0 0 0.004325368234 0 0 0 0 0 0 0 0 0 0.00421749429 0 0 0 0 0 0 0 0 0 0 0 
0 0 0 0 0 0.008668789398 0.004444380666 0 0 0 0 0 0 0 0 0 0 0.0004790538355 0 0 0.001013948229 0 0 0 0 0 0 0 0 0 0 0 0 0 0 0 0 0 0.004204012557 0 0.001097690126 0 0 0 0 0 0.00426559852 0 0.008513612939 0 0 0 0.004204175889 0 0 0 0.004394093315 0 0.0002018566786 0 0 0 0 0 0 0 0.004437335633 0 0 0 0.004323163454 0 0.004432162006 0 0 8.471946746e-05 0.004236747712 0 0 0 0 0 0.004517795454 0 0.0009258115156 0.004356492544 0 0 0.004241435231 0.004392466242 0 0 0.004219337349 0 0 0.004276350469 0 0 0 0 0.004307659518 0.001156273187 0 0.004502696107 0 0 0 0 0 0 0 0.004285897321 0 0 0 0 0 0 0.008789840433 0 0 0 0 0 0.004349997545 0 0 0 0 0.0003488586063 0.0009225119215 0 0 0 0 0 0 0 0 0 0.008686688088 0 0.004220684005 0 0 0.004518519735 0 0 0 0 0 0 0 0 0 0 0 0 0 3.806018574e-05 0 0 0 0 0 0 0.004269516372 0 0.004334279286 0 0 0 0 0 0 0 0 0 0 0 0 0 0 0 0 0 0 0.004369333229 0 0.004275979988 0 0 0.004425922395 0 0 0.004365480036 0.004466369549 0 0 0.004512582835 
0 0 0 0 0 0 0 0 0 0.0005038836772 0 0 0 0.0003657559701 0 0 0 0 0 0.008496566871 0 0 0.002266234571 0 0 0.001657105514 0 0 0 0 0.00452415364 0 0.004382572774 0 0 0 0 1.564906227e-06 0 0 0.0002810765505 0 0 0 0 0 0.0008958449406 0 0 0 0 0 0 0.004526885161 0.004516551762 0.004430542687 0 0 0 0 0 0 0 0 0.004518817852 0 0 0 0 0.004270240283 0 0 0 0 0.004489047708 0 0.004409172784 0 0 0 0 0 0.004370620826 0 0.004303995297 0.004256630311 0 0 0 0.004432353059 0.004296727091 0 0.0001739715806 0 0 0 0 0 0 0 0 0.004439350423 0 0 0 0 0 0 0 0 0.004419109007 0 0.004430668025 0 0 0 0 0 0 0 0 0 0 0 0.004378995388 0 0 0 0 0 0 0 0 0 0 0 0 0 0 0 0 0 0.004212466233 0 0 0 0 0.004262759811 0 0 0.0002061172795 0 0 0 0 0 0 0 0 0 0.004516591584 0 0.008626160787 0.0007152882818 0 0 0 0 0.004393625901 0 0.004500708806 0 0 0.0003620113878 0 0.008667223933 0 0 0 0 0 0 0 0 0 3.268809324e-05 0 0 0.004395944669 0 0 0 0.00425247632 0 0 0 0 0 0 0 
0 0 0 0.004480158832 0.00174307591 0.004207180496 0 0 0 0 0 0 0.004346888006 0 0.001746376497 0.004516910857 0 0 0 0 0.004236109541 0.00427793381 0 0.004459277982 0 0.004360057156 0 0 0.0005655306099 0.00446452347 0 0 0 0 0 0 0 0 0 0 0 0 0 0.008759811089 0.004241875073 0.008665035004 0 0 0 0.004496930948 0.004517369329 0 0.004427610924 0 0 0 0 0 0 0 0 0 0 0 0 0 0 0 0 0 0.004194979367 0 0 0 0 0 0 0 0 0.004272710858 0 0 0.0002282143114 0 0 0 0 0 0 0 0 0.004442425543 0 0 0 0.004512637034 0 0.004273322634 0 0 0.0005186008708 0 0 0 0 0 0 0 0 0 0 0 0 0 0 0 0 0 0 0 0.00446072406 0 0 0 0 0.004452898359 0 0 0 0 0 0 0 0.004505776131 0 0 0 0.004421507723 0 0 0.004238387363 0 0 0 0 0 0 0.00442813886 0 0.004509800864 0 0 0 0 0.004351050358 0 0 0 0 7.55750682e-06 0 0 0 0 0 0 0 0 0 0 0 0 0 0 0 0 0 0.004313482989 0 0 0.004353254003 0 0 0 0 0 0.004290883031 0 0 0 0 0 0 0.004211931308 0 0 0 0 0.004302796889 0.004412044274 
0 0 0 0.004403043242 0 0 0.004248622573 0 0 0.004527394532 0 0.001113260898 0 0 0 0 0 0 0 0 0.0001683803682 0 0 0 0 0 0 0 0 0 0.004321664899 0.004520361642 0 0 0 0 0 0.0001310964728 0 0 0 0.004198884769 0 0 0 0 0.004353305533 0.004239091528 0.000685199626 0 0 0 0 0 0 0 0 0 0 0.004463365015 4.54557949e-06 0 0 0 0 0 0 0 0 0 0 0 0 0 0 0 0 0 0 0 0 0 0 0 0 0 0 0 0 0 0 0 0 0 0 0 0 0 0 0 0.004374436583 0 0 0 0 0 0 0.004285086792 0 0 0 0.003293969417 0 0 0 0 0 0 0.004390836612 0 0 0.004517276699 0.004271993415 0 0 0 0.004465423226 0 0 0 0 0 0 0.004264717854 0 0.004311768857 0 0 0 0 0.008947414471 0 0.008705010018 0 0 0 0 0 0 0.00438970438 0.004253853327 0 0 0.004294196078 0 0 0 0 0 0 0 0 0 0 0 0 0 0.004207748853 0 0 6.393431884e-05 0 0 0 0.004450774307 0 0 0 0 0 0 0 0 0 0 0 0 0 0 0 0 0 0 0 0 0 0.004187328125 0 0 0 
0 0 0.004423945501 0 0 0 0.004272391715 0 0 0 0 0.004532867176 0 0 0 0 0 0.004305291985 0 0 0 0 0 0 0 0 0 0 0 0 0 0 0 0 0 0 0 0 0 0 0.00659051186 0 0.004308941051 0 0 0.004479794389 0 0.000217646512 0 0.004224145976 0.004281260676 0 0 0 0 0.001736761559 0.004218032864 0.0002575018928 0 0.004285815753 0.004403327629 0 0 0.004442284611 0 0 0 0 0 0.001033257294 0 0 0.004440124193 0 0 0 0 0 0 0 0 0 0 0 0 0 0.004514697664 0 0.00419885952 0 0.004430886809 0.004195646556 0 0 0 0 0 0 0 0 0 0 0.004469010037 0 0.004228304813 4.048488487e-07 0 0 0.004273501184 0 0.004297353531 0.004529357454 0 0 0 0.0004763303393 0.004529444279 0 0 0.004304479487 0 0 0 0 0.0003828727569 0 0 0 0 0 0 0 0 0 0 0.004295144054 0 0 0.004215926868 0.0005971380632 0 0.008609754369 0.004235850573 0 0 0.004318111717 0 0 0.004211352663 0 0.008876349468 0 0 0 0 0.0043253706 0 0 0 0 0 0 0 0 0 0 0 0 0 0 0 0 0 0 0 0 0 0 0.004628226725 0.004316842307 0 0 0 0.004361868292 0.004334276807 0 0 0 0 0 0.004453363122 0 0.004290965874 0 0 0 0 0 0 0 
0 0 0 0 0.004474363543 0 0 0.0002434260185 0 0 0 0 0 0 0 0 0 0 0 0 0.004253540689 0 0 0 0 0 0 0 0 0.002469886408 0 0 0.004274631127 0.004336459425 0 0 0 0 0 0 0 0 0 0 0 0 0 0.0002440175483 0 0 0.008840993155 0 0 0 0 0 0 0.004482683545 0 0.004227580212 0 0.004501594296 0 0 0.004348746347 0 0 0 0 0 0 0 0 0 0 0 0.004388171761 0 0.004512599634 0 0 0 0 0 0 0 0 0 0 0 0.004479302287 0 0 0 0 0.004333579303 0.004405905659 0 0 0 0 0 0.004381266589 0.004257112226 0 0 0 0 0.008799001636 0.00430090717 0.00431143519 0 0 0 0.004532761856 0 0 0.004401501544 0 0.004281193395 0 4.572563658e-06 0 0.004229430883 0 0.004479785472 0 0.004449016315 0.0003174891747 0.008734863076 0.004454330434 0 0.004245038311 0.004279418112 0 0.00450726983 0 0.004375909292 0 0 0 0 0.004208292109 0 0 0 0 0.004366790452 0 0 0 0.004286829586 0 0 0.004289663176 0 0 0 0 0 0 0 0 0.004494734169 0 0 0 0 0.008732539075 0 0 0 0 0.004483032666 0 0.0008155109532 0 0 0 0 0 0 0 0 0 0 0 0 0 0 0 4.357431074e-05 0.004381075148 0 0.01314597299 0 0 0 0 0 
5.818830876e-05 0 0 0 0.004223914903 0 0.004198777385 0 0 0 0 0 0.004443699592 0 0 0 0.004236109784 0 0 0 0 0 0.004300658305 0 0 0 0 0 0.004512345453 0 0 0.004230311056 0 0 0.004388336706 0 0.0006675904765 0 0 0 0.004473160197 0 0 0 0 0 0.004507218034 0 1.214176131e-05 0 0 0 0 0 0 0 0.004321419991 0 0 0.008725797775 0.004506310534 0 0 0 0 0 0 0 0 0 0.004248662291 0 0.004411126408 0 0 0 0 0 0.004193686546 0.004196829821 0 0 0 0 0 0 0 0 0.004473438627 0 0 0 0 0 0 0 0 0 0 0 0 0 0 0 0 0 0 0 0 0 0.004434146695 0 0 0 0 0 0 0 0 0 0.004457379003 0 0 0 0 0 0 0 0 0 0 0 0 0 0 0 0 0.004360784769 0 0 0 0 0 0 0 0 0 0 0.004359618152 0 0 0 0 0.004981792617 0 0 0 0 0 0 0 0 0 0 0 0 0.004316260052 0 0 0 0.0003001408461 0 0 0.00436253623 0 0 0 0 0.004286535391 0 0 0 0 0 0 0 0.004395578085 0 0.004429630211 0 0.00420637259 0 0 0 0.001384921115 0 0.004242796498 0 0 0 
0 0 0 0 0 0 0.004321227519 0 0 0.008930744231 0 0 0.004348771042 0 0 0 0 0.0020162508 0 0 0 0 0 0.004210258251 0 0 0 0 0 0 0 0 0 0 0 0 0 0 0 0 0 0 0 0 0 0 0 0 0 0 0 0 0 0 0 0 0 0.004376678338 0 0 0 0 0.004475765722 0 0.0005239183691 0 0 0 0 0 0 0 0 0 0 0 0 0 0.004192783408 0 0 0 0.004441994353 0.004335540735 0 0 0 0 0 0 0 0 0 0.004440134117 0 0 0 0 0 0.004227847133 0 0.004252733705 0 0 0 0 0 0 0 0 0.0009053851185 0 0 0 0.004368594808 0 6.984182779e-05 0 0 0 0 0 0 0 0 0 0 0 0 0 0 0 0 0 0 0 0 0 0 0 0 0 0 0 0.00425901267 0 0 0 0 0 0 0 0 0 0 0 0 0 0 0 0 0 0 0 0 0 0 0 0 0 0 0.00431060138 0 0.0004522129298 0.004266842077 0 0 0.004292063161 0 0 0 0 0 0 0 0 0 0 0.004198876641 0 0 0 0.0001645733692 0 0 0 0 0 0 0.006876861684 
0 0 0 0 0 0 0 0 0 0.004353540045 0 0 0.000833076675 0.0003132623475 0 0 0 0.004439525934 0 0 0 0.0001204848631 0 0 0 0 0 0 0 0 0 0.00449358482 0 0.0003688192743 0 0 0.004363575448 0 0 0 0 0 0 0 0 0 0 0 0 0 0.001182573389 0 0 0 0 0.001518597349 0 0 0 0 0.004510200058 0 0 0.004460820052 0 0 0 0 0.004365850971 0 0 0 0 0 0.004374053542 0 0 0.00436805257 0 1.523688426e-05 0 0 0 0 0 0 0 0.004311936363 0 0 0 0 0 0 0 0 0 0 0 0.004342811632 0 0 0 0 0.0007983644925 0 0 0 0 0 0.004430170283 0.004502725779 0 0.004215538618 0 0 0 0.0005999985718 0 0 0 0 0 0 0 0 0 0 0.004398324899 0 0 0 0 0 0.0045009026 0 0 0 0 0 0 0 0 0 0 0 0 0 0 0 0 0 0 0.004386943484 0 0 0 0.004331807824 0.004390845398 0.004225233026 0 0.004405534433 0.004324704045 0 0.0004133158883 0.0001058537323 0 0 0 0 0 0 0 0 0 0 0 0 0 0 0 0 0 0 0.004189935776 0.004455096263 0 0 0 0.004497935922 0 0 0 0 0 0 0 0 0 0 
0 0 0 0 0 0 0 0 0.00444932199 0.004304013012 0.004419939599 0 0 0 0 0.004210515306 0 0 0.004369847111 0 0.004460747372 0 0 0 0 0 0 0 0 0 0 0 0.00099972702 0 0 0 0 0 0 0 0 0.004502799408 0 0 0.004267752589 0 0 0 0 0 0.004461562813 0 0 0 0 0 0 0.004228311395 0 0.004332714332 0 0 0 0 0 0 0.004372097251 0 0 0 0 0 0 0 0 0 0 0 0 0 0 0 0 0 0 0.0006810129194 0 0.008654144664 0 0 0 0 0 0.004407323341 0 0 0 0 0 0.0009318606874 0 0 0 0 0.004381772915 0.008625845338 0 0 0 0.00434457721 0 0 0 0.004297128408 0 0 0.004425105836 0 0 0 0 0 0 0 0 0 0 0 0 0.004453820423 0 0 0 0 0.0008502115771 0 0 0.004461722751 0 0.007014848981 0 0.004403109699 0 0 0.004351262824 0.004461935922 0 0 0.009680913003 0 0.008521902855 0 0 0.004206573851 0.004262142244 0 0.0002541190333 0 0 0 0 0 0 0 0 0 0 0 0 0 0.008644225649 0 0 0.004266051895 0 0.004235304588 0 0 0 0 0 2.487529804e-05 0 0 0 0 0 0 0 0 0 0 0.004387358368 0 0 0 0 0 0 0 
0 0 0 0 0.0003333801191 0 0 0 0 0 0 0 0 0 0 0 0.004319122318 0.001022692744 0 0 0 0 0 0 0 0.004487291318 0 0 0 0.004435042712 0 0 0 0 0 0 0 0 0.004356731101 0 0 0 0 0 0 0 0 0 0.003266817195 0 0 0 0 0 0 0 0 0 0 0.004337120449 0 0 0 0 0.004485995612 0 0 0 0 0.004246049067 0 0 0.008755968874 0 0 0 0 0 0 0 0 0.0044706094 0 0 0 0 0 0 0 0 0 0 0.004361210522 0 0 0 0 0 0.0045168116 0 0 0 0.004429991078 0 0 0 0 0 0 0 0 0 0 0 0 0.004327086229 0 0.004507100447 0 0.004342177134 0 0 0 0 0 0 0 0 0 0 0 0 0 0 0 0 0 0.009058203351 0 0 0 0 0 0 0 0 0 0 0 0 0 0 0 0.004215474247 0 0 0 0 0 0 0 0 0 0 0.004369629174 0 0 0 0.004336969673 0 0 0 0.0004431708932 0 0 0.004199811486 0 0 0 0 0.004480489983 0 0 0.00429246228 0 0.004191725801 0.008834187018 0 0 0.0004888482268 0 5.259164385e-07 0.004416796321 0 0.00424317346 0 0 0 0 0 
0 0 0 0 0 0 0 0.004308493891 0 0 0 0 0 0.00438257842 0 0.004420914276 0.0004310747479 0.00451873293 0.004450994404 0 0 0 0 0 0 0 0.004490976651 0 0.00860279173 0.0004009788061 0 0 0 0 0 0 0.004230284261 0 0 0 0 0.004456136159 0 0 0 0 0.00881157834 0 0 0 0 0 0 0 0.004352207295 0 5.580682623e-05 0 0 0 0 0 0 0.004382484863 0 0 0 0 0 0 0 0 0 0 0 0.00427949412 0 0 0 0 0 0 0 0.004423836683 0 0 0.004442509322 0 0 0 0 0 0 0.004201941387 0 0 0 0 0 0 0.005296460064 0 0 0 0 0 0.004236325081 0 0 0 0 0 0 0 0 0 0 0.004281913802 0 0 0 0.008530836109 0 0 0 0.0009789277816 0 0 0 0 0 0 0 0 0 0 0 0.008940141511 0.004308450413 0 0 0 0 0 0.004435684294 0.004284484198 0.004499356143 0 0 0.004494857762 0 0 0.004399802061 0 0 0 0 0 0 0 0 0.00064278694 0 0 0 0 0 0 0 0 0.004348133891 0 0 0 0 0 0 0 0.004472722257 0 0 0 0.004293679395 0.004238418485 0.001156711937 0 0 0 0 0.004487604906 0 0.004269985508 0 0 0 0 0 0 0 0 
0 0 0 0 0 0 0 0.004271327692 0 0 0 0 0 0 0 0 0.0005601136686 0 0 0 0 0 0 0 0.004277391487 0 0 0 0 0 0.004300979215 0 0 0 0 0 0 0 0 0 0 0 0 0 0 0 0 0 0 0 0 0 0 0 0 0 0 0 0 0 0 0 0 0 0.001513533394 0 0 0 0 0 0 0 0 0 0 0 0 0 0 0.004214902646 0 0 0 0 0.004445443456 0 0 0 0 0 0 0 0 0 0 0 0 0.004379516482 0 0 0 0 0 0 0 0 0 0 0 0 0 0 0 0 0 0 0 0.004304552537 0.008705886654 0.008487328458 0 0 0.004479004707 0 0 0 0.0005820166577 0 0 0 0 0 0 0 0 0 0 0.00444416821 0 0 0.004274062772 0.004199303915 0 0.0005389607469 0.004354938908 0 0.008518215551 0 0 0.004428409164 0 0 0 0.004529526108 0 0 0 0 0 0 0 0 0 0 0 0.004439978185 0 0 0 0 0 0 0 0 0 0 0 0 0 0 0 0 0 0 0 0 0 0 0 0 0 0 0 0 0 0 0 0 0 0 
0 0 0 0.00436008316 0.004268973395 0 0.004233471196 0.004396514723 0 0 0 0.001143577591 0.004748271754 0 0 0 0 0.00444574065 0 0 0 0.00868862841 0 0 0 0 0 0 0 0 0.00437901853 0.004369548374 0 0.004425177076 0 0.0043424125 0 0 0.00419485636 0 0 0.004507059449 0 0 0 0 0 0.004507254359 0 0 0 0 0 0 0 0 0 0 0 0 0.004333322509 0 0 0 0.001875305663 0 0 0 0 0 0 0.004528582239 0 0 0 0 0 0 0 0 0 0.004257121681 0.00443878949 0 0 0 0 0 0 0 0.00439967769 0 0 0 0 0 0 0 0 0.004329721669 0 0.0005934446403 0.002786783647 0 0 0 0 0 0 0 0.004218655167 0 0 0 0 0 0 0.004281491159 0 0 0 0 0 0.004258199563 0 0 0 0 0 0 0 0 0 0.004227942881 0 0 0 0 0 0 0 0 0.0006538332269 0 0 0 0.0004507214853 0 0.004309118007 0 0 0 0 0.004219980508 0 0.004193077493 0.004232419407 0 0 0 0 0 0 0 0.00434971681 0 0 0 0.004356810114 0 0 0 0 0 0 0.004317622339 0 0 0 0 0 0 0 0.004467436933 0 0 0 0 0 0 0.004206341574 0.004206679273 0 0 0 0 0 0 0 0 
0 0 0 0 0 0 0.008930933155 0 0 0 0 0 0 0 0 0 0 0 0 0 0 0 0.004282976298 0 0.004337074137 0.004383009128 0 0 0 0 0 0 0.0003824994839 0 0 0.004312294511 0 0 0 0 0 0 0 0.004328598956 0 0.004393181304 0 0 0 0.004462030773 0.008658904874 0 0 0 0 0 0 0 0 0 0 0 0 0 0 0 0 0 0 0 0.004392302793 0 0 0.004405369789 0 0 0.004465147543 0 0 0 0.008855430295 0 0.0009168050743 0 0 0 0 0 0.00876283078 0 0 0 0.005234679577 0 0 0.004365546344 0 0 0 0 0 0 0 0 0 0.002774403238 0 0 0 0 0 0.004234654908 0.004217443505 0 0 0 0 0 0.00428201324 0 0.004348714908 0.0001678469381 0 0 0 0 0 0 0 0 0 0 0 0.004438890378 0 0 0 0 0 0 0 0 0.00449507388 0 0 0 0 0 0 0 0 0 0.0043572429 0 0 0 0 0.004259877126 0 0 0.004243602102 0 0 0 0 0 0 0 0 0 0 0 0.004515337756 0 0 0 0 0 0.004376819704 0 0 0 0.004447868131 0 6.671070729e-05 0.004255157388 0 0 0 0 0.004250375381 0 0.004338426446 0 0 0.004492236909 0 0 0 0 
0 0 0 0 0.00431033364 0 0.0043419568 0.004299431754 0 0 0.004334956668 0.004432279699 0 0 0 0 0 0.001018394832 0.004297257766 0 0 0 0 0 0 0 0 0.004196606562 0 0 0 0 0 0.004255592123 0 0 0 0 0.004461211546 0 0 0 0 0 0 0 0 0.004407095062 0 0 0 0.004252376747 0 0 0 0 0 0 0.004360661739 0.004225663775 0 0 0.004243833943 0 0 0 0 0 0 0 0.004872334058 0 0 0 0 0 0 0 0 0 0.004475458497 0 0 0 0 0 0 6.226534127e-05 0 0 0 0 0 0 0 0.004524590181 0 0 0 0 0 0 0.005457608741 0 0 0.0002494913066 0.004314226045 0 0 0 0 0.004460957446 0.004334602972 0 0.004379960374 0 0 0 0 0 0 0 0 0 0 0 0 0 0 0 0.001729684758 0 0 0 0 0 0 0 0 0 0 0 0.00448574419 0 0 0 0 0 0 0.004363433859 0 0.004485322939 0.004440249424 0 0.004509682753 0 0.000595720024 0 0 0.004467877782 0 0 0 0 0 0 0.004406017187 0.00425307257 0 0.004341521424 0 0 0 0 0.004382207837 0 0 0 0 0 0 0.004194322308 0.004290180453 0 0 0 0 0 0 0 0 0.00427855217 0 0 0 0.004307911798 0 0 0 0 
0 0 0 0.004255284687 0.004377132383 0 0 0 0.004405731582 0 0.004475521524 0 0 0 0.008677324914 0 0 0 0 0 0 0 0 0.004430328914 0 0 0.004480619103 0 0 0 0 0 0.004344647537 0.004376697829 0 0 0.004398246123 0 0 0 0 0.004365756886 0 0 0 0 0 0 0 0 0 0 0 0 0 0 0.001800576566 0 0 0 0 0 0 0 0 0 0 0 0 0 0 0 0 0.004442034754 0 0 0 0.004425050331 0 0 0.008655213942 0.008741604321 0.004416052549 0.004393187678 0 0 0 0.004237483263 0 0 0 0 0.0003690753744 0 0 0 0.000621201918 0 0 0 0 0 0 0 0 0 0 0 0 0 0 0.004319185397 0 0 0 0 0 0 0 0 0.004195509375 0 0 0 0 0 0.00444841727 0.004196137381 0 0 0.004267046688 0 0 0.0005223442487 0 0 0.008668225783 0 0.0002008471808 0 0 0 0 0 0 0.00435039997 0.00433324454 0 0 0 0 0 0 0 0.00427205016 0 0 0 0 0 0 0 0.004456032808 0.004321762083 0 0 0 0 0 0 0.004341465287 0 0 0 0 0 0 0 0 0 0 0 0 0 0 0 0 0 0 0 0 0 0 0.004277818559 0 0 0 0 0 0 
0 0 0 0 0 0.004299070645 0 0 0 0.004288279476 0 0 0 0 0 0.001344239011 0 0 0 0 0 0 0 0 0 0 0.004383137873 0 0.0003352944747 0 0 0 0 0 0 0 0 0 0 0.000722451287 0 0 0 0 0 0 0.004412917597 0 0 0.004373555327 0 0 0 0 0 0 0 0 0.004378586712 0 0.004228669194 0 0.00432891015 0 0.0130082453 0 0 0 0 0 0 0 0 0.004255878205 0 0 0.0003547736465 0 0.001045718085 0 0.004295865175 0 0.004300523202 0.004466435261 0 0.00426798312 0 0 0 0 0 0 0 0 0 0 0.001127807049 0 0 0.004218280317 0 0 0 0.004260149513 0 0 0.004333668477 0 0 0 0 0 0.004288365354 0 0 0.004283341241 0.004510489962 0 0 0 0 0.004393180537 0 0 0 0 0 0 0 0.004314301267 0 0 0 0 0 0 0 0.0005322517738 0 2.517910236e-05 0 0 0 0 0.008835563432 0 0 0.004200807696 0 0 0 0 0 0 0 0 0 0 0 0 0 0 0 0 0 0 0 0.004469176602 0 0 0 0 0 0.004328729452 0 0 0 0.004266637057 0 0 0 0 0.0004982428099 0.004530154224 0.004481007756 0.0009864545263 0 0 0 0 0 0 0 0 0 0 0 0 0 0 
0 0 0 0 0 0 0 0 0.004346683184 0 0 0 0 0 0 0.004270089279 0 0 0 0.0002930033026 0 0 0 0 0 0 0 0 0.004520817691 0 0 0.008568789401 0 0 0 0 0.004510600563 0 0 0 0 0 0.004454777595 0 0 0 0 0 0 0 0 0 0 0 0 0 0.004422503257 0 0 0 0 0 0 0 0 0.008468808783 0 0 0 0 0 0 0 0 0.004400629182 0 0 0 0.004452430794 0 0.004340968397 0 0 0 0 0 0 0 0 0 0 0 0 0 0 0 0.004321737352 0 0 0 0 0 0 0.004495479403 0 0 0 0 0 0.004339533502 0 0 0.004210716435 0.004528902066 0 0 0 0 0 0 0 0 0.004521087414 0 0 0 0 0 0 0.0006918303426 0 0 0 0.004473823149 0 0 0.008771837147 0 0 0 0 0 0 0 0 0 0.004252042672 0.004296519382 0 0 0 0 0 0 0 0.003646565531 0.004334738272 0 0 0 0 0 0 0 0 0 0 0 0 0 0 0 0 0 0 0 0 0 0 0 0 0 0.004329348048 0 0 0 0 0 0 0 0 0 0.004253003708 0 0 0 0.001682388228 0 0 0 
0 0 0 0 0.004232670938 0 0 0.004344736184 0 0.004448658446 0 0 0 0 0 0 0 0 0.00193446408 0 0 0.004289330075 0 0.004386314705 0 0 0 0 0 0 0.008613975818 0 0 0 0 0 0 0 0 0 0 0 0 0.0007733318666 0 0 0 0 0 0 0 0 0 0 0 0 0.004218345193 0 0.004528286009 0 0 0 0.004358891693 0.004264899176 0 0 0 0 0 0 0 0 0 0 0 0 0 0 0 0 0 0 0 0 0 0 0 0 0 0 0.004354287233 0 0 0 0 0 0 0.004337968997 0 0 0.002144193893 0.0007531834723 0 0 0 0 0 0 0.004407309921 0 0 0 0 0 0 0 0 0 0.008850477987 0 0 0 0.004420534432 0 0 0 0 0.0008611951145 0.0042660206 0 0 0 0 0 0 0 0.004256960663 0 0 0.004446010522 0 0 0 0 0 0 0 0 0 0 0 0 0 0 0 0 0 0 0 0.004296991601 0 0 0 0 0 0.008667638604 0 0 0 0 0.004200500154 0 0.004269846146 0 0 0 0 0.004505204162 0 0 0 0 0 0.004378990834 0.004529094493 0.004526677684 0.001303006503 0 0 0 0 0 0 0 0 0.004383950753 0.004206108422 0.0006866485564 0 0 
0 0 0 0.001069369797 0.004412188621 0.004319518025 0 0 0 0.004227308147 0 0 0 0 0.004525386495 0.008653859171 0 0 0 0 0.003767590312 0 0 0 0 0.004453228796 0 0 0 0.004320545409 0 0 0 0 0 0.004294572327 0 0 0 0 0 0 0 0 0.0042966469 0 0 0 0 0 0 0 0 0.004533298998 0 0 0 0 0.004258998765 0 0 0.004277247177 0 0 0 0 0 0 0 0 0.004529595037 0 0.004422716665 0 0 0 0 0 0 0 0 0 0 0 0 0 0 0.004313864256 0 0 0 0 0 0 0.004354309454 0 0 0 0 0 0.004401085026 0 0 0.0005391948691 0 0 0.004221619063 0 0 0 0.00438113526 0 0 0 0 0.00424533387 0 0 0 0 0 0 0.004497487749 0 0 0 0 0 0 0 0 0 0.0009439118444 0.004445117539 0 0 0 0 0 0.004234608788 0 0 0 0 0 0 0 0 0 0.004193908806 0 0.004318663968 0 0.004354481938 0 0 0 0 0 0 0.004445067624 0 0.0003961753104 0 0 0 0 0 0 0 0 0 0.004475299908 0 0.008560350503 0 0 0 0.00429165952 0 0 0 0 0 0.0002591346709 0.008634453935 0 0 0 0 0 0 0 0.004521872758 0 0 0 0.004442934377 0 0 
0 0.004277469861 0 0 0 0 0 0 0 0 0 0.008585729605 0 0.000918332922 0 0 0 0 0 0 0 0 0 0 0 0 0 0 0 0 0 0 0.004209489578 0 0 0.00447381695 0 0 0.004369960861 0 0.004372945434 0 0.004348855686 0 0 0 0 0 0 0.0002627908282 0.004392810618 2.289832674e-05 0 0.004419782261 0 0 0 0 0 0 0 0 0 0 0 0 0 0.004403637328 0 0 0 0 0.0006831130189 0 0 0 0 0 0 0 0 0 0 0 0 0.01304862273 0 0 0 0 0 0 0.00426974661 0 0 0 0.004468378117 0 0 0.004299741179 0 0 0 0 0 0 0 0 0 0 0 0 0 0 0 0 0.004320956567 0 0.004207041052 0 0 0.008591201814 0 0.0042238713 0.001321931546 0 0 0 0.0001105154011 0 0 0 0.0002417888847 0 0 0 0 0 0 0.004227815441 0 0 0 0 0 0 0 0 0 0 0 0 0 0.004526484004 0.004196776441 0.00435068928 0.004330575824 0 0 0 0 0.005201588373 0 0 0 0.004380195974 0 0 0 0.004192945999 0 0 0 0.004499795848 0 0 0 0 0 0.00204001295 0 0 0.004399925269 0 0.00432910362 0 0.004500117195 0 0 0 0.004186946023 0.004465792573 0 0 0 0 0 0 0 0 
0.004277486648 0 0 0 0 0 0 0 0 0 0 0 0 0 0 0.004356018259 0 0 0 0 0 0.004409976883 0 0 0 0 0 0 0.004300209995 0 0 0 0 0.00450168816 0 0 0.001800408532 0 0 0.004348138017 0.004317006587 0 0 0 0 0 0 0 0 0.004496350876 0.004455255497 0 0.001308730655 0 0 0 0 0 0 0 0 0 0 0 0 0 0 0 0 0 0 0 0.004216594413 0.004376290957 0.008544173155 0.008635125125 0.004417140815 0 0 0 0 0 0.01298303366 0 0 0.004255009769 0 0 0 0 0.002175014838 0 0 0 0 0 0 0.001073820617 0 0 0 0.0008712710825 0.004464631732 0 0 0 0 0 0 0 0 0 0 0 0 0 0 0 0 0 0 0 0.004410665067 0 0 0 0 0 0 0 0 0 0 0 0 0 0 0 0 0 0 0 0.004202770924 0 0 0 0 0.002562053844 0.008731770298 0 0 0.004750124793 0 0 0 0.005394014217 0 0 0 0 0.00442726756 0.004343854414 0 0 0 0 0 0 0.004488549172 7.718460934e-05 0 0 0 0 0 0 0.004277505445 0 0 0 0 0 0 0 0 0 0 0 0 0 0 0.004415652358 0 0 0 0 0 0.004429306994 0.004415807872 0 
0 0 0 0 0.004394102808 0 0 0 0 0 0 0 0 0 0 0 0 0 0 0 0 0 0 0 0 0 0 0 0 0 0 0 0 0 0 0 0.001264487276 0 0 0 0 0 0 0 0 0 0 0.004965133794 0 0 0 0 0 0 0 0 0.004522503521 0 0 0 0.0008823453908 0.004285750269 0 0 0 0 0 0 0 0 0 0 0 0 0.003578344582 0 0 0 0 0 0 0 0 0 0 0 0 0 0 0 0 0.004415588528 0 0 0 0 0.0004953092728 0 0.004294340872 0 0 0 0 0 0 0 0 0 0 0 0 0 0 0 0 0 0 0 0 0 0 0 0.004325883478 0 0 1.326584776e-06 0 0 0 0.004421097841 0 0 0 0 0.00444987074 0 0 0.004454864664 0 0 0 0.004481551987 0 0 0 0 0.0007079082656 0 0 0.004327240768 0 0 0 0 0 0 0.004528502885 0 0 0 0 0 0 0 0.00441444548 0 0 0 0 0 0 0.004349338436 0 0 0 0 0 0 0.0043040544 0 0 0 0.004207714243 0 0.001258286009 0 0 0 0 0 0 0 0 0 0 0 0 0 0 0 
0 0 0.00444628276 0.004311010251 0.004212948249 0 0 0 0.004396661923 0.004384583924 0 0 0.008640709809 0 0 0 0 0 0 0 1.101973408e-05 0 0.004312278854 0.0006953159278 0 0 0.004516759642 0.004281829355 0.004359543607 0.004453739003 0 0 0 0 0 0 0 0 0 0 0 0.0006593155999 0 0 0 0 0 0 0 0 0.0001370660362 0 0 0.004281729612 0 0 0 0 0 0 0 0.004245485972 0 0.00424307543 0 0 0.004295537311 0 0.0004538469259 0 0.004256747735 0.004384235225 0.004500310451 0 0 0 0 0 0 0 0 0 0 0 0 0 0 0 0 0 0 0 0.004346816386 0 0 0 0 0 0.004397519706 0 0 0 0.002019116644 0 0 0.004343797288 0 0 0.004503700545 0.004263534171 0 0 0 0 0.004396684228 0 0 0 0 0.004346978061 0 0.0008822943599 0 0 0 0 0 0.008595705813 0.004354833142 0.004456564349 0 0 0 0 0.0006737552053 0 0 0 0 0 0.004419245238 0 0.004473607872 0 0.008774053353 0 0 0 0 0 0 0.004449647289 0 0 0 0 0 0 0 0 0.004252843565 0 0.004238191096 0.0005885149001 0 0.004188031012 0 0 0.004502591071 0 0.0042580266 0 0.004653524385 0.004210653652 0.004205998712 0 0 0 0 0 0.004394465935 0 0.004493496359 0 0 0 0.004404557169 0 0 0.004526721374 0 0 0 0.004301298298 0.00449562247 0 0 0 0 0 
0 0 0 0 0 0 0.005379928544 0 0 0 0 0 0 0 0 0.0006132481251 0.004213717537 0 0.004314061815 0 0 0 0.004387117354 0 0.004206617007 0 0 0 0 0 0 0 0 0 0 0 0 0 0 0 0 0.0005762950573 0 0 0 0.004328654478 0 0 0 0 3.645772755e-05 0 0.0001813061288 0 0 0 0 0 0 0 0 0.004345044691 0.009025961197 0 0.004426621588 0 0.00449758907 0 0 0 0 0 0 0 0 0 0 0 0 0 0 0 0 0 0 0 0 0.004433929123 0.004414979244 0 0.004381621508 0 0 0 0 0 0 0 0 0 0.00426699038 0 0 0 0 0 0 0 0 0 0 0 0 0.004269080853 0.004220337547 0 0 0 0 0 0 0 0 0 0 0 0 0 0 0 0.004263779791 0 0.004388314119 0 0.004463306678 0 0 0 0.001329925643 0 0.004245916853 0 0.0006425861205 0 0 0 0 0 0 0.004207066026 0 0 0 0 0 0 0 0 0 0 0 0.004511457853 0 0 0 0 0.0001221286272 0 0.004292686235 0 0 0 0 0 0.004673857859 0 0 0 0 0 0 0.004491701464 0 0 0 0 0 0 0 0 0 0 0 0.00451100969 0 0 0 0.008845056171 0 0 
0 0.004692131635 0 0 0 0 0 0 0 0 0 0 0 0 0 0 0 0 0 0 0 0 0 0.0002198845215 0 0 7.821354877e-05 0.0004594181596 0 0 0 0 0 0 0 0.004500483034 0 0 0 0 0 0 0.008861794324 0 0 0 0 0.00429331475 0 0 0 0 0 0 0 0 0 0 0 0 0 0.0004558953752 0 0 0 0 0 0 0 0 0 0 0 0.004494292303 0 0 0 0 0 0 0 0 0 0.004404500944 0 0.004442037236 0 0 0 0 0 0 0 0 0.004292534216 0 0 0 0 0 0 0 0 0 0 0 0 0 0 0 0 0.004504810006 0 0 0 0 0 0.004331752598 0.004421817718 0 0.004440577844 0 0.004416784141 0 0 0 0 0 0 0 0.0001298736855 0 0 0 0.008749587607 0 0 0.004509990769 0 0 0 0 0 0 0 0.004220829038 0 0 0.0007458797686 0.004296459181 0 0.004404844767 0 0 0 0.004284439105 0 0 0.004223696947 0 0 0 1.655535354e-05 0 0 0.008736990675 0 0 0 0 0 0 0 0 0 0.004395495119 0 0 0 0 0 0 0 0 0 0 0 0 0.004189343347 0 0 0 0.004213285148 0 0 0 0 0 0.004631033768 0 
0 0 0 0.004328307597 0 0 0 0 0 0.004244383032 0 0 0 0 0 0.004377416254 0 0 0 0 0 0 0 0 0 0 0 0 0 0.00150775923 0.004455230865 0 0.004351645783 0 0 0.004516882419 0.004233899263 0 0 0 0 0 0 0 0 0 0 0 0 0 0 0 0 0 0 0.004249151777 0.004533245274 0 0 0 0.004220183907 0 0 0 0 0 0.0007313230816 0 0 0 0 0.004366168078 0 0 0 0 0 0 0 0 0 0 0 0 0 0 0 0 0 0 0.004509676245 0 0 8.957353939e-05 0 0 0 0 0 0 0 0 0 0 0 0 0 0 0 0 0 0 0 0 0.004360647695 0 0.0005459749802 0 0 0.004337386123 0 0 0 0 0 0 0 0 0 0.004210430021 0 0 0 0.0005330656004 0 0.004213136837 0 0.004333140227 0.004561596961 0 0 0 0 0 0 0 0 0 0 0.00425024959 0 0 0 0.004439430928 0.004251673582 0 0.004338904047 0 0 0 0 0.003331357513 0 0 0 0.0007444978384 0 0 0 0 0 0 0 0 0.004480001986 0 0.004335555292 0 0 0.00443727613 0 0 0 0.004436634489 0 0 0 0 0 0 0 0 0 0 0 0 0 0 9.675644645e-05 0 
0 0 0 0 0.004303004378 0 0 0 0 8.993410265e-05 0 0 0.004287899443 0 0 0.0006847046213 0 0.009005249304 0 0 0 0.0005782376776 0.004500324106 0 0.0006455736772 0 0 0 0 0 0 0 0 0 0 0 0 0.004321397849 0 0 0 0 0 0.008663591951 0 0 0 0 0 0 0 0 0 0 0 0 0 0 0 0 0 0 0 0 0 0 0.004200978483 0 0.004393921359 0 0 0.008832102772 0.004420438519 0 0.0005829002741 0 0 0 0.004270073245 0 0 0 0 0 0.004301682968 0.002405438887 0.0003495872748 0 1.887890336e-06 0 0.004260367473 0 0.004502774478 0 0 0 0 0 0 0 0 0 0 0 0 0 0 0 0 0 0 0 0 0 0 0 0 0 0.004197381897 0.004248776306 0 0 0 0 0 0 0 0 0.0004068137045 0 0.00419698525 0 0 0 0 0 0 0 0.004363816275 0.004342517046 0 0 0 0 0 0 0 0 0 0 0.0002213762885 0 0 0 0 0 0.004341600276 0 0.004461086573 0 0 0 0 0.004525626475 0.004531190626 0.00425500512 0 0.00431031856 0 0 0 0.0005393066148 0 0 0 0 0.0001344283879 0.004514329572 0 0 0 0 0.004217921553 0 0 0 0 0 0 0 0.0004748095925 0 0.004500712175 0 0 0 0 0 0 0 
0 0 0 0 0.004302378394 0 0 0.0006054735226 0 0.004376356574 0 0.004455234407 0 0.00428430935 0 0 0 0.00426456002 0 0 0 0 0.004373922739 0.0008872806152 0 0 0 0.004258896237 0 0 0 0 0 0 0 0 0 0.004483291743 0.0006362755771 0 0 0.004209506969 0 0.001544421268 0 0 0 0.004479035391 0 0 0 0 0 0 0 0 0.004291401447 0 0 0 0 0 0 0 0.004475596392 0 0.004259197905 0 0 0 0 0 0 0 0 0 0 0 0 0 0 0 0.004250270742 0 0 0 0 0.004373030371 0.008701485587 0 0 0 0 0 0 0 0 0 0 0 0 0.004479741069 0.004453388615 0 0 0 0 0.004286535356 0 0 0 0 0 0.004452147995 0 0 0 0 0 0.004496759515 0 0 0 0 0 0.0003808603291 0 0 0.004301531407 0 0.004346760149 0.00424939372 0 0 0.004562893585 0 0 0 0 0 0 0.000440210988 0.004245689494 0 0 0 0 0 0 0 0 0 0 0 0 0 0.004447755025 0 0 0 0 0 0 0 0 0 0.004394309826 0 0 0 0 0 0 0 0 0.004759872404 0 0 0 0 0 0 0 0 0 0 0.008776043167 0.004809938736 0 0 0.004497964307 0 0 0 0.004431595927 0 0 0 0 0 
0 0 0.004519169438 0 0 0 0 0 0 0.004360993448 0 0 0 0 0 0 0 0.001557865776 0.005492827198 0.004365188669 0 0 0 0 0 0 0 0 0 0 0.004324034835 0 0 0 0.0004849928946 0 0 0 0 0.00425203508 0 0 0 0.004278809852 0 0.004271176433 0.008850778331 0 0 0 0 0 0 0 0 0 0.004217656483 0 0.004376499586 0 0 0 0 0 0 0 0 0 0.002449143381 0 0 0 0 0.004327446219 0 0 0 0.003745326396 0 0 0 0.004400975965 0 0 0 0 0.004342392889 0.0001510775486 0 0 0 0 0 0 0.008809263765 0 0 0 0 0.004371660078 0 0 0 0 0.001157572226 0 0 0 0 0 0.005288755611 0 0 0 0 0.004438381166 0.0004795951044 0 0 0 0.004363016363 0 0.00443180481 0 0 0 0 0 0.004218568025 0 0.004295875149 0 0 0 0 0 0 0.004307541152 0 0 0.004281747603 0 0 0.004447420009 0.008653439417 0 0 0.004278294854 0.004389895502 0 0 0 0 0 0 0.002844860951 0 0 0 0 0 0.0001955806115 0.004308763891 0.00420508219 0 0 0 0 0 0 0 0 0 0 0 0 0 0 0.0004000313077 0 0 0 0 0 0 0 0 0 0 0 0 0 0 0 0.008765448381 0 0.0003753977071 0 0.002180763572 0 
0 0 0 0 0 0.004520442309 0.004530031959 0.004392615494 0.004198733896 0 0 0 0 0.004343869098 0 0 0 0 0 0 0 0 0 0.004224165084 0 0 0 0.004214170709 0 0.0041999292 0.004491123364 0.004497523412 0.004530178615 0 0 0 0 0.004267156833 0 0 0 0 0.004201693451 0.004327508466 0 0 0 0 0 0.004197266018 0 0 0 0 0 0 0.004380800474 0 0 0.002113555389 0 0 0 0 0 0 0 0 0 0 0 0.004427178886 0 0 0 0 0 0 0.00436229831 0.004375115319 0.0044429427 0 0 0 0 0 0 0 0 0 0 0 0 0 0 0 0 0.0006754095807 0.004388161082 0 0 0.004295347489 0 0 0 0.00898822122 0 0 0 0 0 0 0 0 0 0.001075755803 0 0 0 0 0 0 0 0 0 0 0 0 0 0 0 0 0 0 0.004215581654 0 0 0.00451376981 0 0.004346006633 0 0 0 1.818235083e-05 0 0 0 0 0 0 0 0 0 0 0.004394266566 0 0 0 0.004488673347 0 0 0 0.004217709324 0 0 0 0.004276456064 0 0 0 0 0 0 0 0 0 0 0.004186740975 0.00440332184 0 0 0 0 0 0 0 0.004256871986 0 0 0 0 0.004338068362 0 0 0 0 0 0.002298797691 0 0 
0 0 0 0 0 0.004523899794 0.004426721704 0.004241316682 0 0 0 0 0.004410557089 0 0.004462772089 0.0002236734751 0 0 0 0 0 0 0 0 0.004396152581 0 0 0 0 0 0 0 0 0.008889997936 0 0 0.0003027496991 0 0 0 0 0 0 0 0 0.004353088585 0 0 0.004485898503 0 0 0 0.004465215136 0 0 0 0 0 0 0 0 0 0 0 0 0 0.001032577651 0 0 0 0 0 0.004503938515 0 0 0 0.004260967445 0 0 0 0 0 0 0 0.004339532538 0 0 0 0 0 0 0 0 0 0 0 0 0 0 0 0 0 0.004524171378 0 0 0 0 0 0 0 0 0 0 0 0 0 0 0 0.008463683605 0 0 0 0 0 0 0 0 0 0 0 0 0 0 0 0 0 0.004511817585 0 0 0 0 0.004346827852 0 0.004439839473 0 0.00109484401 0 0.004308832728 0 0 0.005662306642 0 0.0001425534136 0 0 0 0.004427293274 0 0 0 0.004466646254 0 0 0 0 0 0 0 0.004462210823 0 0 0 0 0 0 0 0 0.001093185346 0 0 0 0 0 0.004290122192 0.004494257602 0 0 0 0 0 0 0 0 0 0 0 0 0 0.004223568304 0 
0 0 0 0 0 0 0 0 0.004270624705 0 0 0 0 0 0 0.001047989278 0 0 0 0 0 0 0 0 0 0 0 0 0 0.004229185104 0 0 0 0 0 0 0 0 0 0 0 0.00424942581 0 0 0.004411216863 0 0 0 0 0 0 0 0 0 0 0.004297412808 0 0 0 0.00440184172 0 0.004339585232 0 0 0 0 0 0 0 0.005046508358 0 0 0.001300478066 0 0 0 0.004234046132 0 0.001075169837 0.004352306768 0 0 0 0 0.00425811788 0 8.844638338e-05 0 0.0006139587714 0 0 0.00443349385 0 0 0 0 0 0 0.004285214876 0.004353012988 0 0 0 0 0.004393842755 0.004366910357 0 0 0 0 0 0.004435502569 0 0 0 0 0 0 0 0 0 0 0 0.0008385710567 0 0 0 0 0.004481277309 0 0 0 0 0 0 0 0 0 0 0 0 0 0 0.004437349318 0 0.004431125904 0 0 0 0 0 0 0.00436156329 0 0 0 0 0.004493357798 0 0 0 0 0.009110861921 0.003287434448 0.001067369137 0 0 0 0.004338578086 0 0 0 0 0 0 0 0 0 0 0 0 0 0.00448299508 0 0.004239021621 0.000830438573 0 0 0 0 0 0 0 0.004491816972 0 0.004687009225 0 0 0 0 
0.008586705816 0 0.005044873191 0 0 0.004264022129 0 0 0 0 0 0 0 0.004478280064 0 0 0 0 0.001884663892 0 0 0 0 0 0 0 0 0 0 0 0 0 0 0.006042551186 0 6.716138183e-05 0 0.004209869411 0 0 0 0 0 0 0 0 0.004245401963 0 0 0 0 0 0 0.004319664463 0 0.004380554919 0 0 0 0 0 0 0 0 0 0 0 0 0 0 0 0 0 0 0 0 0 0 0 0 0 0.004596651807 0 0 0.004378737775 0 0 0 0.004345861347 0 0.004498570259 0 0 0 0 0 0 0 0.004418333215 0 0 0 0 0.0003027537073 0 0 0 0 0 0.004374509029 0 0 0 0 0 0 0.008651998162 0 0 0 0 0 0.00445701513 0 0 0 0 0 0 0 0 0.00532740496 0.0004672910369 0 0.004270921516 0 0 0 0 0 0 0 0.0008909349946 0 0.004514989544 0 0.004481188179 0 0 0 0 0 0 0 0 0 0 0 0 0 0 0 0 0 0 0 0 0 0 0.004233420114 0 0 0 0 0 0 0 0.004231472542 0 0 0 0 0 0 0.004235289559 0 0.004338315552 0 0.002377277479 0 0 0 0 0 0.004529976059 0 0 0 0 0 
0 0.004432287272 0 0 0 0 0 0 0 0 0.0005365574209 0 0 0.004405647779 0 0 0 0 0 0 0 0.0004762274728 0 0 0 0.00440327849 0 0 0 0 0 0 0 0 0 0 0.008665881035 0 0.00443087664 0 0 0 0 0 0 0.004315543041 0 0 0.004530076922 0.004517503829 0.004241007437 0.001051473878 0.008839952924 0.0004206641811 0 0 0 0 0 0 6.478200636e-08 0 0 0 0 0 0 0.004319703511 0 0.004371017731 0 0 0 0 0 0 0 0 0 0 0 0 0 0 0 0 0 0 0 0 0 0 0 0 0 0 0.004301822982 0.004504598606 0 0 0 0.004233530972 0 0 0.008687632968 0 0 0 0 0 0 0.008666253039 0 0 0.004413444909 0 0 0 0 0 0 0 0 0 0 0.0005026580907 0.004214186781 0 0 0 0 0 0 0.004340712547 0 0 0 0 0 0.004585842287 0.004494567018 0 0 0 0 0 0.00439756567 0 0 0 0 0 0 0.001078273442 0 0 0 0 0.004188940639 0.004221580122 0 0.008805427791 0 0 0.004254756708 0 0 0 0 0 0.004249982604 0 0 0 0 0 0 0 0 0 0 0 0 0 0 0.0007246730847 0 0 0 0 0 0 0 0 0.0008102102213 0 0 0 0 0.004305382199 
0 0 0 0 0 0 0 0 0 0 0 0 0.004279250347 0 0 0.004453697739 0 0 0 0 0 0.004425388217 0 0.0043042127 0 8.752473463e-05 0 0 0 0 0 0 0 0 0 0 0 0 0 0 0 0 0 0 0.004259315199 0 0 0 0 0 0 0.008551206436 0 0 0.004297569561 0.004457492465 0 0 0 0.004374427445 0 0 0 0 0.008762330618 0 0 0 0 0 0.004365882074 0 0 0 0 0 0 0 0 0 0 0 0.004232400561 0 0 0.004318951317 0.004483913218 0 0 0 0 0.004365564891 0 0 0 0 0 0 0 0 0.004512775216 0 0.004390521921 0 0.001015457383 0 0 0.004293627722 0 0 0.008764716018 0.004453598722 0 0 0 0.004497633878 0 0 0 0 0 0 0 0.004308022062 0 0 0 0 0.004320183635 0.0002359359516 0.0004089046397 0 0 0 0 0 0.004357292901 0.004467719902 0 0 0 0 0 0 0 0 0 0 0 0 0 0 0 0.008692501953 0 0 0 0 0 0.004378420004 0 0 0 0.001084115882 0 0.004246000054 0 0 0 0 0 0.004307633936 0 0 0 0 0 0 0 0.004334087443 0 0 0 0 0 0.0006706236428 0 0 0.004293075109 0 0 0.004532942087 0 0 0 0 0 0 0 0 
0 0 0.004358114513 0 0.000230687705 0 0.004494013347 0 0 0 0 0.004482841268 0 0 0 0 0 0 0 0 0 0 0 0.004227602693 0 0 0 0.004486085957 0.008991467165 0.004362601773 0 0 0 0.0005471473691 0 0 0.004347005629 0.004500192564 0 0 0 0 0 0 0 0.004479091324 0 0 0 0 0 0 0.004338229885 0 0.004501669853 0 0 0 0 0 0 0 0.004417225856 0 0 3.385816581e-05 0 0 0 0.0003332906945 0 0 0 0 0 0 0.004377815446 0 0 0 0 0 0 0 0.0002269913809 0 0.004522777255 0 0 0 0 0.004431905599 0 0 0 0 0 0 0 0 0.004371830544 0.004419596322 0 0.00438850722 0 0 0.00427505963 0 0 0 0.0001713528876 0 0 0 0 0 0 0 0.0004278913344 0 0.004267889086 0 0 0.004196070961 0 0.00453183485 0 0.004309238383 0 0 0 0 0 0 0 0 0 0 0 0 0 0 0.004378849718 0.004432447959 0.004299174103 0 0 0 0 0 0 0.001381878425 0 0 0.008579808814 0 0 0 0 0 0 0 0 0 0 0 0 0 0.004505611202 0 0 0 0 0 0 0 0 0 0 0 0.004352177163 0.004487236758 0 0 0 0.004388228649 0.00428638658 0 0.004474363605 0.004519310652 0 0 0 0 0 0 0.004312419824 5.218091665e-06 0 0 
0.004487921074 0.001571354907 0 0 0 0 0 0 0 0 0 0 0 0 0 0 0 0 0 0 0 0 0 0 0 0 0 0 0 0 0.004527299225 0 0 0.004655961672 0 0.004463555984 0 0 0 0.00419700164 0 0 0 0 0 0 0 0.001195247837 0.0003245538293 0 0.004520860113 0.000208199357 0 0 0 0 0 0 0 0 0 8.552474764e-05 0 0 0 0 0 0 0 0 0.0002984789126 0 0 0 0 0 0.007761727329 0 0 0.004413986861 0 0 0 0 0 0.004410099523 0 0 0 0 0 0 0 0 0 0 0 2.861211146e-05 0 0 0 0 0 0.004483884532 0 0 0 0 0.004516550236 0.008886935657 0 0 0 0 0 0.004214617854 0.0004025741136 0 0 0 0 0 0.002050959307 0 0.004309705163 0 0 0 0 0.004345445629 0 0.004406281496 0 0 0.004233884099 0 0 0 0 0 0 0 0 0 0.004232459267 0 0 0 0 0 0 0 0 0 0 6.147457581e-05 0 0 0 0.004333181926 0 0 0 0 0 0 0.004506031322 0 0 0 0.004419174221 0.004324880389 0 0 0 0 0 0 0 0 0 0.004269752022 0 0 0 0 0 0 0 0 0 0 0.008784364432 0 0.00434897903 0 0 0 0.0009216092016 0 
0 0 0 0 0 0 0 0 0 0 0 0 0 0 0 0.0003426801404 0 0.004202758911 0 0 0 0.004445660179 0 0 0 0 0.004241786522 0 0 0 0 0 0 0 0 0 0.004513073823 0 0 0 0 0 0 0 0.008686681518 0 0 0 0.00442831336 0 0 0 0 0 0 0 0 0 0 0.004250557442 0.004319766453 0 0.01292299847 0 0.004201234018 0 0 1.199787532e-07 0 0.004449896387 0 0 0 0.004276109807 0 0 0 0 0 0 0 0 0 0 0.00442039374 0 0 0 0 0.004364715596 0 0 0 0 0 0 0 0 0 0.004341547991 0 0 0 0 0 0.004431922948 0 0 0 0 0 0 0 0 0.004280353439 0 0 0.004427544965 0 0 0 0 0 0 0 0 0 0 0 0 0 0 0 0.008912592699 0 0.00450476982 0 0 0 0 0 0.004477009613 0 0 0 0.004371215611 0 0 0 0.00435995653 0.004482894932 0 0 0 0.0008600603577 0.00427263363 0 0 0 0 0 0 0 1.443642006e-05 0 0 0 0 0 0 0 0 0 0 0 0 0 0 0 0 0 0 0 0 0.004694564573 0.004356130414 0 0 0 0.001365533014 0 0.000230604007 0 0 0 0 0 0 0 0.008642664315 
0 0 0.0005650826724 0 0 0 0 0 0 0 4.812741246e-05 0 0 0 0 0 0 0.004319304443 0 0 0 0 0.004291498544 0 0 0.004415225566 0.00452006715 0 0 0 0 0.004446073602 0 0 0 0 0 0 0 0 0 0 0 0 0 0 0 0 0 0 0 0 0 0 0 0.004493308236 0 0 0.004255640351 0 0.004256632217 0 0.000309260798 0 0.004368320135 0 0 0 0.004203163435 0 0 0 0 0 0.004317079073 0 0 0 0 0 0 0 0 0 0 0 0 0 0 0 0 0 0 0 0 0.004267923756 0 0 0 0 0 0 0 0 0 0 0 0 0 0 0.004382629015 0 0 0 0 0 0 0.0007820685579 0 0 0 0 0 0.0003001761866 0 0 0 0 0.0004640746677 0.001103515371 0 0 0 0 0 0 0 0 0 0 0 0 0 0 0 0 0 0 0 0 0 0 0 0 0.004244273319 0 0.004389640853 0 0 0 0 0.004361242409 0 0.00446003183 0 0 0 0 0.004220699167 0 0.004484576552 0 0 0 0 0 0 0 0 0 0 0.004528270394 0 0 0 0 0 0.000434381856 0 0 0 0 0 0.000110535686 0 0 0 0 0 0 
0 0.000764433115 0 0 0 0 0 0 0 0.004350564552 0.00423128886 0 0.004256231317 0 0 0.001039986722 0.00452181181 0 0 0 0 0 0 0 0 0.004363526123 0.004449243056 0.004257013707 0 2.908794806e-05 0 0 0.0002248057705 0.004217049299 0.004509393953 0 0 0 0 0 0 0 0 0 0 0 0 0 0 0 0 0.00858177578 0.004308246757 0 0 0 0 0 0 0 0 0 0.004520027827 0 0.00423169566 0 0.004279855826 0 0 0 0.008967896275 0 0 0 0 0 0 0.004378809013 0 0 0 0 0 0.004274722596 0.004315446646 0 0 0 0 0 0 0 0 0 0 0 0 0.004240764314 0.004435908437 0 0.004358765582 0.004509849012 0 0.001693161675 0 0.004452349643 0 0.004381599728 0 0 0 0 0 0 0 0 0 6.158186125e-05 0 0 0 0 0 0 0 0 0 0 0 0.004462653617 0 0 0.004282533395 0 0 0 0 0.004368516831 0 0 0 0.0003264439089 0 0 0.004274318243 0.004465871804 0 0 0 0 0 0 0 0 0.004402011871 0 0.004216855631 0 0 0 0 0 0 0 0 0 0 0 0 0 0.004484620652 0 0 0 0 0 0 0 0.004347400361 0 0 0.004277348771 0 0 0 0 0 0 0 0 0 0 0 0.00435052853 0.004261644157 0 0.004274002917 0 0 0 
0.0001982735057 0 0.004476359004 0 0 0.004307386086 0 0 0 0.004360275386 0 0 0 0.004279589392 0 0 0.004253765565 0 0 0 0 0 0 0 0 0 0 0.004460418542 0 0 0 0.004263875399 0 0 0.00155632758 0 0 0 0 0.004370703312 0 0.0042701793 0.004475752432 0.004264190547 0.004789664998 0 0 0 0.004213805132 0 0.00427901881 0 0 0.004390108116 0 0.0001941903131 0 0.004439534415 0.004350313556 0 0.004333645589 0 0 0 0 0 0 0 0.004475539259 0 0.004496177821 0 0 0.004215853673 0 0 0 0 0 0 0 0 0 0 0 2.301650358e-05 0.004445448064 0.008832450289 0 0.004464792837 0 0 0 0 0 0 0 0 0 0 0 0 0 0 0 0.00422426801 0 0 0.004484509968 0 0.008725995444 0 0 0 0 0 0.004526268831 0 0 0 0 0 0 0 0 0 0 0 0 0.004226717746 0 0 0 0 0 0 0 0 0 0.00431568752 0 0 0 0 0.004504326906 0 0 0.004454202804 0.004498950499 0 0 0 0.004332884346 0 0 0.0005577287258 0.004335777238 0.000293429076 0 0 0 0 0 0 0 0 0.004484291042 0 0 0 0 0 0 0 0 0.004308014439 0 0 0 0.0045205182 0 0.004372431411 0 0 0 0 0 0 0 0 0 0 0 0 0.004333923481 0 0 0 0 0 
0 0 0 0 0 0 0 0 0 0 0 0 0 0.004497838756 0 0.004505182673 0 0 0 0 0 0 0 0 0 0 0 0 0 0 0 0 0 0 0 0.004495486121 0 0 0 0 0 0.004466821749 0 0.004195876274 0 0 0 0 0 0 0 0 0 0.004393248913 0 0.004979572734 0 0 0 0 0 0 0 0 0 0 0 0 0.00421500726 0.004459471604 0 0 0 0 0 4.993058676e-05 0 0 0 0 0 0.004255006397 6.525159685e-05 0.004220631414 0 0 0 0 0.008760720066 0 0 0 0.004227432678 0 0.004377171628 0 0 0.004368721126 0 0 0 0.004377428054 0 0.004380380887 0 0 0 0 0 0 0.0006755143556 0 0 0 0 0 0 0 0 0 0 0 0.004226784777 0.0001532465629 0 0 0 0 0 0 0 0 0.008609787704 0 0 0 0.004482974953 0 0.004318109536 0 0 0.004480588365 0 0.004232720626 0 0 0.004235861832 0 0.004489263478 0 0 0.004270459204 0 0 0 0.004240139353 0 0 1.554690198e-05 0 0 0 0 0.004265883153 0 0 0.004453804673 0 0 0.004310987258 0 0 0 0 0.0007467559118 0.0005512554096 0 0 0 0 0 0 0 0 0 0 0 0.00420254083 0 0 0 0 0 0.004485992281 0 0 0 0 0 0 
0 0 0 0.004459817863 0 0 0 0 0 0 0 0 0.004363782731 0 0 0.0001789669924 0 0 0 0 0 0.00421733446 0 0 0 0 0 0.004462962903 0.004377308567 0 8.311346443e-05 0 0 0.00441901811 0 0 0 0.004248740347 0 0 0 0 0 0 0 0.004455221962 0 0 0 0 0.004370217172 0 0.004481441072 0 0 0 0 0 0 0 0 0 0 0.004413464509 0 0.004351836942 0.008654419813 0 0 0 0 0 0 0 0 0 0 0.004361391678 0 0.004286031573 0 0 0.000140209685 0 0 0 0.004414269654 0 0 0.008754581517 0 0 0 0 0 0 0.004519282478 0 0 0 0 0.004436776961 0.004417024968 0 0 0.004239201075 0 0 0 0.004377142108 0 0 0 0 0 0.00433292997 0.004345998585 0.004401151158 0 0.0008146670682 0 0 0.004425899462 0.004393806214 0 0.008455446069 0 0.004392966853 0 0.004494293369 0 0 0 0.000401905076 0 0 0 0 0 0 0 0 0 0 0.0004359413918 0 0 0 0 0.00442631609 0 0 0 9.97291737e-05 0 0.004284929545 0 0 0 0 0 0 0.004386000692 0 0 0.004360313681 0 0 0 0 0 0 0.0007309384526 0 0.004449957958 0 0 0 0 0 0 0.004312289326 0 0 0 0 0 0.0001045669065 0 0 0 0 0 0 0 0 0 0 0 0 
0.00448509486 0 0 0.004315850312 0 0 0 0.004517824166 0 0 0 0 0 0 0 0 0 0 0 0 0 0 0 0 0 0 0 0 0 0 0 0.004490336252 0 0 0 0 0 0 0.004384970771 0 0 0 0.004300802798 0 0 0.004397307844 0 0 0.00441107079 0.004218627467 0.0008196411352 0.0042544457 0 0 0 0 0 0 0 0 0 0.004388224993 0 0.004522420597 0 0 0.0004083142333 0 0 0 0 0 0 0.004292704175 0 0 0.004372637281 0 0 0 0 0 0.004506925381 0 0.004337514532 0 0 0.0009186955459 0 0.000841517707 0 0 0 0 0 0 0 0 0 0 0 0 0.004528594449 0.00422175167 0 0 0 0 0 0.005109239052 0.00537943117 0 0 0 0 0 0 0 0 0 0.002177614405 0 0 0 0.0005375811029 0 0 0 0 0 0 0 0 0 0 0.0005121188726 0 0 0 0 0 0 0 0 0.004523837527 0.0005383125063 0 0 0 0.00449346626 0 0 0 0 0 0.0002505091755 0 0.004203637001 0 0.004293831264 0 0 0 0 0 0 0.004257280316 0 0.004325831774 0 0 0 0.0045207059 0 0 0.0003055648591 0 0 0.004261874398 0 0 0 0 0 0 0 0.004368223299 0.0004501940734 0.008463612444 0 0 0 0 0.0006027764608 0 0 0 0 0 0 
0 0 0.003331488614 0 0 0 0 0 0 0 0 0 0 0.004273821712 0 0 0 0 0.004259748327 0 0 0 0 0 0 0 0 0 0 0.008703088136 0 0 0.004258255959 0 0 0 0 0 0 0 0 0 0 0 0.008866240803 0 0 0 0 0 0 0 0.004222626192 0 0 0 0 0 0 0.00423999594 0.004406649246 0 0 0 0 0 0 0 0.004340976457 0 0 0.001153651271 0 0.004517150191 0.004230276568 0 0 0 0 0 0 0 0 0 0 0.004274096187 0 0 0 0 0 0.004262884101 0 0 0 0 0 0 0 0 0 0 0 0 0 0.004196327375 0 0 0 0 0 0.004468625514 0 0 0.004510788983 0 0.004429463472 0 0.004315179717 0 0 0 0 0 0 0 0 0 0.004441202264 0 0.004363578329 0 0 0 0 0 0 0 0 0 0 0 0 0 0 0 0 0 0 0 0 0 0.00163827404 0 0 0 0 0.004290302757 0 0.004480935481 0 0 0 0 0 0 0 0 0 0 0 0 0 0.004348711851 0 0 1.373997147e-05 0.004526596441 0.004390717712 0.004525047981 0.004274723539 0 0 0 0 0 0 0.00426087929 0 0 0 0 0 0 0 0 0 0.004517858636 0 0.00867633756 
0 0 0 0 0 0 0 0 0 0.004420569384 0 0 0.0001236189539 0.004388877348 0 0 0 0.004479876177 0 0.004431013078 0 0 0 0 0 0 0 0 0 0.004285264642 0 0 0 0 0.004252280071 0 0 0 9.76627391e-05 0.000838287592 0 0 0 0 0 0 0 0.004471997021 0 0 0 0 0 0 0 0 0 0 0 0.004489735453 0 0 0 0 0.004481605941 0.004366842807 0 0.004307857284 0 0 0 0 0 0 0 0 0 0 0 0 0 0.004280782718 0 0.0002049091157 0.004212470933 0 0 0.004509979551 0 0 0 0 0 0 0 0 0 0 0 0 0.0009401070889 0 0 0 0 0 0 0 0 0 0 0 0 0 0 0 0.0009309190333 0 0 0.004264159327 0 0 0 0 0 0 0 0 0.004303146515 0 0 0 0 0 0 0 0 0 0 0 0 0 0 0 0 0 0 0 0 0 0.004525421771 0 0 0 0 0 0 0 0 0.004431625913 0 0 0 0 0.004262455141 0 1.631530671e-07 0 0 0 0 0 0 0.0001881698579 0 0 0.004413306811 0.004343404688 0.004413835983 0 0 0 0.004343181959 0 0 0 0 0 0 0.0003561480785 0 0 0 0 0.004471360757 0 0 0 0 0 
0 0 0.004254399058 0 0 0 0.004452090709 0 0 0.004226091378 0 0.00429286825 0 0 0 0 0.0006098743331 0 0 0 0 0.00443241105 0.002353198933 0.00438895364 0 0.004233256636 0.004527700024 0.004212835672 0 0 0 0.004482630778 0 0 0 0.004254824565 0.005192654274 0.0003279544258 0.0007164989168 0 0 0 0 0 0 0 0 0 0 0.001134742175 0 0 0 0 0.00431710299 0.004204134316 0 0 0 0 0.001306600583 0 0 0 0 0 0 0 0 0 0.004408169824 0.004193564104 0.001308265667 0 0.004408728185 0.008518003555 0 0 0 0 0 0.004206121787 0 0 0 0 0 0 0.004307640706 0.00421611607 0 0 0 0 0 0.004335368333 0.004492670462 0 0.008855970368 0.004203126369 0 0 0 0 0 0 0 0 0 0.004207157585 0 0 0 0 0 0 0.004273594371 0 0 0 0.004251176093 0 0 0 0 0 0 0 0 0.0006822046438 0 0 0 0.004499332415 0 0 0 0 0 0 0 0 0.004245652789 0 0 0 0 0 0 0 0 0 0 0 0 0 0 0.004488140488 0 0.004192053472 0 0 0 0 0 0 0.004304089138 0.004290194475 0 0 0.00594871125 0 0 2.826801089e-07 0 0 0 0 0 0.004410261537 0 0 0 0 0 1.485931336e-05 0.004239281875 0 0 0 0 0 0 0 0 0 0 0 0.004456653148 0 
0 0 0 0 0 0 0 0 0 0 0 0 0 0 0.004454928976 0 0 0 0.004507590774 0 4.129585815e-05 0 0 0 0 0 0 0 0 0 0 0 0 0 0 0 0 0.0008240100483 0 0 0 0 0 0 0 0 0 0 0.0007760894309 0 0.002124728672 0 0 0 0 0.004213094449 0.004365914402 0 0.004339727102 0 0 0 0 0 0 0 0 0 0 0 0 0 0 0.004532673426 0 0 0.004463986662 0 0 0 0 0.004296159829 0 0 0.00442016346 0 0.004326907563 0 0 0.004398147151 0 0 0 0 0.008556376347 0 0 0.004386075438 0 0 0.004343819854 0.004368619591 0 0 0.00445698481 0 0 0 0.008903693174 0 0 0.004511875074 0 0.0007901656801 0 0 0.0005307708822 0 0 0 0 0.004325499708 0 0 0 0 0 0.004236009514 5.812802761e-05 0.004385099926 0 0 0.001706574985 0 0 0 0.004348475319 0 0 0 0 0 0 0 0 0 0.004414152754 0.004485895294 0 0 0 0 0 0.00440536552 0.005023552237 0.00435229277 0 0 0.004205465881 0 0.004521860656 0 0 0 0 0 0 0 0 0 0 0 0 0 0 0.004381464808 0 0.004426237772 0.008423719073 0 0 0.004383037349 0.004302665159 0 0.004190602594 0 0 0 0 0 0 0 0 0 0 0 0 0 0 0 
0 0 0 0 0 0 0 0 0 0 0 0 0 0.004205588221 0 0.004530214024 0 0 0.004340144158 0 0 0 0 0 0 0 0 0.004261477259 0 0 0 0 0.004255143778 0 0 0 0 0 0 0 0 0 0 0 0 0 0.00442673951 0 0 0 0 0 0.004508318752 0.004281813125 0.004410187572 0 0 0.004208512024 0 0 0 0 0 0 0 0 0.008655510197 0 0 0 0 0 0 0 0 0.004516892383 0.004461804283 0.002954425363 0 0 0 0 0 0 0 0 0 0 0 0 0 0 0.004332349465 0.0005148026797 0.004306999906 0 0 0 0.004345836119 0 0 0 0 0.00433098372 0 0 0 0 0 0.0008571141454 0 0.004383037378 0 0.004313917622 0 0 0 0 0 0 0 0 0 0 0 0 0.004390216095 0 0 0 0 0 0.004451050374 0 0 0 0 0 0 0 0 0 0 0.004521064077 0 0 0 0 0 0 0 0 0 0.0005795305769 0.004266093249 0.004438315239 0 0 0.004291604176 0 0 0 0 0 0 0 0 0.004414885391 0 0 0 0 0 0 0 0 0 0 0 0 0.004410391871 0 0 0 0 0 0 0 0 0 0 0.004497332696 0 0.0004090055055 0 0 0 0 0 0.004281385758 
0 0 0.001673729496 0 0 0 0 0 0 0 0.004253004375 0 0 0 0 0 0 0 0.004223571358 0 0 0 0 0 0 0 0 0 0 0 0 0 0 0 0 0 0.004449616334 0 0 0 0 0 0 0 0 0 0 0 0 0 0 0 0 0 0 0 0 0 0 0 0 0 0 0 0 0 0 0 0.004316488978 0 0 0 0 0 0 0.004322930511 0 0.001154298047 0.004421901671 0.004467077997 0 0 0 0 0 0 0 0 0 0 0 0 0 0 0 0 0 0 0 0 0.004525990887 0 0 0 0 0 0 0.004455225287 0.004509198512 0 0 0.001509838997 0 0 0 0 0.004413778546 0 0 0.004388970697 0 0 0 0.00420759951 0 0 0 0.004436936251 0 0 0 0 0 0 0.004301266759 0 0 0.008663042983 0 0 0 0 0 0 0 9.436953181e-05 0 0 0 0 0 0 0.0042315973 0 0 0 0 0 0 0 0.004361667295 0 0 0 0 0 0.0007680843054 0 0 0 0 0.004389780504 0 0 0 0 0 0 0 0.004463009781 0 0 0 0 0 0 0 0 0.0003615832029 0 0 0.004481814976 0 0 0 0 0 0 0 0 
0 0 0 0 0.004492295119 0 0 0 0 0.004266147316 0.004328522625 0 0 0 0 0.004488107766 0 0 0.001008497909 0 0.004399341331 0.004339720545 0 0.004278288148 0 0 0 0 0.004411007713 0.004294223203 0 0 0 0.008800431597 0 0 0 0.004298641027 0 0 0 0 0 0 0 0 0 0.004317734885 0 0 0 0 0.001022100113 0 0 0.004351619898 0 0 0 0 0 0 0 0 0 0 0 0.004376549544 0 0 0.004338429544 0 0 0 0 0 0 0 0 0 0 0 0 0 0 0 0 0.004290825158 0 0 0.004264467602 0 0 0 0 0 0.004287747093 0 0.004241898199 0 0.004226347815 0 0 0 0 0 0 0 0 0 0 0.004528190743 0 0 0 0 0 0 0 0 0 0 0 0 0 0 0 0 0 0.004265998234 0 0 0.004516767461 0 0 0 0.004319437647 0 0 0 0 0 0 0 0.004356547939 0 0 0 0 0 0 0 0 0 0 0.004215239412 0 0 0 0 0 0 0 0 0 0 0 0 0 0.00441775881 0 0 0 0 0 0.004530837568 0 0 0.004526251297 0 0.004256222815 0 0 0.004257984965 0.004416472667 0.0007323733229 0 0 0 0 0 0 0 0 0 0 0 0 0 0 
0 0 0 0 0 0 0 0.004230928558 0 0 0 0.00452468715 0 0 0 0 0 0 0 0 0 0.004284478991 0 0 0 0 0 0 0 0 0 0 0 0.00859461001 0 0.000749172008 0 0 0 0 0.004355569554 0 0.004262443363 0.004396313963 0 0.004519599852 0 0 0 0 0 0 0 0 0 0.0003558408989 0 0.004298254696 0 0 0.004330797036 0 0 0 0 0 0 0 0 0.004575338879 0 0 0 0 0 0 0 0 0.0005642401996 0 0 0.004437731315 0 0 0 0 0.004272507749 0 0.004365232846 0.004271676311 0 0 0 0 0 0 0 0.00433565415 0.004431739661 0 0 0 0 0 0 0.004335821885 0.01320760653 0 0.004360770196 0 0 0 0.0006609320939 0 0 0 0 0 0 0 0 0 0 0.0003442321638 0 0 0 0 0 0 0.004367788919 0.00420289881 0 0 0.004253626324 0 0 9.462434054e-05 0 0 0 0 0 0 0 0 0 0.004363903708 0 0 0 0 0.00448690597 0 0 0 0 0.004304275751 0 0 0 0 0.004197118588 0 0 0 0.004276716296 0.0003958830424 0 0 0 0 0 0 0 0 0 0 0 0.004250444009 0 0 0.004279456601 0 0 0 0.00438400905 0 0 0 0 0 0 0.004486980776 0 0 0 0 0 0 
0 0 0 0 0 0.008680430248 0 0 0 0.004271561683 0 0 0.004221797602 0 0.004246875569 0.004383545232 0 0 0 0 0 0 0 0 0 0 0.004260658104 0 0.004256980917 0.004274448865 0.004470269712 0 0 0.001526820252 0 0.004414998937 0 0 0 0.004438772562 0 0 0 0 0 0 0 0 0 0 0 0 0 0 0 0 0 0 0 0 0 0.004362981504 0 0 0 0 0.008695119428 0 0 0 0 0 0.004238270551 0 0 0.004418033555 0 0 0 0 0 0 0 0.004531388363 0 0 0 0.004319966861 0 0 0 0 0 0.00426159522 0 0 0 0 0 0 0 0.004471975335 0 0 0.004488263064 0 0 0 0.00425278632 0 0 0 0.0008947700647 0 0 0 0 0 0.008481946466 0.004245931199 0 0 0 0 0 0 0 0 0.004314158289 0 0 0 0 0 0.008805131621 0 0 0 0 0 0 0 0 0 0 0 0 0 0.0042359762 0 0 0 0.004450384524 0.004195014964 0 0 0 0 0 0 0 0 0 0 0 0.004418387026 0.004418512599 0 0 0.004397246061 0 0.0001679285403 0 0 0 0 0 0 0 0 0 0 0 0 0 0 0 0 0.0042870491 0 0 0 0.00440448272 0 0 0 0 0 0.004231822316 0.004503605485 
0.0003837818667 0.004485843531 0.004223883959 0 0 0 0 0 0.004456888579 0 0.0042119482 0 8.190583403e-05 0 0 0 0 0 0 0 0 0.004474003618 0 0.001078281604 0 0 0 0 0 0 0 0 0 0 0 0 0 0.004328867994 0 0.008921099853 0.004304624773 0 0 0 0 0 0 0 0.001515178463 0 0 0 0 0 0.004425968816 0 0 0 0 0.004375028878 0 0 0 0 0 0.004309124571 0 0.004352224109 0 0 0 0 0 0 0 0 0 0 0 0 0 0 0 2.383242278e-05 0 0 0 0 0 0 0 0.004335128065 0 0 0 0 0 0 0 0 0 0 0 0 0 0 0 0 0 0 0 0.004454245393 0 0 0 0 0 0 0.004295706377 0 0.004241126133 0.004532428081 0 0.004299795689 0 0 0 0 0 0 0 0 0 0.004270247288 0.004490975462 0 0 0 0 0 0.008661498385 0 0 0.004463099554 0 0 0 0 0 0.008830997401 0 0 0 0 0 0 0 0 0 0 0 0 0 0 0 0 0.004451327529 0 0 0 0 0 0 0.004360890449 0 0 0 0 0 0 0 0 0 0 0 0 0 0.00435185765 0 0 0 0 0 0.008809447962 0 0 0 0.004427151472 0 0 
0 0 0 0 0 0 0 0 0 0 0 0 0 0 0 0 0 0 0 0 0.004503626962 0 0 0.00443348581 0 0 0 0 0 0 0 0 0 0 0 0 0.0002066426761 0 0.004444271509 0 0 0 0 0.00439639039 0 0 0 0 0 0 0 0 0 0 0.004383368095 0 0 0 0 0 0 0 0 0 0 0.004239180575 0 0 0 0 0 0 0 0.004206859836 0 0 0 0 0 0 0 0 0 0 0 0 0.004211649304 0 0 0 0 0 8.825873841e-05 0 0 0 0.004377601288 0 0 0 0 0 0 0 0 0.00440270098 0 0.004246865027 0.004368687225 0 0 0 0 0 0 0 0 0 0 0 0 0 0.000534557048 0.004206063173 0 0 0 0 0 0 0 0 0.009217670369 0 0 0 0 0 0 0 0 0 0 0 0 0 0.004503889206 0 0 0 0 0 0 0 0 0.004478935821 0.008866280535 0.008587416275 0.008682980467 0 0 0 0 0 0.004727201466 0 0 0 0 0 0 0 0 0 0 0.0006199608452 0 0 0 0 0.004384369214 0 0 0 0 0 0 0 0 0.00426649475 0 0 0.0003946620789 0 0 0 0 0 0 0.008728251525 
0.004200541342 0 0 0 0 0 0 0 0 0 0.004356800211 0 0 0 0 0 0 0 0 0 0 0 0 0 0 0 0 0 0 0 0.00434685909 0 0 0 0 0 0 0 0 8.744921776e-07 0 0 0 0 0 0 0.004455276637 0 0 0.004221051438 0 0 0 0 0.004354967841 0 0 0 0 0 0 0.004323083829 0 0 0.004306566856 0 0.004256460861 0.004456828404 0 0 0 0 0 0 0 0 0 0.01292339021 0 0 0 0 0 0 0.004404867774 0 0 0 0 0 0 0 0.004457738136 0 0 0 0 0 0 0 0 0 0 0 0 0 0 0.0009883869882 0 0 0 0.00423929093 0 0 0 0 0.004492793815 0 0 0 0 0 0 0 0.004439539552 0.004236505221 0 0.004211393045 0 0.004521823246 0 0 0 0 0 0 0 0.004515226371 0 0.004249097511 0 0 0.004412368371 0 0 0 0 0 0 0 0 0 0 0.004351905345 0 0 0 0 0 0 0 0 0.004402584692 0 0.004530893528 0 0 0 0 0 0 0 0 0 0.004196451068 0 0.004282668021 0 0 0 0 0 0.001396438642 0.004507491458 0 0 0 0 0 0 0 0 0 0 0 0 0 0 0 0 
0 0 0 0.004226862503 0.004437798565 0 0 0 0 0 0.004416767887 0.0043530411 0.004253611061 0 0.0007098653531 0.004322956184 0 0 0.004229725288 0 0 0 0 0 0 0 0.004424088633 0 0 0 0 0 0 0 0 0 0 0 0 0 0.00451190867 0 0 0 0 0 0 0 0 0 0.0043708964 0 0.004236986058 0 0 0 0 0.008672310383 0 0 0 0.004437869575 0.004318182901 0 0 0 0 0 0 0 0 0 0 0 0 0.004426150275 0 0 0 0 0.004370495423 0.004413470784 0 0 0 0.004268218492 0 0.0005652594164 0 0 0 0 0 0 0 0 0.0003516718406 0.00436720791 0 0 0.001360997786 0 0.001005206504 0 0 0 0 0 0 0 0 0 0 0 0.008952523918 0 0 0 0 0 0.004387822595 0 0 0 0 0 0 0 0 0.004501969926 0.004506838842 0 0 0 0.004344870689 0 0 0 0 0 0.004339340341 0 0 0.004388536952 0 0.00420878631 0 0.004251601507 0 0 0 0 0 0 0 0 0.004271098398 0 0 0 0.004287946918 0 0 0 0 0 0 0.004200627952 0 0 0.0007508939705 0 0.004189072947 0.008683436894 0 0 0 0 0 0 0 0 0 0 0 0 0 0.00447433003 0 0 0.004382995205 0.00236014694 0 0 0 0 0 0 0 0.008812162506 
0 0 0 0 0 0 0 0 0 0 0 0 0.004317252133 0 0 0.004530253019 0 0 0.004258423914 0 0 0 0 0 0 0 0.004491231623 0 0 0 0 0 0 0 0.004456598453 0 0 0 0 0.0009863818643 0.004485779947 0 0.00431546105 0 0.00437346576 0.004481653913 0 0 0 0 0 0 0 0 0 0 0.004474097808 0 0 0 0 0 0 0 0 0 0 0.004220528258 0 0 0 0 0 0.004275665119 0.0005577828403 0.004388356087 0 0 0 0 7.070728587e-06 0 0 0 0 0 0 0 0 0 0 0 0 0 0 0 0 0 0 0 0 0 0 0 0 0 0 0 0.004301350572 0 0 0 0 0 0 0.004476822366 0 0 0 0 0.008691886614 0 0 0.004387285387 0 0 0 0 0 0 0.0006837817855 0.004664313186 0 0 0 0 0.004512682538 0 0.004423968077 0 0.004237756735 0 0 0 0 0.004347629157 0 0 0 0 0.004514094624 0 0.004265064183 0 0 0 0.004280580468 0 0 0 0 0 9.850335074e-05 0 0 0 0.004412194131 0 0 0 0 0.004289731964 0.004504226732 0 0.004244415473 0 0 0.00448556068 0 0 0 0 0 0 0.0002152003672 0 0 0.004443810372 0 0 0 0 0 0 0.00428219935 0.001109092177 0 0 0 0 
0 0 0 0 0 0 0 0 0 0.0050088832 0.004241431083 0 0 0 0 0.0002920560967 0.008723249077 0.004517298176 0 0 0 0 0 0 0 0 0 0 0 0 0 0 0.00420171867 0.004243399154 0 0 0 0 0 0 0 0.0008860182168 0.005088937791 0 0 0 0.004241886826 0.004502892767 0 0 0 0 0.0001233456222 0 0 0 0 0 0 0 0 0.004370294593 0.004506924956 0 0 0 0 0 0 0.004503418538 0 5.054182854e-05 0.004486724689 0.004249755363 0 0 0 0 0 0 0.004385498929 0.004386260449 0 0 0 0 0 0.004359571597 0 0 0.00447131654 0 0 0 0 0 0.004349954556 0 0 0 0 0.004263733338 0 0 0 0 0 0 0 0.004466119759 0 0.004402930903 0 0 0 0 0 0 0 0.004259439865 0.004284756674 0.004525795915 0 0.004450915192 0.004496746578 0 0 0.008645320806 0 0 0 0 0 0 0 0 0 0 0.004409550103 0 0 0 0 0 0 0 0 0.004345082504 0 0 0 0 0 0.004271290283 0 0 0 0 0 0 0.004423748093 0 0 0 0 0.004369286561 0 0 0 0 0.00445255843 0.0003158604086 0 0 0 0 0.004328414981 0 0.004267927703 0 0 0 0 0 0 0 0 0.004507370513 0 0 0.004340178792 0 0.00452219083 0 0.004324590034 0.004517462815 0 0 0 0 
0 0 0 0 0.0002869328445 0.004293875584 0.004287074295 0 0.005047122207 0 0 0 0 0 0 0 0.004220804736 0 0 0 0 0 0 0 0.004463156037 0 0 0 0 0 0 0 0 0 0 0 0 0.0001936649209 0 0 0 0.00428080862 0 0 0.004254026393 0 0 0 0 0 0 0 0 0 0 0 0 0 0 0 0 0 0.004490719902 0 0 0.004302555909 0 0 0 0 0 0 0 0 0 0 0.004493008497 0 0 0 0 0 0 0 0 0 0 0 0 0 0 0 0 0 0.00419833531 0 0 0.004477738129 0.004374593849 0 0.004220510536 0 0 0 0 0.004320300942 0 0 0 0 0 0 0 0 0 0 0 0.004487815947 0 0 0.0006259167534 0.008823004259 0 0 0 0 0.007308763246 0.00437737454 0 0 0 0 0 0 0 0 0 0 0.004387439704 0 0.004216786548 0.004461206916 0.004257581208 0 0 0 0 0 0 0 0.004353478261 0 0 0 0.003409348926 0 0 0 0.002654508399 0 0 0.004496231656 0 0.004279638828 0 0 0 0 0 0 0.004275600531 0 0 0.004432392438 0 0 0 0 0 0.0003043886029 0.004410880011 0 0 0 0 0 0 0 0 0 0 0 0 0.004215852395 0 0 0.008591291445 0 0.0006272140653 0 
0 0 0 0 0 0 0 0 0 0 0 0 0.004940428442 0 0 0.004223698178 0 0 0 0 0 0 0 0 0 0 0 0 0 0 0 0 0 0 0 0 0 0 0 0 0.008754840169 0 0 0 0 0 0 0 0 0 0.0008821179812 0 0.00444024154 0 0 0.008541366284 0.004438342055 0 0 0 0 0 0 0 0 0.004281683074 0 0 0 0 0 0 0 0 0 0 0.004394638184 0 0 0 0.004266935561 0 0.0005002382703 0 0 0 0 0 0 0.004501256819 0 0.004239203884 0 0 0 0 0.0004256766474 0 0 0 0 0 0 0 0.008476886344 0 0 0 0 0 0 0 0 0 0 0 0 0.001735517733 0 0 0 0.00435096768 0.004281663114 0.004268117211 0 0 0 0 0 0 0 0 0 0 0.004202724833 0 0 0 0 0 0 0 0 0 0 0 0 0 0.004406011973 0.004222605604 0 0 0.004326097315 0 0 0.00425814389 0 0 0 0.004495789889 0.004277164557 0 0.004284784776 0.00431186477 0 0 0.004476323151 0.004457003127 0 0 0.004323777542 0 0 0 0 0 0 0.004212160487 0.004202143335 0 0 0.004524038792 0 0.00418865197 0 0 0 0 0 0.005003403225 0 0 0 0 0 0 0 0 0 0.004188513547 
0 0.0001905033066 0 0 0 0 0 0 0 0 0 0 0.008517941472 0 0.0005335791678 0 0 0 0 0.004268468722 0 0 0 0.00432704655 0 0 0 0.004291172789 0.004501014672 0 0 0 0 0 0 0.00438996527 0 0 0 0 0.004400012491 0 0.008704060831 0 0 0 0 0 0 0.004504027169 0.004321599181 0 0 0.004420847805 0 0 0 0 0 0 0.008975452315 0 0 0 0.004502906815 0 0 0 0.001415967161 0 0 0 0 0 0 0 0 0 0 0 0.004356674338 0 0 0 0 0 0 0.004511790073 0 0 0.004433060294 0 0 0 0 0 0 0.004349136071 0 0 0 2.123287504e-05 0 0 0 0 0 0.00437159556 0 0 0 0.004433861731 0 0 0 0 0.004415979151 0 0 0.004529453769 0 0 0.004437711599 0 0 0 0 0 0 0.004487512608 0 0 0 0.004444724656 0 0 0 0.005024878618 0 0 0 0 0 0 0 0.004207580269 0 0.005461170964 0 0 0.004201711337 0 0 0 0 0 0.000161727405 0 0 0.01287596872 0 0 0 0 0 0 0 0.00426650219 0 0.00512453309 0 0 0 0 0 0 0 0 0 0 0 0.004488509412 0 0 0 0 0 0 0 0.004217636495 0.004208056273 0.004333241795 0 0.004444725062 0 0 0 0 0 0 
0 0.004209234195 0 0 0 0 0 0 0 0 0 0.004390252188 0 0 0 0.0002979397251 0 0 0 0 0 0.004442788234 0 0 0.004215414835 0 0 0 0 0 0 0 0 0 0.0042591581 0 0 0 0 0 0 0 0 0 0 0 0 0.0007005565967 0 0.004293815264 0 0 0 0 0 0 0 0 0.002438209432 0 0.001145016369 0 0 0 0 0 0.004263926235 0 0 0.004332365471 0 0.008784117611 0 0 0 0 0 0.008095864526 0 0 0 0 0 0 0.004285038269 0 0 0 0 0 0.008764061556 0.004364608136 0.004286384795 0.004274641698 0 0.000556487289 0 0.0001772223479 0 0 0 0 0.004443254042 0 0 0 0 0 0 0.004362135329 0 0 0 0 0.0007472031177 0 0 0 0 0 0 0 0 0 0.004527071852 0 0 0 0 0 0.004194401719 0 0 0 0 0 0 0 0 0 0.0005788270834 0 0 0 0 0 0 0 0 0 0 0 0 0 0 0 0 0 0 0.004273657984 0 0 0 0 0.001211160965 0 0 0 0 0.004395438009 0 0 0 0 0.004425695756 0 0 0.004397963207 0 0.002735565893 0 0 0.000421711954 0 0 0 0 0 0.004366380483 0 0 0.0002633641086 0 0.0001735240702 0.004494821376 0 0.004333792084 0 0 0 
0 0 0 0 0 0 0 0 0 0 0.00017492376 0 0 0 0 0 0 0 0 0 0 0 0 0 0 0.004395386756 0 0 0 0 0.004426445162 0 0.004217329732 0 0 0 0 0 0 0.004462775993 0 0 0.0002612821567 0 0.004247287894 0 0 0 0 0 0 0.004497710501 0 0 0.00429906677 0 0 0 0 0 0 0 0.004431543013 0 0 0 0 0 0 0 0.001120856207 0 0 0 0 0 0.004412865048 0 0 0 0 0 0 0 0 0 0 0 0 0 0.0007274045878 0 0 0 0.004355273999 0 0 0 0 0 0 0 0 0 0 0.004264628257 0.004223719063 0.004415229622 0 0 0 0 0 0 0 0 0 0 0 0.004508974032 0 0 0 0 0 0.005300748783 0.004229295407 0 0 0 0.004370531962 0 0 0 0 0 0 0.0001136233494 0.0001454510537 0 0 0 0.004525779212 0 0 0 0 0 0 0 0 0 0 0.001275531058 0.004253729129 0 0 0.004356342561 0 0 0 0 0.0005179067874 0 0 0.0044713204 0 0 0 0 0 0 0 0 0 0.004367112837 0 0.004244846392 0 0 0.008762000331 0 0 0 0 0 0 0 0 0.004224692761 0 0 0 0 0 0 0 0 0.001760684806 0 
0 0 0.004326080512 0.008476744722 0.004253427202 0 0.004299886937 0.004454444362 0 0 0 0 0.004429813752 0 0 0 0.004504553262 0 0 0 0 0 0 0.004410907211 0 0 0.0005608362787 0 0 0 0.004305284999 0.004249490382 0 0 0 0 0 0 0 0 0 0 0 0 0 0 0 0 0.008652717848 0 0 0 0.004250878377 0 0 0 0.008649170302 0 0 0 0 0 0.0007092997874 0.004270685989 0 0 0.00451151089 0 0 0 0 0 0 0 0 3.797599195e-05 0 0 0 0 0 0 0.004631710095 0.0043571067 0 0 0 0 0.00436512265 0.0002678937688 0.004296616325 0 0 0 0 0 0 0.00447104391 0 0 0 0.004314765037 0 0 0 0 0 0 0 0 0 0 0.00420546136 0 0 0 0.008831946296 0 0 0 0 0 0 0.004471319609 0 0.004413780104 0.004271773112 0.0002002817069 0 0 0 0 0 0 0 0 0 0.004444981066 0 0 0 0 0 0 0.004284383852 0.004223322321 0 0 0 0 0 0 0.00447071658 0 0 0 0 0 0 0 0 0 0 0 0 0 0.008720966684 0 0 0.004486020463 0 0.004214704556 0 0 0 0.004491210953 0 0 0 0 0 0 0 0 0 0 0.00426156815 0 0 0 0 0 0.004394007706 0 0.004502000693 0 0 0 0 0.004292172762 
0 0 0 0 0 0 0 0 0 0 0 0 0 0 0 0 0 0.008616765463 0 0 0 0 0 0.002838604862 0 0 0 0 0 0 0.004418535523 0 0 0 0 0 0 0 0 0 0 0 0 0 0 0 0 0 0 0 0 0 0 0.004450842807 0 0 0 0 0 0 0 0 0 0 0 0 0 0 0 0 3.860923269e-06 0.008715765169 0 0 0.004342271461 0 0 0.004356822918 0 0 0 0 0 0 0 0 0 0 0 0 0 0 0.004436511173 0 0 0 0 0 0 0 0.0008838126033 0 0 0 0.004405609087 0.004222014432 0 0 0.004507322113 0 0 0.004199543587 0 0 0 0 0.0042534731 0.004205719691 0 0 0 0 0 0 0 0 0 0.008689176593 0.002737678497 0 0 0 0.004478013534 0 0 0.004211819178 0 0 0.004283529867 0.001003146683 0 0.004314236173 0 0 0.004411289831 0 0 0 0 0 0 0 0 0 0 0 0.004365498507 0.004330786531 0 0.004245807406 0 0 0.004214395811 0 0.004475194325 0 0 0 0 0 0 0 0.0001248856461 0 0 0 0 0.004278186755 0 0 0 0 0 0 0 0 0 0.008724309971 0 0.004508525809 0.004386892285 0 0 0 0 0 0 0.004328044349 0 0 
0 0 0 0 0 0 0.004226302273 0 0 0 0 0 0 0 0 0 0 0 0 0 0 0 0.004361588134 0 0 0 0 0 0 0 0 0 0 0 0 0 0.004527464725 0 0.004455766841 0 0.0001294853842 0 0.008769066502 0 0 0.008935733798 0 0 0.0001555679646 0 0 0 0 0 0.004232444591 0 0 0.0006153276025 0.004277811362 0 0 0.004372751606 0 0 0.00431659635 0 0 0 0 0 0 0 0 0 0 0 0 0 0 0 0 0 0 0 0.004395403744 0 0.004232452547 0.002177239278 0 0 0 0.004439112972 0 0 0 0 0 0 0 0 0 0 0 0 0.0006255208553 0.004884481554 0.003100669905 0 0.004441599768 0 0.004201481936 0 0 0 0 0 0.0002365155719 0 0 0 0 0 0 0.008759892692 0 0 0.004265584121 0 0 0 0 0 0 0 0 0 0 0 0.004250127336 0 0 0.004445909731 0 0 0 0 0 0.004458198855 0 0 0.004324602916 0 0 0 0 0 0 0.004367123099 0 0 0 0 0 0 0 0 0 0 0 0 0 0.004375127272 0 0.008959070233 0 0 0 0 0 0 0 0 0 0 0 0 0 0 0.004401239223 0 0 0 0 0.004308738579 0 0 0 0 0 0 
0.004391945864 0 0 0 0 0 0 0 0 0 0 0 0 0 0 0 0 0 0 0 0 0 0 0 0 0 0 0 0 0 0 0.0006124439793 0 0 0 0 0 0 0.004473556914 0 0 0 0 0.00445969677 0.004408151547 0 0 0 0 0 0 0 0.004405013822 0 0.008722618092 0 0 0.004124886804 0.0001406441866 0 0.004206785999 0 0 0 0 0 0 0 0 0 0 0 0 0 0 0 0.004435037087 0 0 0 0 0 0 0.004310017918 0 0 0 0 0 0 0 0 0.004280719589 0 0 0 0 0.00420724504 0 0 0 0.004304194082 0.001556031732 0 0 0 0 0.001102057315 0 0.008607870171 0.004434474997 0.004383148792 0.004244028114 0 0 0 0 0 0.004462967454 0 0 0.004215689986 0 0 0 1.719175731e-05 0 0 0 0.004519449262 0.004209715159 0 0 0 0 0 0 0 0 0 0.004258672543 0 0 0 0 0.004268147835 0 0 0 0 0 0 0 0 0 0 0 0 0 0 0 0 0 0 0 0.004435699693 0 0 0 0 0 0 0.004494284661 0 0 0 0 0 0 0 0 0 0 0 0 0.004448106366 0 0 0 0 0 0 0.004486155567 0 0 0 0 0 0 0.004445858445 
0 0 0 0 0 0 0 0 0 0 0 0.004205337904 0 0 0 0 0 0.004299177306 0.008722433675 0 0 0 0 0.004488339009 0 0 0 0 0.004520017112 0 0 0.000658621394 0 0 0 0 0 0 0 0 0 0 0 0 0 0 0 0 0.008714833878 0 0 0 0 0 0.0003017670802 0 0.004508053997 0 0 0 0 0 0 0 0 0.004431407359 0 0.004453511068 0 0 0 0 0 0 0 0 0 0.004451359261 0 0 0.008545524806 0 0 0.008957568901 0.00869984222 0 0.008744152195 0.004281116454 0 0 0 0 0 0.004502074121 0.002057712612 0.004516550172 0 0.004480910905 0 0 0 0 0.004461316133 0 0 0 0 0 0 0 0.004459790263 0 0 0.004250462207 0 0 0 0 0 0 0 0 0 0 0 0 0 0 0 0 0.008867321453 0.004308334996 0 0 0 0 0.0007133327402 0 0.004343943316 0.004386105316 0 0 0 0 0.0008030182833 0 0 0 0.004352974096 0.001416858733 0 0 0 0 0.0001019272346 0.004371590752 0 0 0 0.00422866998 0 0 0 0 0 0 0 0.004280970713 0 0 0 0 0 0 0 0 0 0 0 0 0.002581503016 0 0 0 0 0 0.008594273362 0 0 0 0 0.004511426175 0 0 0 0 0 0 0 0 
0 0 0 0 0.001340817238 0 0.00424209678 0 0 0 0 0 0 0 0 0 0 0 0 0 0 0 0 0 0 0 0.001086921499 0 0 0 0 0 0 0 0 0 0 0 0 0 0 0 0 0 0 0 0 0.0001168675666 0.008821890566 0 0.004352080719 0 0 0.004441041147 0 0.0005690360864 0 0 0 0.004289168379 0 0 0 0 0 0 0 0.004234611281 0 0 0 0.0005342301153 0 0 0.004228963137 0 0 0 0 0 0 0 0 0 0.004204900622 0 0 0 0 0 0 0 0 0 0 0 0.004533113871 0 0 0 0 0 0 0 0 0 0 0 0 0 0 0.0043565176 0 0 0 0 0 0 0 0 0 0 0.004412446004 0 0.004195871909 0 0 0.001076559256 0 0 0 0 0 0 0 0.008708621271 0 0 0.004437729691 0 0 0.004477901265 0 0.004347097059 0 0 0 0 0 0 0.008714179957 0.00445506884 0 0 7.554435769e-05 0 0 0 0 0 0 0.004278180571 0 0 0 0 0 0 0 0 0 0 0 0.004216554417 0 0 0 0 0 0 0 0.0001546427382 0 0 0 0 0.004322932475 0 0 0 0.008869591841 0 0 0 0 0 0 0 0 0 
0 0 0 0 0 0.004335323755 0 0 0 0 0 0.004310071292 0 0.004450337838 0 0 0.0006404471779 0 0 0 0.005553967282 0 0 0 0.004233041794 0 0 0.0004654883685 0 0 0 0 0 0.008655869017 0 0 0.0009164553967 0 0 0 0 0 0 0 0 0 0 0.004372202102 0.004259891264 0 0 0 0 0 0 0 0 0 0 0 0 0 0 0 0.00440863268 0.008703075745 0 0 0.004417463647 0 0 0 0 0 0 0 0 0 0.004412056916 0 0 0.004239004876 0 0 0 0.008720118299 0 0.004497629115 0 0 0 0 0 0 0 0 0.004391824346 0 0.004389499436 0.004291669535 0 0 0.008891563765 0 0 0.004406188583 0 0 0 0 0 0 0 0 0 0 0 0 0 0.004491828848 0 0 0 0 0 0 0 0 0 0.004314398873 0.00444121211 0 0 0 0.0005091280616 0 0 0 0 0 0 0 0 0 0 0 0 0.004485119755 0 0 0 0 0 0 0 0 0 0 0.004284821986 0 0 0 0.005249112769 0 0 0 0 0 0 0 0 0 0 0 0 0 0 0 0 0 0 0.004075537044 0.0007374421146 0 0 0 0 0 0 0 0.004479370335 0 0 0.0007980855117 0 0.001556609623 0 0 0.004470712556 0 
0 0 0 0 0 0 0 0.004491954003 0 0 0 0 0 0.004214515104 0 0 0 0 0 0 0 0.004266878692 0 0.004525288327 0 0 0 0 0 0 0 0 0.004379597201 0 0 0 0 0 0 0 0 0.0007843925795 0 0 0 0 0 0.004378629909 0 0 0 0 0 0 0 0 0 0 0.004442856616 0 0 0 0 0 0.004324608786 0.004508428826 0 0 0.004411581237 0.004503534088 0 0 0 0 0 0 0 0 0 0 0 0 0 0 0 0 0 0 0 0 0 0 0 0.0009955768129 0 0.0007293737185 0.004255682018 0 0 0.004503706581 0 0 0.004699225111 0 0 0.004362088743 0 0 0.004193116927 0 0 0 0.001021599853 0 0 0 0 0.004204422492 0.004288572725 0 0 0 0 0 0 0 0 0 0 0 0 0 0.004209394531 0 0 0 0 0 0 0 0 0 0 0 0.004259814602 0.004221820947 0 0 0 0 0 0 0 0 0 0 0 0 0 0 0 0 0 0 0 0 0 0 0 0 0 4.213914182e-05 0 0.004316759748 0 0 0 0 0 0 0 0.004334828635 0 0 0 0 0 0 0 0 0 0 0 0 0 0 0 0 0 0.004468912117 
0 0 0 0 0 0 0 0 0.004409379115 0 0 0 0 0 0 0 0 0.004351141968 0 0 0 0 0.004362105048 0 0 0 0 0 0 0 0 0 0 0 0 0 0 0 0 0 0 0 0 0 0.008687422989 0 0 0 0 0 0.004230429314 0.001714890035 0 0.004327319794 0 0.0042907478 0 0 0 0 0.004500901994 0 0 0 0 0 0 0.004292454515 0 0.004300035939 0 0 0 0 0.0006734021756 0 0 0 0 0.00442011227 0 0 0 0 0 0 0 0 0 0 0 0 0 0 0.004497870795 0 0 0 0 0.0044484663 0 0.004288913782 0.0004460168188 0 0 0 0 0.004238001896 0 0 0 0 0.0005418647887 0 0 0 0 0 0.004447723704 0 0.004659805033 0 0 5.317409174e-05 0 0 0 0 0 0.004437541253 0 0 0 0 0 0 0 0.00439012004 0 0 0 0 0 0 0 0 0 0.004489110413 0 0 0 0 0 0 0 0 0 0 0 0 0.004331677077 0 0 0 0 0.004383838249 0 0 0 0 0 0 0 0 0 0 0 0 0.004243526806 0 0 0 0 0 0 0 0 0 0.004442952363 0 0 0.004461383473 0 0 0 0.004316363646 0.00427156316 0 0 0.00438471363 
0 0.004353617752 0 9.958858408e-05 0 0 0 0.004241299723 0 0 0.004231807556 0 0 0 0 0 0.00437678938 0 0 0 0 0.004254544285 0 0 0 0 0 0 0 0.004512852124 0 0 0 0.004200903242 0 0 0 0 0 0.004334166181 0 0 0 0.004290997115 0 0 0.004275491292 0 0 0.004511326307 0 7.985028279e-05 0.004523418713 0.004395935431 0 0 0 0 0 0 0.004353969534 0 0 0 0 0 0 0.0003790855255 0 0 0 0 0 0.004454859016 0 0.004405133385 0 0 0.004417612981 0.004211446729 0 0.004224501929 0 0.004329620598 0 0 0 0 0 0 0 0 0 0 0 0 0 0 0.004199301863 0 0 0 0 0.00421720489 0 0 0 0 0 0 0 0 0 0 0.004483923062 0 0.004367179071 0 0 0 0 0 0 0.00122267359 0 0 0 0 0 0 0.004241455322 0 0 0 0.00131376424 0 0 0 0.008623799173 0.004525307846 0 0 0 0 0 0 0.004370967517 0 0.004442064577 0 0 0 0 0.00531895648 0.004288373353 0 0 0 0 0 0 0 0 0 0 0 0 0 0 0.0007533375524 0 0 0 0 0 0.001460849838 0 0.004225418656 4.812481445e-05 0.004419337285 0.004196294904 0 0 0 0.004345572727 0.001566049878 0 0 0 0.004408330158 0 0 0 0 0 0 0 0 0 0 
0 0 0 0 0 0 0 0 0 0 0 0 0 0 0 0 0 0.004275566724 0 0.001167970643 0.004437299483 0 0 0 0.004476097145 0 0 0 0 0 0 0.004486187329 0 0 0.001297370044 0 0 0 0 0.004364588698 0 0 0.004525341809 0 0 0 0 0 0 0 0 0 0 0.004457200688 0 0 0 0 0.004296127434 0 0 0.004392489235 0.004402575702 0 0 0 0 0 0.008457001861 0 0 0 0 0 0 4.970660738e-05 0 0 0 0 0 0.004202608819 0 0.004234124306 0 0 0 0.004499670803 0 0 0 0 0 0 0 0 0.004424493383 0 0.00452853353 0 0 0 0 0.004465823751 0 0.0006441201211 0 0 0.004298535162 0 0 0 0 0 0 0 0.004195699302 0 0 0 0 0 0 0 0 0 0 0 0 0 0 0 0 0.004469950455 0 0.004359581711 0 0 0 0 0 0 0.004274161853 0 0 0.0009470553402 0.004943039094 0 0 0 0 0 0.004523373429 0 0 0 0 0 0 0 0 0 0 0 0.004419434385 0 0.004484678378 0.004254488996 0 0 0 0 0.004245176813 0 0 0 0 0 0 0 0 0 0.004328909376 0 0 0.00441887862 0 0.004198893292 0 0 0 0 0 0 0 0 0 0 0.004225844705 0 
0 0 0 0 0 0 0 0.004228256514 0 0 0 0 0 0 0 0 0 0.004252607848 0 0 0 0 0 0 0 0 0.004405144293 0 0 0 0.004236130387 0 0.004311624426 0 0.004361774717 0 0 0.004519744953 0 0 0 0 0 0 0 0 0 0 0 0 0 0 0 0 0 0 0.004284330828 0 0 0 0 0.001077300168 0 0 0 0 0.002645157522 0 0 0.004398255639 0 0.004478646238 0 0 0 0 0 0 0 0 0 0 0 0 0 0 0.004296166516 0 0 0 0 0 0 0 0.004530740564 0 0 0 0.004356737167 0 0 0 0.0003686593294 0 0.004495230945 0 0 0 0 0 0 0 0 0 0 0 0 0.004278992971 0 0 0 0 0 0.004364720547 0 0 0 0 0 0 0 0.004259640491 0 0 0 0 0 0 0 0 0 0 0 0 0 0.004271389823 0 0 0 0 0 0 0 0 0 0 0 0 0 0 0 0.004214360705 0 0 0 0 0.004480821085 0 0 0 0 0 0 0 0 0 0 0 0 0 0 0 0 0 0 0 0 0.004243186207 0 0 0.00571610507 0 0 0.004509538519 0 0 0 0 0 0 
0.004448113287 0 0 0 0 0 0 0 0 0.004473957233 0 0 0 0 0 0 0 0 0 0 0.004271450359 0 0.001527325481 0 0 0 0 0.004274178582 0 0 0 0 0 0.004302206599 0 0 0 0 0.002522664672 0 0 0 0 0.00427858045 0 0 0 0.004382410601 0 0 0 0 0 0.004248573203 0 0 0 0 0 0.008687793663 0 0 0.004515051601 0 0 0 0 0 0 0 0 0.004423884668 0 0 0.004462438287 0 0 0 0 0 0 0 0 0 0.004474905752 0 0 0 0 0 0 0 0 0 0 0 0 0 0 0 0.00447912328 0.00154087267 0.004371736183 0 0 0.000310253528 0 0 0 0 0 0 0 0.004418391116 0.0004257483253 0 0 0.008476927097 0 2.982060884e-05 0 0.0002296011066 0 0 0.004513903889 0 0 0 0 0 0 0 0 0 0 0.004370536276 0 0 0 0 0 0 0 0 0 0 0.004225725026 0 0 0 0.00848577564 0 0 0 0 0 0 0 0.005635132946 0 0 0 0 0 0.008717755871 0 0 0 0 0 0 0.0004228228327 0 0 0 0 0 0 0 0 0.004387449871 0.004418965132 0 0 0 0.004423098427 0 0 0 0 0 0.001116562817 0.004265765054 0 0 0 0 0 0 0 
0 0.01304198361 0 0 0 0 0 0 0 0.004519412337 0 0 0 0.004323363581 0 0 0 0 0 0 0 0 0.004285528419 0 0.004374928909 0 0 0 0 0 0 0.004485631575 0 0 0 0 0 0 0.004222750617 0 0 0 0 0.00453166492 0 0 0 0 0 0 0 0 0 0 0 0.004518105824 0.0002667178537 0 0 0.0006974067717 0 0 0 0 0 0 0 0 0 0 0 0 0 0 0 0 0.004373605762 0 0 0 0.001101559102 0 0 0 0 0 0 0.008711931222 0 0 0 0 4.990042326e-05 0.004368171296 0 0 0 0 0 0 0 0.004201517045 0.004528014382 0 0 0 0 0 0 0 0 0 0.004311931611 0 0 0 0.005317906411 0 0 0 0 0 0.004194229261 0 0 0 0.004411187811 0 0 0 0 0.004260287339 0 0.004328722019 0.00450658134 0 0 0 0 0 0 0 0.00445329993 0 0 0 0.001899917623 0 0 0 0 0 0 0 0 0 0 0.0007275631762 0 0 0.004507564825 0 0 0 0 0 0 0 0 0 0 0 0 0 0 0.004284314153 0 0 0 0 0 0 0 0 0 0 0 0 0 0 0.004412337041 0 0.000492075342 0 0 0.004349124891 0 0 0 0 
0.004232589257 0 0 0 0 0 0 0 0 0 0 0 0 0 0 0 0 0 0 0.004253150736 0 0.004361911702 0 0 0.004408147053 0.004320017496 0 0 0 0 0 0 0 0 0 0 0 0 0 0 0 0 0 0 0 0 0 0.004409756945 0 0 0 0 0 0 0 0 0.004327004628 0 0 0 0 0 0 0.004222016766 0 0 0.008186362523 0 0 0 0 0 0 0 0 0 0.00431279488 0 0.004450212361 0 0 0 0 0 0 0 0.004242352736 0 0 0 0 0.0011365884 0.004414663268 0 0 0.004356796984 0.004291916439 0 0.004371808923 0 0 0 0 0 0 0 0 0 0 0.004229747549 0 0 0.004420403107 0 0 0 0 0 0 0 0 0 0 0 0 0 0 0 0 0 0 0 0 0 0 0 0 0 0 0.004197813737 0 0 0 0 0 0 0 0 0 0 0 0 0 0 0.004223539344 0.004349626642 0.004506586643 0 0 0 0.0006287352835 0 0.004302777018 0 0 0 0.001117205497 0.008535373894 0 0 0 0 0 0 0 0 0 0 0 0 0.004381723168 0 0 0 0 0 0 0.004400254151 0 0 0 0 0 0 0 0 0 0 0.004206625169 0 
0 0 0 0 0 0 0 0.004212344101 0.004299707589 0 0 0 0 0 0 0 0 0 0.004504618727 0 0 0 0 0 0 0.004229641356 0 0 0.004317633922 0 0 0.004196539355 0 0.008765312661 0 0 0 0 0 0 0 0 0 0 0 0 0 0 0 0 0 0.004304238673 0 0 0 0 0 0 0 0 0 0 0.004388966146 0 0 0 0 0 0 0 0 0 0 0 0 0 0 0 0 0 0 0 0 0 0 0 0.004507270941 0 0 0 0 0.0008531731087 0.004271322125 0 0 0 0 0.008839326558 0 0 0.004290451257 0 0 0 0 0.004462822784 0 0 0 0 0.004300668622 0 0 0 0 0.0002316912125 0 0 0 0 0 0 0 0 0 0 0 0 0 0 0 0 0 0 0 0.004354966579 0 0 0 0 0 0.004503388838 0 0.008711312272 0.004411021886 0 0.004276039441 0 0.00129090786 0 0 0 0.004398793239 0 0.004310595592 0 0 0.004480172406 0 0 0 0 0 0.00445642769 0 0.004419907466 0 0 0 0 0 0 0 0 0.004235097026 0 0.004275129313 0.004386093754 0 0 0 0 0 0 0 0 0 0 0 0 0.004348269367 0 0 0 0 0 0 0 0.0009161431109 0 
0 0 0 0 0 0 0.00443185339 0 0 0.004220079125 0 0.004405072747 0 0.004440988449 0 0 0 0.004291148898 0 0 0 0.004394096705 0 0 0 0 0 0 0 0 0 0 0 0 0 0 0 0.001688564822 0 0 0 0 0 0 0 0 0.005067051938 0 0 0 0 0 0 0 0 0 0 0 0 0 0 0 0 0 0 0 0.001975476244 0 0 1.238207915e-05 0 0.004235365103 0.004453157665 0.004488123261 0 0 0 0 0 0 0 0 0 0 0 0 0 0 0 0 0 0 0 0 0 0.004360981922 0.0004196470875 0 0 0 0 0 0 0 0 0 0 0 0.00419394186 0 0 0 0 0 0 0 0 0 0 0 0 0 0 0 0.004442801421 0 0.004282930762 0 0 0 0 0 0 0 0 0 0 0 0 0 0 0 0 0 0 0 0 0 0.004355015336 0 0.004385318114 0.004265594812 0 0 0 0 0 0 0.004311845074 0 0 0 0 0 0 0 0 0 0 0.0006852932033 0 0 0 0 0 0.00453157602 0.004200328704 0 0.004448323991 0 0 0.004283999831 0 0 0 0.004429205605 0.004359905368 0 0.0043765394 0 0 0 0 0 0 0 0 0 0.004481127186 0 
0.008445051981 0.004254234001 0 0 0.004279341388 0 0 0 0.0002862702522 0 0.00420119843 0 0 0 0 0 0 0.004281166515 0 0 0 0 0 0.004505036688 0 0 0 0 0 0 0 0 0 0 0.004294374871 0 0 0 0.004290931259 0 0 0 0 0 0 0 0 0.004289123649 0 0 0 0 0 0.0003922750281 0 0 0 0 0 0.004391924633 0 0.004520900734 0.004223203114 0 0 0 0 0 0 0.008679930754 0 0 0 0 0 0.008953650157 0 0 0 0 0 0 0 0 0 0 0 0.004413812534 0 0.004394501871 0 0 0 0 0 0 0 0.004507563793 0 0.004449566366 0 0 0 0 0 0 0 0 0 0.004381230044 0 0 0 0 0.00323655584 0 0 0 0 0.004216167635 0 0 0.004224022921 0 0 0 0 0 0.004294660619 0 0.004329441953 0 0 0 0 0 0 0 0 0 0.004709475355 0 0 0 0 0 0 0 0 0 0 0 0 0 0 0.004474892358 2.872415974e-05 0 0 0 0 0 0 0 0 0.004458756387 0.008046059401 0 0 0 0.004482523639 0 0 0.008584033273 0 0 0.004197779885 0 0 0 0 0 0 0 0 0 0.004392139659 0 0 0 0 0.008651860145 0 0 0 0 0 0.004264350158 0 0 
0.004521014773 0 0.004343359128 0 0 0 0 0 0 0.007122545292 0 0 0 0 0 0 0 0 0 0 0 0 0 0 0 0 0 0 0 0 0 0 0 0 0 0 0 0 0 0 0 0 0 0.002687671819 0 0 0 0 0 0 0 0 0 0 0 0 0 0 0 0 0 0 0 0 0 0 0 0 0.004286913066 0 0 0 0 0 0 0 0 0 0 0.004241354973 0 0 0 0 0.004302584834 0 0 0 0 0 0 0 0 0.004270081731 0 0 0 0.003398109098 0 0 0 0 0 0 0 0 0 0 0 0 0 0.004267217579 0 0 0 0 0 0 0.008899916997 0 0 0 0 0 0 0.004734037735 0 0 0.004405792879 0 0 0.0043794001 0.004494927179 0 0 0 0 0 0 0 0 0.000292489452 0 0 0 0 0 9.716720672e-05 0 0.00444166424 0 0 0 0 0 0 0.004270363092 0 0.003636442023 0 0.004440949793 0 0 0 0 0 0 0 0.004241424262 0 0 0 0 0.004386658772 0.004325534792 0 0 0 0 0 0 0 0 0.004311162238 0 0 0 0 0 0 0.004264858684 0 0 0 0 0 0.004478392549 0 0 0 
0.004239720517 0 0 0 0 0 0.0006627211448 0 0 0.004269916503 0 0 0 0 0 0 0.008798414658 0 0 0 0 0 0 0 0 0.004324114542 0 0.004512445915 0.004273689407 0 0 0 0 0.005325644591 0 0.004531802735 0 0 0 0.004489065979 0 0.004468028507 0 0 0.004320459727 0 0 0.004250671395 0 0 0 0 0 0 0.000549263985 0 0 0 0.0002171903421 0 0 0.004295662895 0 0 0 0.0008573131334 0 0 0 0 0 0 0 0 0 0 0.004339225739 0 0.002554678332 0.004302732173 0 0 0 0 0 0 0 0 0 0 0 0 0 0 0 0 0.004436856452 0.004617092055 0 0 0 0.004273882044 0 0 0 0 0.00440469331 0 0 0 0 0 0 0 0 0 0 0 0 0 0 0 0 0.004428434555 0 0 0.004224566487 0 0 0 0.004245351956 0 0 0 0 0 0 0 0 0 0.0009324595525 0 0 0 0.004322678362 0 0 0 0 0 0.004267835513 0 0 0 0 0.004207112649 0 0 0 0.004262251768 0 0.004516442235 0 0 0 0 0 0 0.004333298793 0 0 0 0 0.004292342418 0.0002843186774 0 0 0 0 0.004272189731 0 0.004260271848 0.004213320515 0 0 0 0 0 0 0 0 0 0 0 0 0 0 0 0 0.004404791726 
0.004314855923 0 0 0 0 0 0 0 0 0 0 0 0 0 0 0.000329379169 0.004497463015 0.004460336033 0 0 0 0 0.004216587754 0.0004781542069 0 0 0 0 0 0 0.0007270469083 0 0 0 0 0 0 0 0 0 0 0 0 0 0 0 0.004234027431 0 0 0.006661190674 0 0 0 0 0.008499345121 0 0 0 0.004205572953 0 0 0 0.01294125863 0 0 0 0 0 0.004477875825 0 0 0 0.004331071656 0.005314807549 0 0.004346642114 0 0.004368681059 0 0 0 0 0 0 0 0 0 0 0 0 0.004474509976 0 0 0 0 0 0 0.0008173717292 0 0 0 0 0 0 0.004362941599 0 0 0 0 0 0 0.004450329452 0.004502579788 0 0 0 0 0 0.0003214637059 0 0 0 0 0 0 0 0 0 0 0 0 0 0 0.004255691378 0 0 0 0 0.004191837824 0.004523730122 0 0 0 0 0 0 0 0 0 0 0 0 0 0 0 0.004524439922 0 0.0001782480866 0 0 0.004267424833 0 0 0 0 0 0 0 0 0 0 0 0 0 0.004300526179 0 0 0 0.0006466273943 0 0 0 0 0 0 0 0 0.004424310401 0 0 0.004223499711 0 0 0 0 0 0 0 0 0 
0 0 0.004318149122 0 0 0 0.004418184773 0.004409295263 0 0 0 0 0 0 0 0 0 0 0 0.004494351379 0 0 0.004441188761 0.004455853646 0.004375815762 0 0 1.195367704e-06 0 0 0 0 0 0 0 0.008726430849 0 0 0.004423323321 0 0 0.004303373824 0 0 0 0.001858037923 0 0 0 0 0 0.008641940221 0 0 0 0 0.004336830039 0 0 0 0 0 0 0 0 0 0.0002150487148 0 0 0.004454864213 0 0 0 0 0.004385230141 0 0 0 0 0.004304427331 0 0 0 0 0 0 0.004445719346 0 0.004276308974 0 0 0 0 0 0.0005502391678 0 0 0 0 0 0 0 0 0.004322746283 0 0 0 0.004248593215 0 0 0 0 0 0.004298706331 0 0 0 0 0 0.004394244922 0.004304382317 0 0.004208987389 0.004332019922 0 0 0 0 0 0.004342923991 0 0.004377777642 0 0 0 0 0 0.004342814596 0 0 0.004465458192 0 0 0.000807717801 0.004500879282 0 0 0 0 0 0 0.004495984133 0.004487910274 0 0 0 0 0 0 0 0 0 0 0 0 0.004457831829 0 0.004360910657 0 0.004434441836 0 0.004448778791 0 0.004202796605 0 0.001112749234 0 0.00428603354 0 0 0 0.004309821998 0 0 0 0 0 0.004816879061 0 0 0 0.004438623512 0 0 0 0.00424268604 0 0 0 0 
0 0 0 0.004466772733 0 0 0 0 0 0 0 0 0.004320910324 0 0 0 0.004301209503 0 0 0 0.00431695693 0 0 0 0 0 0 0 0 0 0 0 0 0.004338943559 0 0 0 0 0 0 0 0 0 0 0 0 0 0 0.004235341564 0 0 0 0 0 0 0 0 0 0 0.004285784498 0 0 0 0 0 0 0.004429782201 0 0 0 0 0 0 0 0 0 0 0 0 0.004437256225 0 0 0 0 0 0 0 0 0.004379416135 0 0 0 0.004367182149 0 0 1.971452749e-06 0 0 0 0.004325060179 0.0007551586209 0 0.004413737103 0 0 0 0 0 0 0 0 0 0 0 0.004445103613 0.004517055915 0 0.00432989245 0 0 0 0 0 0 0.004353568738 0 0 0 0 0.004328745463 0 0 0 0 0 0 0 0 0 0 0.004362313791 0 0.004330185809 0 0 0.004521767168 0 0 0 0 0 0 0 0 0 0 0 0 0 0 0 0.004209294566 0 0 0 0 0 0 0.0008854552186 0 0 0 0 0 0 0 0 0 0 0 0 0.004372580075 0.004295178044 0 0 0.004341548488 0 0 0 0 0 0 0 0.004532355792 0 0 0.004304486499 0 0 0.00489860552 
0 0 0 0 0 0 0 0 0 0.004237496995 0 0 0.004458608335 0 0 0 0 0 0 0 0 0 0 0 0 0 0 0.008674646815 0 0.004401738451 0 0 0 0.004376207577 0 0 0 0 0 0 0.004461084725 0 0.00449347489 0 0 0 0 0 0 0 0 0.0009472184749 0.004493373081 0 0 0 0.004525269736 0 0 0.00431527007 0 0 0 0 0 0 0 0.004369467774 0.0002065009737 0 0 0 0 0 0 0 0.0042112434 0 0.0006115998548 0 0 0.0004854940445 0 0.004418062931 0.004467198335 0 0 0 0 0 0.005285798876 0.004257372788 0 0 0 0.01324578768 0 0 0 0 0 0 0 0 0 0 0 0 0 0 0 0 0 0 0 0 0 0 0 0.0002945520111 0 0 0 0.0004676929106 0 0.00437442674 0 0 0 0.004431657654 0 0 0 0 0 0 0 0 0 0.004513382276 0 0 0 0 0 0 0.004383471933 0 0 0.004458347433 0.004298723048 0.004471393847 0 0 0 0 0 0.004355591907 0 0 0 0 0 0 0 0 0 0 0 0 0 0 0.004246603348 0.0001376887417 0 0 0.004415962824 0 0 0.004379267175 0 0 0 0 0 0.004235813319 0 0 0 0 0 0 0 0 0.004190333545 0 0 0 0 0 
0 0 0 0 0 0 0 0 0 0.00426825178 0 0 0 0 0 0.004512430834 0 0 0 0 0.001179861343 0.004434095562 0.004472402385 0 0 0 0 0 0 0.004372614446 0 0 0 0.004371577539 0 0.004297345299 0 0 0 0 0.004363098289 0 0 0 0 0 0 0 0 0 0 0 0 0 0 0 0 0.004501884066 0 0 0 0 0 0 0 0 0.008510130632 0 0 0.004514021758 0 0 0 0 0 0 0 0.0002343041657 0.00878268725 0 0 0 0.0002230893409 0 0 0.004284690275 0.00159270166 0 0 0 0 0 0 0 0 0 0 0 0 0 0.0002134097549 0.004357492546 0.0007496013687 0 0.008938547375 0.004383199327 0.0003510209698 0 0 0 0 0 0 0 0.004245686455 0 0 0 0 0 0 0 0 0 0 0 0 0.00431512632 0 0 0 0 0 0 0 0 0.00420230358 0 0.0006972576101 0.004267275852 0.004206809399 0 0 0 0 0 0 0 0 0 0.002380187154 0 0 0 0 0.004221452593 0 0 0 0 0 0 0 0 0 0 0 0 0 0 0 0 0 0 0.004529523674 0 0 0 0 0 0 0 0.004392629607 0 0 0 0 0 0 0 0 0 0 0 0 0 0 0 0 0 
0.004507400325 0 0 0.004388060978 0 0 0 0 0 0 0 0 0 0 0 0 0 0 0 0 0 0.004233671833 0 0.0007224524674 0 0.004240863166 0 0 0 0 0.004412957567 7.882384282e-05 0.004473590509 0 0 0 0 0 7.82480537e-05 0 0 0 0 0 0 0 0 0 0.004359505344 0 0 0 0 0 0 0 0 0 0 0 0 0 0.004373486072 0 0 0 0 0 0 0 0 0 0 0 0 0.004281925787 0 0 0 0 0 0 0 0 0 0 0 0.004470418208 0 0 0 0 0.008708241318 0.009569582575 0.004274197437 0.004282758181 0 0 0 0 0 0.004382025582 0 0 0.008889911601 0 0 0 0.00439256822 0 0 0 0 0 0 0 0 0.00448309356 0 0.004407339407 0 0 0.004518561935 0 0.004353208393 0 0 0.004427536568 0 0 0.00447290931 0 2.289152e-05 0 0 0 0.004316998814 0.004314033902 0 0 0 0.004215791026 0 0 0 0 0 0 0 0 0 0 0 0 0 0 0 0 0.002210165172 0 0 0 0 0 0 0 0 0 0 0 0 0 0 0 0 0 0 0 0 0 0 0 0 0 0 0 0 0 0 0 0 0 0 0 0 0.004195222005 0 0 0 0 
0 0 0 0 0.004488720912 0 0 0 0 0 0 0 0.004273536739 0 0 0 0 0 0 0.004380659054 0 0.004394372987 0 0 0 0 0 0 0 0 0 0 0 0.004301585954 0 0 0 0.004320995078 0 0 0 0 0 0 0 0 0 0 0 0 0 0 0 0 0 0 0 0 0 0 0 0 0.004382048663 0 0 0 0 0 0 0.0008686171433 0 0 0.0009844463706 0 0 0.004226823464 0 0 0.004305509667 0 0 0 0 0 0 0 0 0 0 0 0 0 0 0.00128792604 0 0 0 0 0 0.004412955675 0 0.00436049144 0 0 0 0 0.004589905741 0 0 0 0 0 0 0.004456129138 0 0 0.004461350203 0.008494524366 0.004246759042 0 0 0.004324908354 0 0.004466912376 0 0 0 0.004200370514 0 0 0 5.385352601e-05 0 0 0 0.004320279263 0 0 0 0 0.0005186662842 0.00439486632 0 0 0 0.004273597433 0.008870823461 0 0 0 0 0 0.0042320996 0 0.004462274745 0 0 0.004442957843 0 0 0 0.004500783097 0 0.004401819129 0.004195137036 0 0 0.004344528999 0 0 0 0 0 0 0 0 0 0 0 0 0 0 0 0 0 0 0 0 0 0.004460097388 0 0 0 0.01363697833 0 0.004405045203 0.008852836372 0 0.004415960649 0 
0 0 0.004224052852 0.0007945899944 0.004222494618 0 0.008510122128 0 0 0 0.00285654852 0 0 0.005744428439 0 0 0 0 0 0 0 0.001107234042 0 0 0 0 0 0.008838369805 0 0 0 0 0.004202772949 0.004277330767 0.004413441283 0 0 0 0.004225981047 0 0 0 0 0 0 0 0.004252356752 0 0 0 0 0.004256525514 0 0 0 0 0 0.004373221818 0 0 0 0 0 0 0 0 0 0 0 0 0 0 0 0 0 0.004308534165 0 0 0 0 0 0 0 0 0 0 0 0 0 0 0 0 0 0 0 0 0 0.004368471355 0 0.004210763081 0 0.00436836535 0 0 0 0.004246264072 0.004318805691 0 0.00435659658 0.004243641007 0 0 0 0 0 0 0 0 0 0 0 0 0 0 0 0 0 0 0.0041917735 0 0 0.004323585886 0 0 0 0 0 0 0 0 0 0 0.004349143883 0 0.004386412338 0 0 0 0 0 0 0.004229217701 0 0 0 0 0 0 0 0 0 0 0 0 0 0 0 0 0 0 0 0 0 0 0 0.004846301948 0 0 0.004444212229 0 0 0 0 0.004482690432 0 0 0 0 0 0.004220700612 0 0 0 0 0 0 0 0 0 0 
0.008620227729 0 0 0 0 0 0 0 0 0.00441407972 0 0 0 0 0 0 0.004285138202 0 0 0 0 0 0 0 0 0 0 0 0 0 0 0 0 0.0002031722437 0 0 0 0 0 0 0.009107125546 0 0 0 0 0 0 0 0 0 0 0 0 0 0 0 0 0 0 0 0.004402437355 0 0 0.00448059379 0 0 0 0 0 0 0 0.0006743659501 0 0 0 0 0 0 0 0 0 0 0 0 0 0.004521309376 0.004286838131 0 0 0 0 0 0 0 0 0.004347263394 0 0 0.0044553501 0.004193732411 0.004317627509 0.004358477366 0 0 0.00165262142 0 0 0 0 0 0 0 0 0 0 0.004432637784 0 0 0 0 0 0.0007237178485 0 0 0 0 0 0 0.0003619880758 0 0.004432973111 0.004109699217 0 0 0 0 0 0 0 0 0 0 0 0 0 0.004246518803 0 0 0 0 0.007155820612 0 0 0 0 0 0 0 0 0.004479765301 0 0 0 0 0 0 0.004227858023 0 0 0 0 0.004483508432 0 0 0 0 0 0 0 0 0 0 0 0 0 0 0 0 0 0.00892194697 0 0 0 0 0 0 0 0 0.004264862012 0 
0 0 0 0 0 0.004261337407 0 0 0 0 0 0.004454415558 0.008816061262 0.004317085901 0 0 0 0 0 0 0 0 0.008864747468 0 0.004199796404 0 0 0 0.004254470021 0 0 0 0 0.0005551340016 0 0 0 0 0 0.004480294358 0 0 7.079313446e-05 0 0 0 0 0 0 0.0005203617889 0 0 0 0 0 0.0008011093507 0 0 0.004502668209 0 0 0.00438388538 0 0 0 0 0.004350455907 0 0 0.004485847718 0 0 0 0.004417941389 0 0 0 0 0 0.004420414516 0 0 0 0 0 0 0 0.004303083855 0 0 0 0 0 0 0 0 0 0 0 0.004141917066 0 0 0 0 0 0.001077449441 0 0 0 0 0 0.004495050445 0.004240971349 0 0.004289072951 0 0.0004536443994 0 0 0 0 0 0 0 0 0 0.004345834093 0 0.0004955550093 0 0 0 0 0 0 0.004309240708 0 0.004208139105 0 0 0 0 0 0 0 0 0 0 0.004398559212 0 0 0 0 0 0 0 0 0 0 0.0003972562755 0 0.004414022839 0.0002402464078 0 0 0 0 0 0.004397207368 0.004385881446 0 0 0 0 0 0 0 0 0 0 0 0 0 0 0.004257910582 0.004238134404 0 0 0 0 0 0 0 0 0 0.004313632525 0 0 0 0 
0.004305787288 0 0.0039560006 0 0 0 0.004484381114 0 0 0.004517320216 0 0 0 0 0 0 0.004208925769 0 0 0 0 0.004438291456 0 0 0 0 0 0 0 0 0.008811121022 0.008688758361 0.004271120954 0 0 0 0 0 0.004209178571 0 0 0 0 0 0 0 0 0.004265668232 0 0 0.004268536727 0 0 0 0.004437556667 0.008841734362 0.004447243151 0 0 0.004434231842 0 0 0 0 0.004321135736 0 0.0006143118572 0 0.001790704966 0 0 0 0 0.008766400352 0 0 0 0 0.004514296413 0.008676952509 0 0 0 0 0 0 0 0 0 0 0 0 0 0 0 0 0.004343237743 0 0 0 0.004438390873 0.008712607482 0 0 0 0 0 0 0 0 0 0 0.004410842049 0.00225977915 0 0 0.004461573148 0 0.008694654983 0 0 0 0 0 0 0.004408295301 0.004303260545 0 0 0 0 0.004362860083 0 0 0 0 0 0 0 0 0 0.004525334387 0.00442189726 0 0 0 0 0 0 0 0.004393604195 0.004443700874 0 0 0 0 0 0 0 0 0 0 0 0 0 0 0 0.004391059313 0 0 0 0 0 0.00419760022 0 0 0.004231996397 0 0 0 0 0 0 0 0.004441837919 0 0 0 0 0.004338438119 0 0 0 0 0 0 0 0 0 0 
0 0 0 0 0.004411185415 0 0 0 0.004197262959 0 0 0 0 0 0 0 0 0 0 0.004213145608 0 0 0 0 0 0 0.004237056112 0.004489589907 0 0 0 0 0 0 0 0 0 0.001017558417 0 0 0 0 0 0 0.008074706589 0 0 0.004401279209 0 0 0 0 0 0 0 0 0 0.004195692778 0.004485250894 0 0.004415967771 0 0 0 0 0 0 0 0 0.004361124395 0 0 0 0 0 0 0 0 0 0 0 0 0.0005830524325 6.753387681e-05 0.004198046319 0 0 0 0 0 0 0 0 0 0 0 0 0 0 0.004282622511 0 0 0 0 0 0 0 0.004351363882 0 0 0 0.004383650176 0 0 0 0 0 0 0 0 0 0 0 0 0 0 0 0.004277549247 0 0 0 0 0 0 0.004216614921 0 0 0 0 0 0 0 0 0 0.004360700594 0 0 0 0 0.004250822627 0.004224546811 0 0 0 0 0.0004501336197 0 0 0 0 0 0 0 0 0 0 0 0 0 0 0 0 0 0.001293139542 0 0.001179800704 0 0 0 0.0003487633491 0 0 0.004210240046 0 0 0 0 0.0006805891924 0 0 0 0 0 0.000393813847 0 0.001610927539 0 0 0.004405596755 0 
0.00445349559 0 0 0.0007499789968 0 0 0 0 0 0.004465903889 0 0 0 0.004271089104 0 0 0.004259382523 0 0.004361221915 0 0.004346602284 0 0 0 0 0.004401155554 0 0.004302756948 0 0 0 0 0 0 0 0 0 0 0 0 0 0 0 0.004356459021 0 0 0.008486479451 0.004371241006 0 0 0 0.004404078429 0 0 0.002184715969 0 0 0 0 0 0 0 0 0 0.004433781444 0 0 0 0 0 0 0.004493785383 0 0.0002490011619 0 0.004325013463 0 0.004432972135 0 0 0 0 0 0 0 0 0 0 0.004219556699 0 0 0 0 0 0.0002209690461 0 0 0 0 0 0.004288831058 0 0 0 0.004376556229 0 0 0 0.0004405498866 0 0 0 0 0 0 0 0 0.0008157759146 0 0 0 0 0 0 0 0 0 0 0 0 0 0 0 0 0 0 0 0 0 0 0.004961687141 0 0.004690025897 0.004205576634 0 0.004352934156 0 0 0 0.004427713612 0 0 0 0 0 0.004269959417 0 0 0 0.0001078400142 0.004231271167 0 0.008598209859 0.004201505378 0 0 0 0 0 0 0 0 0 0.004348657415 0.004511095393 0 0 0.0004074497348 0 0 0 0 0.004347323761 0 0 0 0 0 0 0 0 0.004399345259 0 0 0 0 0 0 0.004437947708 0 
0 0.004424115868 0 0 0 0 0.004261902021 0.0001861365617 0 0.004292437464 0 0 0 0 0 0.00438358971 0.004257280796 0 0 0.004223567019 0.00212927 0 0 0 0.004273990536 0 0 0 0 0 0 0 0 0 0 0 0 0 0 0 0 0.004365876517 0 0 0 0.00437473425 0 0 0.0006503957958 0 0 0.004329574449 0 0 0 0 0 0.004338382913 0.004219334382 0 0 0 0.0007063098751 0 0 0 0 0 0 0 0 0 0.004313518257 0 0 0 0 0 0 0 0.004346090761 0 0 0 0.004368347854 0.004521195693 0 0 0 0 0.004446656028 0.004304943633 0.005805399705 0 0 0 0.003884553466 0.004445897586 0 0.002198971827 0.0006756404786 0 0.004419593401 0 0 0 0 0 0 0.004446909214 0 0 0 0 0 0 0 0 0 0 0 0.002519703405 0 0 0 0.004343557109 0 0.004480675924 0 0 0 0 0.005222818863 0 0 0 0 0 0 0 0 0 0 0 0 0 0 0 0 0 0.004473878487 0 0 0 0.0006223170765 0 0.004525759312 0 0.004355735287 0 0 0 0 0 0 0 0 0 0 0 0 0 0.004319760816 0 0 0 0.004514993718 0 0.001983213925 0 0.004448574601 0 0 0.004410950044 0 0 0.001100708606 0.004222249237 0 0 0 0 0 0 0 0 0 0.004410502352 0 0 
0 0 0.004384059647 0 0.004330577756 0 0 0 0 0 0.004340248951 0 0 0 0 0 0 0 0 0.001218318487 0 0 0 0 0.004397618521 0 0 0 0 0 0 0 0.00881548664 0 0.004298896882 0 0 0 0 0 0 0 0 0 0 0 0 0 0 0 0 0 0 0 0 0.004499530324 0 0 0 0 0.004430009306 0 0 0 0 0 0 0 0 0 0 0 0 0 0.004416919305 0 0 0 0 0.008783268745 0.004357977691 0.0004357300273 0 0 0 0 0 0 0.0006334009356 0 0 0.004449320712 0 0.008567332204 0.004226208461 0 0.005212463416 0 0 0 0 0 0 0 0.004773412031 0 0.0004279137129 0 0 0.004415957931 0 0 0 0 0 0 0.004286511317 0 0 0 0 0 0 0 0 0 0 0 0 0 0.00447614393 0 0 0 0 0 0 0 0.008755678081 0 0 0.004316312432 0 0 0 0 0 0 0 0 0.004258056798 0.008523976474 0 0.004445897232 0 0 0 0 0 0 0.004322083811 0.004528882623 0 0 0.004494130676 0 0 0 0 0.004249569355 0.00443956924 0.002839668756 0 0 0 0 0 0 0 0 0 0 0 0 0.004510828917 0 0.00438663994 0.007983824366 0 0.004379391145 0 0 0 0 0 0.004462217099 0 0 0.004287007416 0 
0.004225882902 0 0 0 0.004478210965 0 0 0 0 0.006091733551 0 0 0.004279692101 0 0 0 0 0 0 0 0.004506894923 0.0004404443128 0 0 0 0 0.004227944127 0 0 0 0 0 0 0 0 0 0 0 0 0.004309844136 0 0 0.0009707338543 0 0 0 0 0 0.004396659147 0 0 0.004417002882 0 0 0 0.005081116516 0 0.004256135618 0 0 0 0.00439642641 0 0 0 0.004451591941 0 0.004342746678 0 0 0 0.0001523592715 0 0 0 0 0.00875504047 0 0 0 0.004205036097 0 0.004371300581 0 0.004399376357 0 0 0 0 0 0.004487112201 0 0 0 0.004352706737 0 0 0 0 0 0 0 0 0 0.004248169847 0 0.0005598015542 0 0.004244916768 0 0 0.004221694172 0 0 0 0 0.004264806701 0 0 0.0003380685848 0 0 0 0.004531705738 0.00451075409 0 0.004310625415 0 0 0 0.004231247101 0 0 0 0 0 0 0 0.004474959692 0 0 0 0.004331181625 0 0 0 0 0 0.004255532843 0 0 0.0005727251487 0 0 0 0 0 0 0 0 0.004340833302 0 0.004523550654 0 0 0 0 0 0.004245348755 0 0 0 0 0.004266836705 0 0 0 0 0 0 0 0 0 0 0 0 0 0 0 0 0 0 0 0 0 0 0 0 0 0 
0 0 0 0 0 0 0 0 0 0 0 0 0 0.004435822823 0 0 0.0006138684673 0.004265513904 0 0 0 0.004407916476 0 0 0 0 0 0 0 0 0 0 0 0.004509988367 0 0 0 0.004296584796 0 0 0 0.001034205839 0 0 0 0 0 0 0.004275729594 0 0 0 0 0 0 0.008983219572 0.004496656366 0 0 0 0.004432222202 0 0 0 0 0 0 0 0 0 0 0 0 0 0 0 0 0 0.004393764292 0 0 0 0.004343945446 0 0 0 0.004238384434 0 0 0 0.0005752887159 0.00436420911 0 0 0 0 0 0 0 0 0 0 0 0 0 0 0 0 0 0 0 0 0 0 0 0 0 0 0 0 0.004242810421 0 0 0 0.004284837513 0 0 0 0 0.004462620328 0 0.004328790505 0 0 0 0 0 0 0 0.0043488831 0 0 0 0 0 0 0 0 0 0 0 0 0 0 0 0 0 0 0 0 0 0 0 0 0.004626972579 0 0 0 0 0 0 0 0 0 0 0 0 0 0 0 0 0.001126525289 0.004205545806 0 0 0 0 0 0 0 0 0 0 0 0 0 0 0 0 0.004221042064 
0 0 0.0008108088009 0.004234905287 0 0 0 0 0 0 0 0 0 0 0 0 0 0 0 0 0 0 0 0.004272218524 0 0 0.001652036485 0 0.004481212267 0 0.00423225822 0.004327543921 0 0 0 0 0 0 0 0 0 0 0 0 0.004511390266 0.004228210197 0.0006066969161 0 0 0 0 0 0 0 0 0 0 0 0 0 0 0 0 0 0 0 0 0 0 0 0 0 0.004356401529 0 0 0 0 0 0 0 0 0.004247533446 0 0 0 0 0.00426254386 0 0 0 0 0 0.0004990940563 0 0 0 0 0 0 0.004336127068 0.004202719665 0 0 0 0 0 0 0 0 0.004522573617 0 0 0 0 0 0 0 0 0 0 0.004383934488 0 0 0 0.003869660089 0 0.004474488792 0 0 0 0 0 0 0 0.004361526914 0 0 0 0 0 0 0.0003666317891 0 0.004440434402 0 0 0.008852131343 0 0 0 0 0 0 0 0.004305025993 0 0 0 0 0 0 0.004250063761 0 0 0.004451715957 0 0 0 0 0 0 0 0 0 0 0 0 0.004451598181 0 0 0 0.0006304560958 0.004202860147 0 0 0 0.0003203577722 0 0 0 0.0001774880757 0 0.004461430811 0 0 0 0.004298521303 0 0 0 
0 0 0 0 0.0006884770077 0 0.0005106260371 0 0 0 0 0 0 0 0 0 0 0 0.000368235946 0 0 0 0.004449542056 0 0 0 0 0 0 8.821100566e-07 0 0 0 0.008559588983 0 0 0 0 0 0 0 0 0 0 0.004242207401 0 0 0 0 0 0 0.0007476245236 0 0.004247195131 0 0 0 0.0002904237599 0 0.004509414438 0 0.004477713287 0 0.004240554792 0 0.004257148001 0 0 0 0.00452753483 0 0 0.00437260719 0 0.004280339214 0.00440296657 0 0 0.002871643093 0 0 0.004424094004 0 0 0 0 0.004429980473 0 0 0.002600213803 0 0 0 0 0 0 0 0 0 0 0 0 0 0 0 0.004501853985 0 0 0 0 0 0 0 0 0 0 0.004508572684 0 0.004483810178 0 0 0 0.001103453517 0.0003015695706 0 0 0 0 0 0 0.004228856599 0 0 0 0.004780364802 0 0.004392499007 0 0 0 0.008792874957 0 0 0 0 0 0 0 0 0 0 0 0.004508409955 0.004371601283 0 0 0.004191595926 0 0 0.004384570029 0 0 0 0 0 0 0 0.004287983739 0 0 0 0 0 0 0 0 0.0042923974 0 0 0 0 0 0 0 0 0 0 0 0 0 0 0 0 0 0 0 0 0 0.0006754016754 0.004197963783 
0 0 0 0 0 0 0.004206081929 0 0 0.004212870332 0 0.004366849659 0 0.004355413717 0 0 0 0 0 0 0 0.004295664857 0 0 0 0 0 0.008830211599 0 0 0 0 0 0 0 0 0 0 0 0 0 0 0 0 0 0 0 0.00431841636 0.004469032867 0 0 0 0.004211887923 0.004297164719 0 0 0 0 0 0 0 0 0 0 0.004520650086 0 0 0 0 0.004521592807 0.008930548292 0 0.004354781874 0 0.004332674954 0 0.004319268781 0 0.008684588946 0 0 0 0 0.004432798962 0 0 0 0 0 0 0 0 0 0 0 0 0 0 0 0 0 0 0 0 0 0 0 0 0 0 0 0 0 0 0 0 0 0 0 0 0.004327774284 0 0 0.004197989302 0 0 0 0 0.004198131831 0 0 0 0 0 0 0 0 0 0 0.0001155879437 0 0 0.004307398124 0.008721303253 0 0 0 0 0 0 0 0 0 0.001096176731 0.004503174018 0 0.0004784575689 0.003560762258 0 0.004458033661 0.004485022488 0 0 0 0 0 0 0 0 0.004507938719 0 0 0 0.004283956347 0 0 0.004397230133 0.004256051955 0 0 0 0 0 0 0.004362563314 0 0 0 0 0 0 0 0 0 0.0005868801402 0 0.004460580974 0 0.00440834789 0 
0 0 0 0 0 0.004437353275 0.004285878796 0 0 0 0 0 0 0 0 0 0 0.004426749718 0.0001488967283 0 0 0 0 0 0 0 0 0 0 0 0.004245203188 0 0 0 0 0 0 0 0 0 0 0 0 0.004220172165 0 0.004337268134 0 0 0 0 0 0 0 0 0 0.004331468921 0 0 0 0.004523545963 0 0 0 0 0 0 0 0 0 0 0 0 0 0 0.004361722662 0 0 0 0.004446856732 0 0 0 0 0 0 0 0 0 0 0.0001256776106 0 0 0.004420628223 0 0 0 0 0 8.124976103e-05 0 0 0 0 0 0 6.847871122e-05 0.004439067827 0 0 0 0 0 0 0 0 0 0 0 0 0 0 0 0 0 0 0 0 0 0 0.004481933933 0.004468012497 0.004503903345 0 0 0 0 0 0 0 0 0 0 0 0 0.004395319478 0 0 0 0 0 0 0 0.008625624781 0 0 0 0 0 0.0006553678147 0 0 0 0 0 0 0 0 0 0 0 7.124352332e-05 0 0 0.004336378138 0 0 0.004249024659 0 0 0 0 0.0005956670893 0 0 0 0 0.004231350661 0 0 0 0 0 0 0 0 0.004465784672 0 0 0 0 
0 0.004297332532 0 0 0 0 0 0 0 0 0 0 0 0 0 0 0 0 0 0 0 0 0 0 0 0.004619300272 0 0 0 0 0 0 0 0 0 0 0.004387057584 0 0 0 0.004205238662 0 0 0 0 0 0 0 0 0 0.0006577819839 0 0.004319415718 0 0 0 0 0 0.001771514903 0 0 0 0 0 0 0 0 0 0 0 0.004375475025 0 0 0 0 0.004274718658 0 0 0 0 0 0 0.001625993628 0 0 0 0 0 0 0 0.004514341731 0 0 0 0 0 0.004413297463 0.004323977329 0.004454151959 0 0 0 0 0.004348897463 0 0 0.0003100691078 0 0 0.0004653406782 0 0 0.004497294301 0 0.0009585157572 0 0.008864513751 0 0.004389097436 0 0 0.004232393713 0 0 0 0 0 0 0 0 0 0.004214828684 0.004261743084 0.004207562336 0 0 0.004381051994 0 0 0 0 0 0 0 0 0 0.004338296118 0 0 0.008433392543 0 0.003335983464 0 0.0003338399616 0 0 0.0002248580249 0.004417021283 0 0 0 0 0 0 0 0 0.004289872644 0 0 0 0 0 0 0 0 0.004483909869 0 0 0 0 0 0 0.001880374366 0 0 0 0 0 0 0.004433524026 0 0 0 0 0 0 0.000515463939 0 0 0 
0 0 0 0 0 0.004385495996 0.004214669586 0 0 0 0 0 0 0 0.004208421977 0 0 0 0 0 0 0 0 0 0 0 0 0 0 0 0 0 0.003485320159 0 0 0 0.004279573732 0 0 0.0005621776267 0 0 0 0.004403211922 0 0 0.004459983597 0 0 0 0 0 0 0 0.004357679923 0 0.004463934157 0 0 0 0 0.004272975131 0 0 0 0 0 0 0.004328043954 0 0 0 0 0.004381637218 0 0 0 0 0 0 0 0 0 0.0003319697149 0.004200448302 0 0 0 0 0 0 0.004222639101 0 0 0 0 0 0 0 0 0 0 0 0 0 0 0 0 0 0 0 0 0 0.004443133394 0 0 0.004504064097 0 0 0 0 0 0 0 0.004295512607 0 0 0 0 0.003576124417 0 0 0.004450140519 0 0 0 0 0 0 0 0 0 0 0 0 0 0.00432911334 0 0 0 0 0 0 0 0.004474946967 0 0 0 0 0.004440486292 0 0 0 0 0 0 0 0 0 0 0 0 0 0 0 0 0 0 0 0 0 0 0 0 0 0 0 0 0 0 0 0 0 0 0 0.0009981684028 0 0 0 0 
0 0 0.001315852361 0 0 0 0.004447568439 0 0 0.004371483832 0 0.00428364446 0 0 0 0 0 0 0.004443889276 0 0 0.004289057372 0 0 0 0 0 0 0.004255024935 0 0 0 0 0 0 0 0 0 0 0 0 0 0 0 0.004436097607 0 0 0 0 0 0 0 0 0 0 0 0 0 0 0 0 0 0 0 0 0 0 0 0 0 0 0 0 0 0 0.004324256584 0 0 0.004343300528 0 0.004489594284 0 0 0 0 0 0 0 0 0 0 0 0 0 0 0 0 0.004439364853 0 0.004523721491 0 0 0.001222803546 0 0 0 0 0 0 0 0 0 0.004343179901 0 0.004421032209 0 0 0.004416776062 0 0 0 0.0003792287231 0 0 0 0 0 0.001045392035 0 0 0 0 0 0 0.008570710397 0.004221758959 0 0 0.004477566305 0 0 0 0 0 0 0 0 0 0 0 0.004532312959 0 0 0 0 0.004229538707 0 0 0 0 0 0 0 0 0 0 0 0 0.004213206237 0 0 0 0 0 0 0 0 0 0 0 0 0 0.000154872049 0 0 0.0008580255545 0.004443442531 0 0.000458247277 0 0 0 0 0 0 0 0 0 0 0 
0.004288815715 0 0 0 0.004283812628 0 0 0 0 0 0.004316603571 0 0 0 0 0 0.0006583698504 0 0 0 0 0 0 0 0.004424070968 0 0 0 0 0 0 0 0 0 0 0 0 0 0 0 0 0.004459830222 0 3.272528166e-05 0.004363374694 0 0 0 0 0 0 0 0.008658982338 0 0 0 0 0 0 0 0 0 0 0 0 0 0 0 0 0 0 0.004541580056 0 0.004315100846 0.004417689668 0.004275157895 0 0 0 0.004525100744 0 0.004268803757 0 0 0 0 0.00432220091 0 0.004339574102 0.004525877515 0 0 0.004248756478 0 0.004298156777 0 0 0 0.00430165615 0 0.004324597912 0 0 0.004236908305 0 0 0 0 0 0 0 0 0 0 0 0 0.0086795917 0 0 0 0.004382024548 0 0 0.004341643636 0 0 0 0 0 0 0 0 0 0 0 0 0 0 0 0 0 0 0 0 0 0 0 0 0.004225580182 0 0.00428782043 0 0 0 0.004386739874 0 0 0 0.004240007626 0 0 0 0 0 0.004457989564 0 0 0 0 0 0 0 0.008510573038 0 0 0 0 0 0 0 0 0 0 0 0 0.004214113388 0 0 0 0 0 0 0 0 0 0 0 0 0 0.004320698923 
0 0 0 0 0 0 0 0 0 5.705586148e-05 0 0 0.004350554902 0 0 0 0 0 0.004301026431 0 0 0 0 0 0 0.004517574514 0 0 0 0 0 0 0 0 0 0 0 0 0 0 0.004429735306 0 0 0.004287737532 0.004268769864 0.004471602281 0.004295154902 0 0 0.004437867106 0 0 0 0 0 0 0 0 0 0 0 0 0 0 0 0 0 0 0.004505610915 0 0.004334616698 0 0 0 0 0 0 0 0.004286932919 0 0 0 0 0 0 0 0 0.004247174792 0 0 0.004486759677 0 0 0 0 0 0 0 0 5.99116766e-05 0 0 0 0.007573362333 0 0 0.004456879936 0 0 0 0 0 0 0 0 0 0 0 0.0003174911353 0 0 0 0 0 0.0003789023555 0 0 0 0 0 0 0 0 0.0002968029362 0.004360725228 0 0 0 0 0 0 0.0003582069424 0.004221411606 0 0 0 0 0.004223332855 0 0 0 0 0 0 0 0 0 0.004486983583 0 0 0 0 0 0 0 0.000714168467 0 0 0.006485307127 0.004278087953 0.004321358027 0 0 0 0 0 0 0 0 0 0 0 0 0.004403411019 0 0 0.004365147592 0.004265206872 0 0 0 0 0 0.00419286705 0 0 0.0044451875 0 0 0 
0 0 0 0.004439509389 0 0 0 0.004527912953 0.0002313929063 0 0.004352535036 0 0 0 0.00445809837 0 0 0 0 0 0 0 0.004332300544 0 8.328561496e-05 0 0 0 0 0 0 0 0 0 0 0 0.001015819617 0 0 0 0 0 0 0 0 0 0 0 0 0 0 0 0 0 0 0 0.004449324042 0 0 0 0 0 0 0 0.004405767933 0.004451366758 0 0 0 0.0003634261386 0 0 0 0.004388485169 0.004119414007 0.004225772555 0 0 0 0 0 0 0.008781771659 0 0 0 0 0 0 0 0 0.004397557945 0.004407461403 0 0.0002595186311 0.008964678303 0 0.004405742718 0 8.489592384e-05 0 0 0 0 0 0 0 0 0.004400518597 0.004254702845 0.004532964543 0 0 0 0.0003927554803 0 0 0 0 0 0 0 0 0 0 0 0 0 0 5.15940929e-05 0 6.677261976e-05 0 0 0.008577502702 0 0 0 0 0 0 0 0 0.0004613080406 0 0 0.001169491573 0.00892137315 0 0 0 0 0 0 0.004418530788 0 0 0 0 0 0 0 0 0 0 0 0 0 0 0 0 0 0 0.004532601139 0 0 0 0 0 0 0 0 0 0 0 0 0 0.004383293704 0 0 0 0 0 0 0 0 0.004300641014 0 0.001185177998 0 
0 0.004236416583 0.00438457192 0 0 0 0 0 0 0 0 0 0 0.004270186606 0 0 0.004407959634 0 0 0 0 0 0.004298373205 0 0 0.00450746857 0 0 0 0 0 0 0 0.00439943727 0 0.001203772736 0 0 0 0 0 0 0.004217435318 0.0007043101325 0 0 0 0 0 0 0.004345546912 0 0 0 0 0 0 0 0 0 0 0 0 0 0.0005469725239 0.004260686573 0 0.004265481621 0 0 0 0.004378368047 0.004467344449 0.00449221323 0 0 0 0 0.004266704609 0 0.004215438683 0 0 0 0 0 0 0 0.0006895256239 0 0 0 0 0 0 0 0 0.004309882328 0.0002242807067 0 0 0 0 0 0 0 0 0.004327067099 0 0 0 0 0.004484250443 0 0.00425338148 0 0.004526051158 0 0.004374578822 0.004417265629 0 0 0 0 0 0 0 0 0 0 0 0 0.008893011155 0.001557680564 0 0 0 0 0 0 0 0.001209908015 0 0 0.004468150922 0.0003754793032 0 0 0 0 0 0 0.008942298872 0 0 0 0.004190459754 0 0 0 0 0 0 0 0 0 0 0 0 0 0.006979399664 0 0 0 0 0 0 0 0 0.004375548193 0 0 0.004316489641 0 0 0 0.004235628125 0 0 0 0 0 0 0 0 0 0 0.005792097848 0 0 
0 0 0.004390026157 0.004350525396 0 0 0 0 0 0 0 0 0.008963038127 0 0 0.00444590297 0.004527976217 0 0.001831941611 0.004202922736 0.004237302255 0 0.008827207159 0 0 0 0 0 0.008858375898 0 0 0 0 0 0 0 0 0 0 0 0.004286901361 0 0 0.004287063584 0 0 0 0.004429937246 0 0 0 0 0 0 0 0.0007224966581 0 0 0 0 0 0 0 0 0.004234543398 0 0 0 0 0 0 0 0 0 0 0 0 0.0004142040496 0 0.004393846521 0 0 0 0 0 0 0 0 0.001201867356 0 0.0002408152355 0 0 0.008626825056 0 0 0 0 0.004512979604 0.004344103738 0.004434913544 0.004471906568 0.0007446932978 0 0 0 0 0 0.004333056266 0 0 0.00424578355 0 0.004464080423 0.0002439055641 0 0 0.004316754091 0 0.001529812605 0.00423514565 0 0 0 0.001159797848 0.004246590364 0 0 0 0 0 0 0 0 0 0 0 0 0 0 0 0 0 0 0 0 0.004339410672 0 0 0 0 0 0 0 0 0 0 0 0 0 0 0 0 0 0 0.004252746544 0 0 0 0 0 0.002938689053 0 0 0 0 0.00433002816 0 0.004292930486 0 0.0003589781242 0 0 0 0 0 0 0 0 0 0 0 0 0 0 0 0.000112730364 0 0 0.004477207082 
0 0 0 0 0 0 0 0 0 0 0 0 0 0 0 0.004468355479 0.004467692532 0 0 0 0 0 0 0 0 0 0 0 0.004448431283 0.004586824247 0 0 0 0 0 0 0 0 0 0.004364016965 0.004460745869 0 0 0 0 0 0 0 0 0 0 0 0 0.004512956481 0 0.0006836347163 0 0 0 0.004765805243 0.004223860251 0.004432533779 0 0.0003411169736 0.004303752262 0 0 0 0 0 0 0 0.008842320501 0 0 0 0.004519030948 0.009061070435 0 0.004321165567 0.004256325302 0 0 0 0.004332951114 0 0 0 0 0 0 0 0 0 0 0 0 0 0.0008846073158 0 0 0 0 0.000407427006 0 0.004412611736 0 0 0 0 0 0 0 0 0 0 0 0 0 0 0 0 0.004494897816 0 0 0 0 0 0 0 0 0 0 0 0 0 0 0 0.002558733034 0.0002110850945 0 0 0 0 0 0 0 0 0 0.004190469809 0.004520793592 0 0 0 0.004312917571 0 0 0 0 0 0 0.004374762403 0 0.004506299545 0 0 0 0.004380331362 0 0 0 0 3.634809984e-05 0 0 0 0 0 0.0005065805405 0 0.004525703752 0 0 0 0.004236830534 0.006325664372 0 0 0 0 0.004526212376 0 0 0 0 0.004517276634 0.004308909809 0 0 0 
0 0 0 0 0 0.004344788558 0 0 0.004508579825 0.001369274406 0 0 0 0.008914631276 0 0.008832202797 0 0 0 0.004515016955 0 0 0.008652103012 0 0 0 0.005749185446 0.004530388555 0 0 0 0 0 0 0 0 0 0 0 0.004412070198 0.004287709251 0 0 0.004404348068 0 0 0 0.004269948624 0 0 0 0 0 0 0 0 0 0 0 0 0 0.004330904415 0 0.004282611882 0 0 0 0 0 0 0.004520793813 0.004510099817 0 0 0.004377005212 0 0 0 0.004255017409 0 0.0006620056167 4.721522149e-05 0 0 0.00449282596 0 0.00450800964 0 0 0 0.01292238649 0 0 0 0.004469773116 0 0.004351637772 0 0 0 0 0 0 0 0.0002419644619 0 0 0 0 0 0 0.004442732796 0 0.0008683418747 0 0 0 0 0 0 0 0 0 0 0 0.004342035593 0 0 0 0 0 0 0 0.0004816990798 0 0.004521537407 0 0 0 0 0.0003808514903 0 0 0 0 0 0 0 0 0 0 0.004512762799 0.004522342105 0.004190551899 0 0 0 0 0.0043052162 0 0 0 0 0.004342159169 0 0 0.0005563506615 0 0 0 0 0 0 0 0 0 0 0 0 0 0 0 0 0 0 0 0 0 0 0 0 0 0.008761210809 0 0.004294816089 0 0.004424552947 0.004250358839 0 0 
0 0 0 0 0 0 0.004233978846 0 0 0 0 0 0 0 0 0 0 0 0 0.009002889193 0 0 0 0 0 0 0 0 0 0.00433804127 0 0.004444950308 0.00123651474 0.004471534187 0 0 0.00863563447 0 0 0 0 0 0 0 0 0 0.004495043316 0.00451517137 0 0.004334048529 0 0 0 0 0 0 0 0 0 0.005103808204 0 0 0 0 0 0 0 0 0 0 0 0 0 0.001435851306 0 0 0 0 0 0.008601497715 0.001472924189 0 0 0 0 0 0 0 0 0.004448707356 0 0 0 0 0 0 0.00428174151 0 0 0 0 0 0 0 0 0 0 0 0.004305839577 0 0 0 0.004268508871 0.004336601424 0 0 0 0 0 0 0.004199806825 0.00449836735 0.004417783575 0 0 0 0 0 0 0 0 0 0.004226054333 0 0.0002546257589 0 0 0 0 0 0 0 0 0.005005711156 0 0 0.004307319345 0.004230149853 0.004253083356 0 0.0003436914829 0 0 0 0 0 0 0 0 0 0 0.004401603172 0 0 0 0 0 0 0 0 0 0 0 0 0.004319534031 0.004314811915 0 0.004289922801 0 0 0 0.004308229624 0 0 0 0 0 0 0 0.000809462793 0 0 0 0 0 0 0 0 0 0 
0 0 0 0.004452915766 0 0 0 0.0009957576018 0 0 0 0.004404382233 0 0 0 0 0 0 0.00441946938 0 0 0 0 0 0 0 0 0 0 0.00450797363 0 0.004423229465 0 0 0 0 0 0 0 0.00443045087 0 0 0.004507548477 0 0 0 0 0 0.004373643486 0.004379268328 0 0 0 0 0 0.004338208845 0 0 0.0008925474654 0 0.008509721505 0 0 0 0 0 0 0 0 0 0.004390505986 0.00442097373 0 0.004407812648 0 0 0 0 0 0 0 0 0 0 0 0 0 0 0 0 0 0.004503618217 0 0 0 0 0.008685712487 0 0 0 0 0 0 0.002360229537 0 0 0.008751197102 0 0 0 0.004931556313 0 0.004461289976 0 0 0 0 0 0 0.004217524716 0 0 0 0 0 0 0 0 0 0 0 0 0.004205262878 0 0.004228039409 0 0.004518626371 0 0 0 0 0 0 0 0.004392283022 0 0 0 0 0.004340880388 0 0 0 0 0.00426057673 0 0 0 0 0 0 0.00434353206 0 0 0 0 0.000143538309 0 0 0 0 0 0 0 0 0 0 0.004491871963 0 0 0 0 0 0.004286397809 0 0 0 0 0 0 0 0 0 0 0 0 0 0.004244156705 0.004524414503 0 
0 0 0.004474571567 0.004415442672 0 0 0 0.004393338968 0 0.004310065934 0 0 0 0 0 0 0.004519662996 0 0 0 0 0.004329962537 0 0 0 0.004519683801 0 0 0.0008440350255 0.004324365136 0 0.004475729988 0 0 0 0.00433583561 0 0 0 0 0 0 0 0 0 0.004487641951 0 0 0.004343465496 0 0.004294226448 0 0 0 0 0 0 0 0 0 0 0 0 0 0.004436542061 0 0 0.004500451525 0 0 0 0.0005192541991 0 0 0 0 0 0 0.004281168958 0.004491072737 0 0.004527879936 0.008712828426 0 0 0 0 0 0 0.0001104860889 0 0.008644853319 0 0 0 0 0 0 0 0 0 0 0 0 0 0.005013066011 0 0 0.0006642553775 0.004194530481 0 0 0 0.004413645337 0 0 0 0 0 0 0 0 0 0 0 0 0 0 0.00420341208 0 0 0 0 0 0 0 0 0 0 0.004395663336 0 0 0.004337212879 0 0.004496871316 0 0 0.004308575773 0 0 0 0 0 0 0 0 0 0 0 0 0 0.004265998323 0 0 0 0 0 0 0 0 0 0 0.004231315142 0 0 0 0 0 0 0 0 0 0 0 0 0 0 0 0 0 0.004365160121 0.004368820903 0.004490272113 0 0 0 0.0001776009122 0.004532240106 0 0 
0 0 0 0 0 0 0 5.712959995e-05 0.008684425928 0 0 0 0 0.004305308628 0 0.004427428757 0.004209865697 0 0 0 0 0 0 0 0.004486524633 0 0 0 0 0.004292787889 0 0 0 0 0 0.004485164376 0 0 0 0 0 0 0 0 0 0 0 0 0 0 0 0 0 0 0 0 0 0 0.004346576395 0 0 0 0.00438099469 0 0 0.008545635691 0 0 0 0 0 0.004263652462 0 0.004416614323 0.0005091949185 0 0 0 0 0 0 0 0 0 0 0 0 0 0 0 0 0 0 0.004273612635 0 0 0 0 0 0 0.004339061355 0 0.004513521833 0 0 0 0 0 0 0.004199547184 0 0 0 0 0 0 0 0.004467325768 0.001418601286 0 0 0.008977118265 0 0.004217825876 0 0 0 0 0 0 0 0.004279240006 0 0 0 0 0 0 0 0 0.004429850374 0.0006667094297 0 0 0 0.004213723705 0 0 0 0 0 0 0 0 0 0 0.0001094978576 0 0 0 0 0 0 0.004412589133 0 0 0 0 0 0 0 0 0 0 0 0.001021425151 0 0 0 0.004507247011 0 0 0 0 0 0 0 0.00419286696 0 0 0 0 0.002593861487 0.0004422956189 0 0.0007877487467 0 0 0 0.00434051877 
0 0.004370351655 0.0002672815071 0 0 0.004503334588 0.004359192863 0 0 0 0 0 0.004261854507 0 0 0.004251704011 0 0 0 0.004376365261 0 0 0 0 0 0 0 0.004343847656 0.0001804969249 0 0.004493323171 0.004453044801 0 0 0 0.004350556806 0 0.004508658377 0 0 0 0 0 0 0 0 0.004488470652 0 0 0 0 0 0 0 0 0 0 0 0 0 0 0 0 0 0 0 0.00424799018 0 0 0 0 0 0 0 0 0 0 0 0 2.227325033e-07 0 0 0 0 0 0 0.004215962963 0 0 0 0 0 0 0.008720731519 0 0 0 0 0 0.004424637819 0 0 0 0.004513025229 0 0 0 0 0 0 0 0 0 0 0 0.004494937589 0.004239106881 0.00424860676 0 0.002800911262 0.004301495969 0 0.004495604637 0 0 0 0 0 0 0 0.00427215862 0 0 0 0.009178017431 0 0 0 0.008623416405 0 0 0 0 0 0 0 0 0 0 0 0 0.00434863672 0 0 0 0 0.006458847402 0.004318597766 0.001677781611 0 0 0 0.004313471711 0 0 0 0 0 0 0 0 0.004243412473 0 0.004527580368 0.0003491828521 0.01296755978 0 0 0 0 0 0 0 0 0 0 0 0 0 0.00441837536 0 0 0 0 0 0 0 0 0 0 
0 0 0 0 0 0 0 0 0 0 0 0 0 0 0 0 0 0 0 0 0 0 0 0.004470576415 0 0 0 0 0 0 0 0 0.004266909616 0 0 0 0 0 0 0 0.004472282777 0 0 0.004520798269 0 0 0 0 0 0.0007058514634 0 0 0 0 0 0 0.004251022517 0 0 0 0 0 0 0 0 0 0.004242771925 0.004457134437 0 0 0 0 0 0 0.004383896825 0 0 0 0 0 0 0 0 0 0 0 0 0 0 0 0 0 0 0 0 0 0 0 0 0 0 0.004411438165 0 0 0.004216643994 0 0 0 0 0 0 0.00430497256 0 0 0 0 0.004339149547 0 0.01285072898 0 0 0.0006036193086 0 0.007114685754 0 0 0 0 0 0 0 0 0.004265739963 0.004458114379 0 0.004329089089 0 0 0 0.008678529489 0 0 0 0 0 0.004853167982 0 0 0 0.004239638955 0.004435612798 0 0.004384183977 0 0 0.005044373766 0 0 0.004461926686 0 0.004444553132 0 0.0042113614 0 0 0 0.007205736459 0 0 0 0 0.004263049659 0.004222185576 0 0 0 0 0 0 0 0 0 0 0.00427691932 0 0.004329122658 0 0 0 0 0 0 0 0.004486011798 0 0 0 0.008957682498 0 0 
0 0 0 0.004447935418 0.0009833217357 0 0 0.00171555973 0 0 0 0 0 0 0 0 0 0.004313270089 0 0.004340511039 0.0004327474583 0.00420742197 0 0 0 0 0 0 0 0 0 0 0 0 0 0 0.004412262173 0 0 0 0.004340849413 0 0 0 0 0.004496804401 0 0.004306672637 0 0 0 0 0 0 0.004276379465 0 0 0 0 0.00056483884 0.00422570724 0 0 0 0 0 0 0.004451536486 0 0 0 0.004501172631 0 0 0 0 0 0 0.004389655181 0 0 0 0 0 0 0 0 0 0 0.004528098637 0 0.004230239791 0 0 0 0 0 0 0 0 0 0 0 0.0002949668583 0.004371903891 0 0 0 0 4.742106654e-05 0 0.004331148303 0 0 0 0 0 0 0 0 0 0.004219406157 0 0 0 0 0 0 0 0 0 0 0 0 0 0 0 0 0 0 0 0 0 0 0 0 0 0 0 0 0 0 0 0 0 0 0 0 0 0 0 0 0 0.0002321579752 0 0 0 0 0 0 0 0 0.004200266825 0 0 0.004307067854 0 0 0 0.004525095117 0.004495985611 0 0 0 0 0 0 0.004258185649 0.004282449051 0 0 0 0.004469053617 0 0.00447957876 0.0001019501674 0.00432114304 0.0001474562172 0 0 
0 0 0 0 4.618761533e-05 0 0 0 0 0 0 0 0 0 0 0 0 0 0 0 0.004523795431 0 0 0.004477019067 0 0 0 0.00440297486 0 0 0 0 0 0 0 0 0 0 0 0.001951576635 0 0.00446971067 0.004219272599 0 0 0 0 0 0 0 0 0 0 0 0 0 0 0.00421344905 0.004893185896 0 0 0.004210077402 0 0 0 0 0.004358599272 0.004221087458 0 0 0 0 0 0.004216432896 0 0 0 0 0 0 0 0 0 0 0 0 0.001192170698 0 0 0 0 0 0 0 0 0 0.00446250745 0 0.008563685896 0 0.001539658892 0 0 0 0 0 0.0006263547611 0 0 0.00448704273 0 0 0 0 0 0 0.004259047773 0 0 0 0 0.004527587613 0.004494842601 0 0.004302750626 0 0.004333722835 0.004230706447 0 0 0.004507033431 0 0.008741620873 0 0 0 0 0 0 0.004518877639 0 0 0 0 0 0 0 0 0 0 0 0 0 0 0.004429663963 0 0 0 0.00156246025 0 0 0 0 0 0 0.008488587258 0 0 0 0.004481543212 0 1.060556614e-05 0.004461023214 0 0.004226446823 0 0 0 0 0 0 0 0.004520971733 0 0 0 0 0 0 0 0 0 0 0 0 0 0 0 0 0.004480522149 
0 0 0 0 0 0 0 0.004489361598 0 0 0 0 0 0 0 0 0 0 0 0 0 0 0 0 0 0 0 0.004492097969 0 0 0.004207044505 0 0 0.004246692386 0 0 0 0 0.001287056737 0 0 0.004298939632 0.004460633133 0 0.004348708876 0 0 0 0 0 0 0 0 0.00451467161 0 0 0 0 0 0 0 0 0 0 0 0 0 0 0 0 0 0.004482446133 0 0 0.0006242756701 0 0.004458365149 0.004409727783 0 0 0 0 0 0 0.004245793406 0.00434609767 0 0.004351422018 0 0 0 0 0 0 0 0 0.000752989484 0 0 0.004310626895 0 0 0 0 0.004353059625 0.000755991738 0 0 0.00434778381 0 0 0 0 0 0 0 0 0 0 0 0 0 0 0 0 0 0 0 0 0 0 0.004227036373 0 0 0 0.004356363862 0 0 0.008640103666 0 0 0 0 0 0 0 0 0 0 0 0 0 0 0.004347471529 0 0 0 0 0 0 0 0 0 0 0.0005600574776 0 0 0 0 0.004499081943 0 0 0 0 0 0 0 0 0.004463806441 0 0 0 0 0.004503414941 0 0 0 0 0 0 0 0 0 0 0.004453095051 0 0 0.004266623666 0 0 
0 0 0 0 0.00428261493 0 0.004337005615 0 0 0 0.001141009424 0 0 0 0 0 0 0.004435864226 0 0 0 0 0 0 0.004477062494 0 0 0 0 0 0 0 0 0.00438278941 0.004260777951 0 0.004245078082 0 0 0 0 0 0 0 0 0 0 0 0 0 0 0 0 0 0 0 0 0.004240181506 0 0 0 0 0 0.004447824084 0 0 0 0 0 0 0 0.00449136906 0 0 0 0 0 0 0 0 0 0.004281978706 0.004257516381 0 0 0 0 0 0 0 0 0 0 0.005617037439 0.000283732001 0.004458401432 0 0 0 0 0 0 0 0 0 0 0 0 0 0.004308127106 0.004282310613 0 0.0002426738088 0 0 0 0 0 0 0.0007234511192 0 0 0.004396519154 0 0 0 0.004435549711 0 0 0 0 0 0 0 0 0.004257259172 0.004495197677 0 0 0 0 0.004228079871 0 0 0.004399205417 0 0 0 0 0 0 0 0.004526338435 0.004231651715 0 0 0.004238020499 0 0.004200413575 0 0 0 0 0 0 0 0.004454576291 0 0.004525757299 0 0 0 0 0 0 0 0 0 0 0 0 0 0 0.004252238215 0 0 0 0 0 0 0 0.004309784866 0 0 0 0 0 0 0 0.004287314725 
0 0.004429134397 0 0 0 0 0 0 0.004474917152 0 0 0 0 0 0 0 0 0 0 0 0 0 0 0 0 0.004273477829 0 0 0 0 0 0 0 0 0 0.004421641021 0.004279614189 0 0 0 0 0 0 0 0 0 0 0 0 0 0.004464342053 0 0 0 0 0.004253330539 0 0 0 0 0 0 0 0 0 0 0 0.004418269843 0.004434825099 0 0.004326108336 0 0.00451382634 0 0 0.001168607722 0.00427449628 0 0 0 0 0 0 0 0 0.004392790185 0 0 0.004451915133 0 0 0 0 0 0 0 0 0 0.004219045151 0 0 0 0 0 0 0 0 0 0 0.004234109821 0 0 0 0 0 0 0 0 0 0 0 0 0 0 0 0 0.004223126826 0.004202413032 0 0 0 0.004498788238 0 0.004406196107 0 0 0 0.004303170265 0 0 0 0 0.004217725949 0 0 1.760311322e-05 0 0 0 0 0 0 0 0 0 0.001062364622 0 0 0.0043571664 0 0.004323489591 0.004477292489 0 0.004513645413 0 0 0 0 0 0 0.00432219631 0.004241005591 0 0 0 0 0.004204799938 0.004346815238 0 0 0 0 0 0 0 0.0006121391051 0 0 0 0 0 0 0 0 0 0 0 0.004344684255 0 0 
0 0 0 0 0 0 0 0 0 0.004268609112 0 0 0 0 0 0 0 0 0 0 0 0 0 0 0.008623093708 0 0 0 0 0 0 0 0 0 0 0 0 0 0 0 0.004473220886 0 0 0.001015497425 0 0 0.0006733485364 0 0 0 0.004459729403 0.0002485789151 0 0 0 0 0 0.008727132649 0 0.00445938001 0 0 0.001225606563 0 0 0 0 0 0 0.004414663471 0 0 0 0 0 0 0 0 0 0 0.004412624227 0 0 0 0 0 0.002414380412 0 0.004447744765 0 0 0 0 0.00446685905 0 0 0.004465495601 0 0 0 0 0 0 0 0 0 0 0 0 0 0 0 0 0.004347859121 0 0 0.004458165189 0.004498805282 0 0.001026242135 0 0 0 0 0 0 0 0.004409457868 0 0 0 0.004494576284 0.008569871866 0 0 0 0 0.004530760763 0 0 0 0 0 0.004232539306 0.004289978863 0 0.00422093888 0 0 0 0 0 0 0 0 0 0 0 0 0 0 0 0 0.008521078097 0 0.004219747407 0 0 0 0.004418214273 0 0 0 0 0 0 0 0 0 0.004416291256 0 0 0 0.004219496235 0 0.004242058533 0 0.00870595694 0.00424439825 0 0 0.0002576267039 0.004434210367 0.00125622865 0 0 0.000704701411 0 0 0 
0.004263284157 0 0 0 0 0 0 0 0.004281750644 0 0 0 0 0 0 0 0 0 0 0.004521633067 0 0 0 0 0 0.004238749343 0 0 0.0006230203746 0 0.00452114392 0 0 0 0.004265947793 0 0.004468597417 0 0 0 0 0 0 0 0 0 0.00430956124 0 0.004311506667 0 0 0 0.00447965694 0 0 0.00444311327 0 0.004488276873 0 0 0 0 0 0.004237584398 0 0 0 0 0.004195484518 0 0 0 0 0 0 0 0 0 0 0 0.004235668024 0 0 0 0 0 0 0 0.004227241371 0 0 0 0 0 0 0 0 0 0 0 0 0 0.004406310712 0 0 0.004587336113 0 0 0 0 0.00433479381 0 0 0 0 0 0 0 0 0 0 0 0 0 0 0 0 0.002129124164 0.004392731454 0 0 0 0 0 0 0.004433332799 0 0 0 0 0.004196793106 0 0 0.004369092231 0 0.004195128239 0.0007352973921 0 0 0 0.004519061457 0 0 0 0 0 0 0 0 0 0 0 0 0 0.004308312624 0 0 0 0 0 0.0008598628758 0 0 0 0 0.004348344972 0 0 0 0 0 0 0 0 0 0 0 0 0 0 0 0 0.004433094831 0.004392462689 0 0 0 0.004233414903 0.00427038079 0 
0 0 0.008665198229 0 0.0002447231251 0 0.004528823215 0 0 0 0 0 0 0 0 0 0 0 0 0 0 0 0 0.004362314177 0.004399768115 0 0 0 0 0 0.004205859411 0 0 0.004271872875 0.004436208983 0 0 0 0 0.004525329862 0 0.004478503683 0 0 0.004513772244 0 0 0 0 0 0.004279769458 0 0 0 0.004443303844 0 0 0 0 0 0 0 0 0 0 0 0 0.004445826766 0 0 0 0 0 0 0 0 0 0 0 0 0 0 0 0 0.000162326186 0 0 0 0.004495875652 0 0 0 0 0 0 0 0 0 0 0 0 0 1.782664224e-05 0.004200045279 0 0 0 0 0.008585128915 0 0 0 0 0 0 0 0 0.0001046118139 0 0 0 0 0 0 0 0.004351650186 0 0 0 0 0 0 0 0 0.004324842205 0 0 0 0 0 0.004303149537 0 0 0 0 0.004463718606 0 0.004501118825 0 0 0 0 0 0 0 0 0 0 0 0 0 0.004507604025 0.0007972552795 0 0 0 0 0 0 0 0 0.004355500412 0 0 0 0 0 0 0 0 0 0 0.004445869117 0 0.0005694774084 0 0 0 0.004338761928 0 0.004402363001 0 0 0 0 0 0 0.004203896595 0 0 
0 0 0.004272604455 0 0.004289652631 0 0 0 0 0 0.001422134719 0 0 0 0 0.004253767771 0.004197510579 0 0 0 0.004390046953 0 0 0 0 0.001226191572 0 0 0 0 0.004230267366 0.004199764725 0 0 0 0 0 0 0 0 0 0 0 0 0.008510617051 0 0 0 0 0 0 0 0 0 0 0 0 0 0 0 0 0 0 0.004271243744 0.004224940573 0 0 0 0 0 0 0.004417413574 0 0 0 0 0 0 0 0 0 0.00497436786 0.004278477371 0 0 0 0 0 0 0 0 0.0008981302031 0 0.001062132845 0 0 0 6.730223197e-05 0 0 0 0 0 0 0 0 0 0 0 0 0 0 0.004253612043 0 0 0 0 0.004250607033 0 0 0 0.004509884568 0 0 0 0 0 0 0 0 0 0 0 0 0 0.004325566956 0 0 0 0 0 0 0 0 0 0.004440105869 0 0 0 0 0 0 0 0 0 0 0.000382917025 0 0 0 0 0 0 0 0 0 0 0 0 0 0.004290867238 0 0 0 0 0 0 0 0 0 0 0 0 0 0 0 0 0 0 0 0.004195685019 0 0 0 0.004283159537 0 0 0 0 0.004330471992 
0 0 0 0 0 0 0 0 0 0 0.004207678083 0.004358314849 0 0 0 0 0 0 0 0 0 0.004379097498 0.004383787899 0 0 0 0 0 0 0 0 0 0 0 0 0.004311094972 0.004362144186 0 0 0.004457422618 0 0 0 0 0 0 0 0.008590799676 0 0 0 0 0 0 0 0 0.0008460703181 0 0 0 0.00423311316 0 0 0 0.004493784612 0.0001514050273 0.008937087149 0.004351451579 0.004425408492 0 0 0 0 0 0 0 0 0 0 0 0.004201446975 0 0.004443696752 0 0 0 0 0.004197909255 0 0 0 0 0 0 0 0.005192275345 0 0 0 0 0 0 0.004307393949 0 0.0003537743598 0 0 0 0 0 0.004511674139 0.004508785157 0.008499236607 0.004499539444 0 0 0 0 0 0 0 0 0 0 0 0.004461900579 0 0 0.004197802204 0 0 0 0 0 0 0 0 0 0 0 0 0 0 0 0 0 0 0 0.004510855538 0 0.00871477653 0.004287747732 0 0 0 0.004344571956 0 0 0 0 0 0 0 0 0 0.004469933439 0 0 0.008726426748 0.004454693421 0 0 0 0 0 0 0.004442498116 0 0 0 0 0 0 0.004209304739 0.004204578518 0 0 0 0.004354424624 0 0 0 0 0 0 0 0 0 0 0.004353545065 
0 2.54067221e-05 0 0.00447092853 0.002469385912 0 0 0 0 0 0 0 0.004274308626 0 0.004337223443 0 0 0 0 0 0 0.004334679924 0 0.0004945090768 0 0.004520860998 0 0 0 0 0 0 0 0.004208338699 0 0 0 0 0 0 0.0001772905671 0 0 0.0004376302064 0 0 0 0 0 0 0.004361686466 0 0 0 0 0 0 0 0 0 0 0.004217268292 0 0 0 0 0 0 0 0.0043703002 0 0 0 0 0.004473577214 0 0 0.004517835574 0 0 0 0 0 0 0 0 0 0 0 0 0 0 0 0.004269644531 0 0 0 0 0 0 0 0 0 0 0 0.004395858096 0 0 0 0 0 0 0 0 0 0 0 0.004337998865 0 0.004508721782 0 0 0 0 0.004373969407 0 0 0 0 0 0 0.00439818931 0 0 0.004525929033 0 0 0 0 0.00426665117 0 0 0.008869058797 0 0 0 0 0.004340362128 0 0 0.004468261617 0 0 0 0 0 0 0 0 0 0 0 0 0 0 0.004280081025 0 0 0 0 0 0 0.004488795763 0.00443117537 0 0 0.004458209618 0 0 0 0 0 0.004214647876 6.177573267e-05 0.004295207271 0 0 0 0 0 0 0 0 0 0 0 0 0 0 0 
0 0 0 0 0.004475256794 0 0 0 0 0 0 0 0 0.004287155144 0 0 0 0 0 0 0.004271078093 0.0001869571382 0 0 0 0.0003463038932 0 0 0.004241523716 0 0 0 0 0 0 0 0 0 0 0 0 0.004443688431 0 0 0 0 0 0 0 0 0 0.004234100974 0 0 0 0 0 0 0 0 0 0.0007081221236 0.0007535294591 0 0.005527021996 0 0 0 0.004194831109 0 0 0 0 0 0 0.008605960912 0 0 0.008601450496 0 0.0007731832961 0 0 0.004351673965 0 0 0 0 0.0129664459 0 0 0 0 0.004219952165 0 0 0 0 0.004278415037 0 0.004502565566 0 0 0.00850582736 0.004438397131 0 0 0 0 0.00429187717 0 0.004524862443 0 0 0 0.004341518897 0 0 0 0 0 0 0 0 0.0001974801435 0 0 0.004339003184 0 0 0 0 0 0 0 0 0 0.004299727919 0.001346287283 0 0.008543123812 0 0 0 0 0 0 0 0 0.0002169588919 0 0 0 0.004457038595 0 0 0 0 0 0 0 0 0 0 0.004207519979 0 0 0 0 0 0 0 0.004268888608 0 0 0 0 0 0 0 0.0004627248064 0 0 0 0 0 0 0 0 0 0 0 0 0 0 0 0 0.004429364385 0 0 
0.0004856347059 0 0 0 0 0 0 0 0 0 0 0 0 0 0 0 0 0 0.004508414966 0 0 0.004225822433 0 0 0 0.004513298257 0 0 0 0 0 0 0.004299443602 0 0 0 0.004407610324 0.00422605141 0 0 0 0 0 0 0 0 0 0 0.004251613086 0 0 0.00425569191 0 0 0 0 0 0 0 0 0 0.004436313507 0 0 0 0 0 0 0 0 0.004371883655 0 0 0 0 0.004398775254 0 0.001675940751 0 0.004474548562 0.004300058669 0 0 0 0.004243073558 0.004289427378 0 0 0 0 0 0 0 0 0 0 0 0 0.004214710296 0 0.004233845835 0 0 0 0.004216873217 0 0 0 0 0 0 0 0 0 0 0 0.004405161974 0 0.0006256184002 0 0 0 0 0.004466686354 0 0 0 0 0 0 0 0 0 0 0.004523173747 0 0.004442743269 0 0 0 0 0 0 0.004345632896 0 0 0 0.004219731131 0 0 0 0.0001370111228 0 0.004518932719 0 0 0.004291543938 0 0 0 0 0 0.004403334616 0.004305101207 0 0 0 0.0009580290107 0 0 0.008778118288 0 0 0.004385260544 0 0 0 0.004313484767 0 0 0 0 0 0 0 0 0 0 0 0 0 0 0 0.0009685707319 0 0 0 0 0 0.004470999797 
0 0 0 0 0 0 0 0 0 0 0 0 0.004291965757 0 0 0 0 0 0 0.004482607858 0 0 0.004027532994 0 0.004453636246 0 0.008604685323 0 0 0 0 0 0 0 0.004262591312 0 0 0 0 0.004284997876 0 0 0 0 0 0 0 0 0 0 0 0.004199651667 0.004345022447 0 0.004359707283 0 0 0 0 0 0 0 0 0 0 0 0 0 0 0 0 0 0 0 0 0.0009395098915 0 0 0 0 0 0.004384806881 0 0 0 0 0 0 0 0 0 0 0 0 0 0 0 0.004255983027 0 0 0 0 0 0 0 0 0 0 0 0 0.002387757811 0 0 0 0 0 0 0 0 0 0 0.004304937822 0.004501497604 0 0.004372401361 0.004368738959 0 0 0 0 0 0 0 0 0 0 0.00448488697 0 0 0 0 0 0 0 0 0 0 0 0 0 0 0 0 0 0 0 0 0 0 0 0 0.00436095959 0.004288591034 0 0 0.00426856509 0 0 0 0 0 0 0 0 0 0 0 0.004464798404 0 0 0 0 0 0 0 0 0 0.004490964284 0 0 0 0 0.004190390131 0 0 0 0.004210463649 0.004304353256 0 0 
0.004212658185 0 0 0 0 0 0 0.004376371847 0 0 0.004273088189 0 0 0 0 0 0 0 0 0 0.004466886461 0.00059880178 0 0 0 0 0 0 0 0 0 0 0 0 0.0006707431099 0 0 0 0 0 0 0 0 0 0 0 0 0 0 0.004283389021 0 0 0 0 0 0 0 0 0 0 0 0 0 0 0 0 0.004245507602 0.008746880737 0 0.0001259477266 0 0 0.004262269691 0.004345181475 0 0.00049819805 0 0 0 0.00850706608 0 0.0006806196714 0 0.004388777906 0.004465354324 0 0 0 0 0.004468442429 0 0.004442571851 0 0 0 0 0 0 0.009227307482 0 0 0 0 0 0 0 0 0 0 0 0 0.004372920916 0 0 0.0009623784497 0 0 0.008689990296 0 0.004360049623 0.001213191737 0 0 0 0 0 0 0 0 0 0 0 0.004470373999 0 0 0 0 0 0 0 0 0 0 0 0 0.004365295983 0 0.004270597295 0 0 0 0 0 0 0 0 0 0.002884230028 0 0 0 0.00432796382 0 0 0 0 0 0.004405954692 0 0 0 0.004220803034 0 0 0.00423725289 0.004502949364 0 0 0 0 0.0005684492181 0 0 0 0 6.33226795e-05 0 0 0 0 0.004458409619 0 0 0 0.00420061077 0 0.00435710553 0 0.004255791438 0 
0.004233109779 0 0 0 0.0002810893561 0 0 0 0 0.00428350069 0 0 0 0 0 0 0 0 0 0 0 0 0.004199534847 0 0 0 0 0 0 0 0 0.004378429532 0 0 0.004218648226 0 0 0 0.004337096795 0 0 0 0 0 0 0 0 0.004312408261 0 0 0.004395815413 0 0 0 0 0 0 0 0 0 3.161976959e-05 0 0 0 0 0 0 0 0 0.004267899597 0 0 0 0 0 0 0 0 0 0.004482102534 0 0 0 0 0 0 0 0 0 0 0 0 0 0 0 0 0 0 0 0.004390856646 0 0 0 0.004432943692 0 0.0003668011961 0 0 0 0 0 0 0 0.009029372322 0 0 0 0 0 0 0 0 0 0 0 0 0 0 0 0 0 0 0 0 0.004250179012 0 0.001067460268 0 0 0 0 0 0 0 0.004275273904 0 0 0 0 0 0.004378892332 0 0 0 0 0 0 0 0 0.004313285803 0 0 0 0 0 0 0 0 0 0 0 0.004443650955 0 0 0 0.004282363756 0.004515717965 0 0 0 0 0 0.0008984678588 0.004223504828 0 0 0 0 0 0 0 0 0 0 0 0 0 0 0 0 
0 0 0 0.004260245342 0.008982735113 0 0 0 0 0 0 0 0 0 0 0 0 0 0 0.004223147172 0 0 0 0 0 0 0 0 0.004428110603 0.004204573905 0 0 0 0.004305370751 0 0 0 0.004209044718 0 0 0 0 0 0 0 0 0.001392420599 0 0 0 0.0003038544781 0 0 0 0 0 0 0 0 0 0 0 0 0 0 0.004321855772 0.00448038319 0 0.004413180472 0 0 0 0 0.004312646361 0 0 0 0 0 0 0 0.004343582592 0 0 0 0 0 0 0 0.000634742609 0 0 0 0 0 0 0 0 0 0 0 0 0 0 0 0.004504460276 0 0 0 0.004928565806 0.004424616503 0 0 0 0 0 0.004305976142 0.0009515763799 0.004309113652 0 0 0 0 0 0 0 0 0 0 0 0 0 0 0 0 0.004467232548 0 0 0 0.004470071562 0 0 0 0 0 0 0.004207111434 0.004362324562 0 0 0.0008105620744 0 0 0 0 0 0.004412527061 0 0.004508729593 0 0 0 0 0 0 0 0 0 0 0 0 0 0 0 0 0.0008493795701 0 0 0 0 0 0 0 0 0 0 0 0.004274515872 0.004347813606 0 0 0 0 0 0.008602643826 0 0 0.00433918416 0 0 
0.004366461639 0.004282727987 0 0 0 0 0 0 0.008595881699 0.004501339858 0 0 0 0 0 0 0.004454846787 0 0 0 0 0 0 0 0 0 0 0 0 0 0 0 0 0 0 0 0 0 0.004387148242 0 0.0006538875474 0 0.001774412145 0 0 0 0 0 0 0 0 0 0 0 0.004279007439 0 0.0004146566752 0 0 0 0 0.00425233512 0.004466752209 0 0 0 0 0 0 0.004390134226 0 0 0 0 0 0 0 0.008635600054 0 0 0 0.004449574979 0 0 0 0 0.001460415649 0 0 0 0 0 0 0 0 0 0 0 0 0.004271448634 0.0004342833554 0 0 0 0.004484411848 0 0 0 0 0 0 0 0 0 0 0 0 0.0001585445281 0.004358496001 0 0 0 0 0 0 0.004511357749 0 0 0 0 0 0.008638098084 0 0 0 0 0 0 0 0 0 0 0 0 0 0.004388558765 0.004418675311 0.004466444344 0.004368463542 0 0 0 0 0 0 0 0 0.004333131326 0 0.0004020246131 0 0 0 0 0 0 0.004369558086 0 0 0.004340945715 0 0.00860186626 0 0 0.004444922395 0 0.00452630954 0 0 0.004249067136 0 0 0 0 0 0 0 0.004489516907 0.004227248915 0 0.0001849017482 0 0 0 0.004291668087 0 0 0 0 0 
0 0.00444368322 0 0 0 0 0 0 0 0 0.004199057136 0 0 0 0 0.004438262389 0.004306522502 0 0 0 0 0 0.008882938443 0 0 0 0.004486142362 0 0 0 0.004218173085 0 0 0 0.004368813605 0 0 0 0 0 0 0.004356203566 0.004393858991 0.0002187095483 0 0.004446037664 0 0 0 0 0 0 0 0 0 0 0.000179196388 0 0.007233818577 0 0 0 0 0 0 0 0 0 0 0 0.008702783349 0 0 1.444375468e-05 0 0.004360862549 0 0.004470005202 0.0002398544025 0.004282090402 0 0.004206280406 0.008842982011 0 0 0 0 0 0 0 0 0 0 0 0 0 0 0.004228266181 0 0.004446347966 0 0 0 0 0 0.004238667458 0 0 0 0 0 0 0.004218529556 0.004416177262 0 0 0 0 0.004399914278 0.0009668738661 0 0 0 0.004204145132 0.004302244912 0 0 0 0 0 0.0001211458556 0 0 0.0004294566821 0.004417723936 0 0 0 0.004437324455 0 0.004223928567 0 0 0.004320184463 0.0009080716296 0 0 0 0 0 0 0 0 0 0.008596827193 0 0 0 0 0 0 0 0 0 0 0 0 0 0 0 0 0 0 0 0.004256867668 0 0 0 0 0 0 0.004514169604 0 0.008438355888 0 0 0.008651965028 0.004350000893 0 0 0 0.004240739485 0 0 0 0.004434785133 0 0.004243189484 0 0 
0.004429640787 0 0 0 0 0 0 0 0 0 0 0 0.004350464853 0 0 0 0.00447648351 0.002334364201 0.004246063923 0 0 0.0008335751528 0.004274557448 0 0 0 0 0 0 0 0 0 0 0 0 0 0 0 0 0.004286770898 0 0 0 0 0.004411437338 0 0 0 0 0.004452498573 0 0 0 0 0 0 0 0 0.0006860649607 0.004523905327 0 0.004380921403 0 0 0 0 0 0 0 0 0 0.008524079822 0 0 0 0 0 0 0 0 0 0 0 0 0 0 0 0 0 0 0 0.004406679555 0 0 0 0 0 0 0.001180743944 0 0 0 0 0 0 0 0 0 0 0 0 0 0 0.004226015145 0 0 0 0 0.004530574474 0 0 0 0 0 0 0 0 0 0 0 0.004214836638 0.004479868082 0 0 0 0 0 0 0 0 0 0 0 0 0.004460001754 8.01838854e-05 0.00445802932 0 0 0 0.004502508124 0 0.004505365073 0 0 0 0.00450405906 0 0.0043729606 0 0 0.004488593158 0 0 0 0 0 0 0 0.008819119746 0 0 0 0 0 0 0 0 0 0 0 0 0 0 0 0 0.004293333889 0 0 0 0 0 0 0 0 0 0 0 0 0 
0 0 0 0 0 0 0 0.004243468612 0 0 0 0.00427049279 0 0 0 0 0 0 0.004316300111 0 0 0 0 0 0.004467846723 0 0 0 0 0 0.004250662408 0 0 0 0 0 0.0001407889071 0 0 0 0 0.00429767237 0 0 0.004473685703 0.004272231149 0 0 0 0 0.004310412125 0 0.004450336995 0 0 0.004379902584 0 0.004451449549 0.008499360849 0 0 0 0 0 0 0.004217987961 0.004296516842 0 0 0 0 9.26984312e-05 0 0 0 0 0 0 0 0 0 0.004235810897 0 0 0 0 0 0 0 0 0 0 0 0.004217057298 0.0001157852994 0 0 0 0 0 0 0.004355809817 0 0.004353092285 0 0 0 0 0 0.004531605083 0 0 0 0 0 0 0.004445884964 0 0 0.0005505918889 0 0 0 0 0 1.071028744e-05 0 0 0 0 0 0 0 0 0 0 0 0 0.0007468729519 0.004197962951 0.0004289178249 0 0.004425507117 0 0.004298836205 0 0 0.004522732596 0 0 0.004356267689 0 0 0.0001325540187 0 0 0 0.004454142936 0 0 0 0.004762256315 0 0 0 0 0.004483586272 0 0 0 0 0.004396388459 0 0 0.00421190828 0.004404932297 0 0 0 0 0 0 0 0 0.004379441637 0.0001157155523 0 0 0 0 0.004252292871 0.004530453925 0 0 0 0 0 0.004470905098 0 0 
0 0 0.004530795053 0 0.00447265597 0.004402314813 0 0.004240240431 0 0 0 0 0 0 0 0.0006809889591 0 0.004256251512 0 0 0 0 0 0 0.0002882071395 0 0 0.004405381971 0 0.002168825363 0 0 0.0001233162751 0 0 0.008579431195 0 0 0.004427861221 0 0 0.004212823549 0 0 0 0 0 0 0 0 0 0.0003605795422 0 0 0 0 9.622406607e-05 0 0.004346956439 0 0 0 0 0 0.008913710054 0 0 0.0005458342369 0 0 0 0 0 0 0.004708019593 0 0 0 3.683442247e-06 0.004463423258 0 0 0.004266691955 0.000929912743 0.0004085019052 0 0 0.004393231103 0 0 0 0 0 0 0 0 0 0 0 0.004456006693 0 0 0 0 0 0 0 0 0 0 0.004226121039 0 0 0 0 0 0 0 0 0 0 0 0 0 0 0 0 0 0 0 0.004493100925 0 0 0 0 0.004370021808 0 0 0 0 0 0 0 0 0 0 0.00128140326 0.004266801186 0.004471102599 0 0 0.0004369687009 0 0 0.004212761377 0 0 0 0 0 0 0 0 0.001155535266 0 0 0 0 0 0.001335516983 0 0 0.004501651062 0 0 0 0 0 0 0 0 0 0 0 0 0 0.004254627986 0.002947459048 0 0 0 0 0 0 0 0 0 0 0 1.021768492e-05 
0 0 0 0 0 0 0 0 0 0.004499317645 0 0 0 0 0 0.004380483983 0 0 0 0 0 0 0.00446244355 0 0 0 0 0 0 0 0.0008939143233 0 0 0 0.004196210406 0 0 0 0.008700984176 0 0 0 0 0 0 0 0.004378295574 0 0 0 0 0 0 0 0.004512063664 0 0 0 0.004365860094 0 0.004398417938 0 0 0 0 0 0 0 0 0 0 0 0 0 0 0 0 0 0.004324920634 0.004296207181 0 0 0 0 0 0 0.004250348344 0 0 0 0 0 0.004210363224 0 0 0 0 0 0 0 0 0 0 0 0 0.004423983128 0 0 0 0 0 0 0 0 0.004328367815 0.004214977449 0 0 0 0 0.00450562548 0 0 0 0 0 0.004366022825 0 0 0 0 0 0 0 0 0.004486219231 0 0 0 0 0 0 0 0 0 0 0 0.008627460131 0 0 0 0 0 0 0 0.004482698581 0 0 0 0 0 0 0.004299662765 0 0 0 0 0 0.004402956518 0 0 0 0 0 0 0 0 0 0 0 0 0 0 0 0 0 0 0 0 0 0 0 0.004454836476 0 0 0 0 0.004465225552 0 0 
0 0.004319727101 0 0 0 1.194427571e-05 0 0 0.004350046713 0 0 0 0.004432212134 0.0008006885763 0 0 0 0 0 0.004431649103 0 0 0 0 0.004328152389 0 0 0 0 0 0 0 0 0 0 0 0.004221299086 0 0 0 0 0 1.493347978e-05 0 0 0 0 0 0 0 0 0 0 0.0005756777354 0 0 0.004225885155 0 0.004489257271 0 0 0 0 0.004335286837 8.166688106e-06 0 0 0 0 0.004466697808 0 0 0.004527195591 0 0 0 0 0 0 0 0 0 0 0 0.004246597109 0 0 0 0 0 0 0 0.004293994043 0 0.00427634766 0 0.004449799155 0 0 0 0.0006090423594 0 0 0 0 0 0.004257658522 0 0 0.001645486958 0 0 0.004247988925 0 0 0 0.0006290855531 0 0 0.004329919503 0 0 0 0 0 0.004196423408 0 0 0 0 0 0.0009573303396 0 0.004357002304 0 0 0 0 0 0.004291561062 0.004267121945 0 0 0.001935491677 0 0 0 0 0 0 0 0 0 0 0 0 0 0 0 0.004276309327 0 0 0 0 0 0 0 0 0 0 0 0 0.004237663411 0 0 0 0 0 0.004272858067 0 0 0 0 0 0 0 0 0.0001643860388 0 0 0 0 0 0 0.001342456305 0.004319438642 0 0 0 0.004513745653 
0 0 0 0.004363934902 0 0 0.004455164542 0 0 0 0.004402793061 0 0 0 0 0 0.004471085075 0.004312576005 0.001066691719 0.004424149476 0 0 0.004516619376 0 0.004520679258 0 0 0.008178073384 0 0 0 0 0 0 0 0 0 0 0 0 0 0 0 0 0 0 0.004524794666 0.004302327958 0 0 0 0 0 0 0.004218863733 0 0 0.004257601941 0 0 0 0 0 0 0.004328182128 0 0 0.004306164109 0 0 0 0 0 0.00439020735 0 0 0 0 0 0 0 0 0 0.004224465525 0 0 0 0.004270810568 0 0 0 0 0.004210418799 0 0 0 0 0 0 0 0 0 0 0 0 0 0 0 0 0 0 0 0 0 0 0 0 0 0 0 0.004243143142 0 0 0.004454161194 0 0 0 0.0042062009 0 0 0 0.004206257887 0.004421378808 0 0 0 0 0 0 0 0 0 0 0 0 0 0 0 0.004382392805 0 0 0.0002736667224 0 0.00439884514 0 0 0 0 0 0 0 0 0 0.004502797414 0 0 0 0.004357778975 0 0 0 0 0 0 0 0 0.004257297231 0.004194882153 0 0 0.004328128585 0 0 0 0 0.00450036703 0 0 0 0 0 0 0 0.004260689783 0 0 0 0 0 0 
0.006233637116 0 0.00443232553 0 0 0 0 0 0 0.004506402144 0 0 0 0 0.004218380708 0 0.004302266081 0 0 0.004313118585 0 0 0 0 0 0.004482988173 0.004413532609 0 0 0 0 0 0 0 0 0.004231461688 0 0 0 0 0 0 0 0 0 0 0 0 0 0 0.004337851022 0 0 0 0 0 0.004328961976 0.004502995263 0 0.008871179218 0.001426848972 0 0 0 0 0 0 0 0 0 0 0 0.004496321186 0 0.001382012532 0.004671558517 0 0.004436977899 0 0 0 0 0 0.004342841634 0 0 0.004340891008 0 0 0.004320266211 0 0 0.004502186799 0.004553937634 0 0.004226639858 0.004439466946 0 0 0 0 0 0 0 0 0 0 0 0 0.004304063814 0 0 0 0 0 0 0.003212615179 0.004460018094 0 0.004198571717 0 0 0 0 0 0 0 0 0 0 0 0 0 0 0 0 0 0.0042848579 0.004414895832 0 0 0 0 0 0 0 0 0.004222903575 0 0 0 0 0 0 0 0.004330814337 0 0 0 0 0 0 0 0 0 0 0 0.008813574673 0 0 0 0 0 0 0 0 0 0 0 0.004220032232 0 0 0 0 0 0.004474429086 0 0 0 0 0 0 0 0 0 0 0 0 0.004245193062 0 
0 9.235991255e-05 0 0 0 0 0 0 0 0 0.004517346833 0.0006116813618 0 0 0.001790542807 0.00432870079 0 0 0 0 0 0 0 0 0 0 0 0 0 0 0 0 0.001226460615 0 0.004402951907 0 0 0 0 0 0 0 0 0.004397097635 0 0 0 0 0.004403303998 0 0 0.004195830704 0 0 0 0 0 0 0 0 0 0 0 0 0 0.004508925182 0 0 0 0 0.004222474864 0.004248688688 0 0 0 0 0 0.00450594923 0 0 0 0.004196590302 0 0 0 0 0 0 0 0 0 0 0 0 0.004509891263 0 0 0 0 0 0 0.00452636064 0 0.004267963893 0 0.000957823303 0 0 0.004275891912 0 0.004209406497 0 0 0 0 0 0 0 0.004439671119 0 0 0 0.004499658528 0.004301171295 0 0.004202030022 0 0 0 0.004207776279 0 0 0 0 0 0.004267902763 0 0 0 0 0.004422819882 0 0 0 0 0 0 0.008979151397 0 0 0 0 0 0 0 0 0 0 0 0 0 0 0 0 0 0 0 0.004395330396 0 0 0 0 0 0.004295667296 0.004381436066 0.004282928675 0 0 4.028648511e-05 0 0 0 0 0 0 0 0 0 0 0 0 0 0 0.004263072993 0 0 0 0 0 0.00858704751 
0 0 0 0.004197415535 0 0 0 0 0 0 0 0 0 0 0 0.004425931247 0 0 0.008891200071 0 0 0 0 0 0 0 0 0.004407655888 0 0 0 0 0 0 0 0 0 0 0 0 0 0.004206399572 0 0.008933157026 0.004235086612 0 0.004362325686 0.004259418239 0 0.004213470752 0 0 0 0 0 0.007695376733 0 0 0 0.000530099907 0 0 0 0 0 0 0 0 0 0 0 0 0 0 0 0 0.004461099256 0 0 0 0 0.004286040035 0.004418980902 0 0 0 0 0 0 0 0 0.004291055752 0 0 0 0.004513436925 0 0 0 0.001065659167 0.004355381919 0 0 0 0 0 0 0 0 0 0 0 0 0 0.004281303826 0 0 0 0 0 0.0001399832801 0 0 0 0 0 0 0 0 0 0 0 0 0 0.004441484042 0 0 0.004425595601 0 0 0 0 0 0 0 0.004524766823 0 0 0 0 0 0 0.004330405692 0.004475036335 0.0007395488308 0 0.004190698799 0 0 0 0 0 0 0 0 0 0 0 0.004492716709 0 0 0 0 0 0 0 0 0 0 0 0.004299204661 0 0 0.004445332464 0.004272035738 0.004473769509 0 0 0.004301818605 0 0 0 0 0 0 0 0 0 0 0 
0 0 0 0 0 0 0 0 0 0 0 0 0 0 0 0.001940056131 0 0 0 0 0 0 0 0 0 0 0 0 0 0 0 0 0 0 0 0.004334199439 0 0 0 0 0 0.004318379393 0.004507539414 0 0 0 0 0 0 0 0 0.0001194024037 0 0 0 0 0 0 0 0 0 0 0 0 0 0.008941427515 0.001279427769 0.004527655779 0 0 0 0 0 0 0 0 0 0 0 0 0 0 0 0 0 0.004406167203 0 0 0 0 0.004301069308 0 0 0 0 0 0 0 0 0 0.004362465323 0 0 0 0.004395871462 0.0006624817654 0 0 0.004412765738 0 0 0.00448472954 0 0 0 0 0 0 0.009097768603 0 0.004211866207 0 0 0 0 0.004191859901 0 0 0.004405545992 0 0 0.004382532651 0 0 0 0 0 0 0 0 0 0.004202392144 0 0 0 0 0 0.004287916559 0 0.004370771933 0 0 0 0 0 0 0.00452357459 0 0 0 0 0 0 0 0.004415479374 0 0 0 0 0 0 0 0 0.004293008742 0 0 0 0 0 0.004481237759 0 0 0 0 0 0 0 0 0 0 0.004242667659 0 0 0 0 0 0 0.004392482047 0 0 
0 0 0 0 0 0 0 0 0 0 0 0 0.004330964877 0 0 0 0 0 0 0 0 0 0 0 0 0 0 0 0 0 0.004289819365 0.0009040854107 0 0 0.00420767873 0 0 0 0 0 0 0 0 0 0 0 0 0.0172677712 0 0 0.004322563199 0 0 0 0 0 0 0 0 0 0 0.004268869684 0 0 0 0 0 0 0 0 0 0.004502374186 0 0 0.004285774978 0.004326968519 0 0 0 0.0001843337599 0 0 0 0 0.001098315985 0 0 0 0 0.004382008533 0.0004583935728 0 0.0003172942111 0 0.004326695314 0 0 0 0 0.004474539143 0 0 0.008975547523 0 0 0 0 0 0 0 0 0 0 0 0.008848105683 0.001039515698 0 0 0 0 0 0 0 0 0.004393873572 0.00423456031 0 0 0 0 0 0 0 0 0 0 0 0 0 0.0003160921327 0 0.004298135776 0 0 0 0 0 0 0 0.008860359536 0 0 0 0 0 0 0 0 0 0 0.00424135839 0 0 0 0.004457835921 0 0 0 0 0 0 0 0.004523064844 0 0 0 0 0 0 0 0 0 0 0 0 0 0 0 0 0 0.004317020695 0 0.004369406965 0 0 0 0.004416487046 0 0 0 
0 0 0 0 0 0 0 0 0 0 0 0 0.0007658150225 0.008874808833 0 0.008844879761 0 0.0002885019614 0 0 0 0 0 0 0 0 0.001226384213 0 0.00427562909 0 0 0 0 0.00431190121 0 0 0 0 0 0.004519522129 0 0.004455049832 0 0 0 0.004430651082 0 0 0 0 0 0 0 0 0 0 0 0.00428093747 0 0 0 0.004264672822 2.26443054e-05 0 0 0.004403031753 0 0 0 0 0 0 0 0 0.004477410901 0 0 0 0 0 0 0 0 0 0.001030275549 0 0.004326017438 0 0 0 0 0 0 0 0 0.004261007739 0 0 0 0 0.004498980813 0 0 0 0 0 0 0 0 0 0 0.004429793972 0 0 0.0001668399094 0.004209753977 0 0 0 0 0 0 0 0 0.004283308163 0 0 0.004429572598 0 0 0.0005449785759 0 0 0.004259119153 0 0 0 0 0 0 0 0 0 0.004350286945 0 0 0.004339739365 0 0 0 0 0 0.0003977607992 0 0 0 0 0 0 0 0 0 0 0 0 0 0 0 0 0.004425671957 0 0 0 0 0 0 0 0.001362373647 0 0 0 0 0.002528104073 0 0 0 0 0 0 0 0.001213962536 0 0 0 0 0 0 0 0 0 
0 0 0 0 0 0 0 0 0 0 0.004529262349 0.008823620163 0 0 0 0.004530033243 0 0 0 0 0.0001075019176 0.004327940494 0.004390702195 0.004404535131 0 0.0002360481412 0 0 0 0 0 0 0 0 0 0 0 0 0 0 0.004387133038 0 0 0 0 0 0.004389366998 0 0 0 0 0 0.006730772444 0 0 0 0 0 0 0 0 0.004431725361 0 0 0 0.004277996198 0.004327287235 0 0 0 0 0 0 0 0 0 0.004359308297 0 0 0 0 0 0 0 0 0.0008449363752 0 0 0 0 0 0 0 0 0.0001420534202 0 0 0 0 0 0 0.00431514534 0.004367739 0.004328024543 0 0 0 0 0 0 0 0 0 0 0 0 0 0 0 0 0.00218996417 0.01028633194 0 0 0.001071741967 0 0.0001919153349 0 0 0.004352602687 0 0 0 0 0 0 0.00187167118 0 0.004406718332 0 0 0 0 0 0 0 0 0.004496268335 0 0 0 0 0 0 0 0 0.0004038000759 0 0 0 0.004382295459 0 0 0.004205913241 0 0 0.004354755735 0 0 0 0 0 0 0 0 0.004512232263 0 0.004451867479 0.0005438865984 0 0 0 0.00451476862 0 0 0 0 0 0 0 0 0 0 0.004524387921 0 0 0 0.004399231625 0 0 
0 0 0 0 0 0 0 0 0 0 0 0 0 0 0 0.008758054461 0 0 0 0 0 0.004279218337 0 0 0 0 0 0 0.004393151213 0 0 0 0 0 0 0 0 0.0003540953546 0 0 0.004261275163 0 0 0.004338085332 0.004223894443 0 0 0 0 0 0 0 0 0 0 0 0 0 0.004446651083 0 0 0 0.004226958736 0.00433245306 0 0 0 0 0 0 0 0 0.004425939403 0.004500485371 0 0.00427340408 0 0 0 0 0 0 0.004255099384 0 0 0 0 0 0 0 0 0 0 0 0.004441966281 0 0.004300925189 0 0 0 0 0.004311498291 0 0 0 0.004311682533 0 0 0.004286999211 0.00430426983 0 0 0 0 0 0.004435707853 0 0 0 0 0 0.004399442183 0 0 0 0 0 0.0001188844616 0 0.004247981638 0 0 0 0.004480281525 0 0 0 0 0 0 0 0 0 0 0 0 0 0 0 0 0 0 0 0.004381634207 0 0 0 0 0 0 0 0 0 0 0 0.004356774648 0 0 0 0 0 0.008614964219 0 0 0.004406005818 0 0 0 0 0 0 0 0 0 0 0 0.0001231334204 0 0.004417521113 0.004392348403 0 0 0.004388972516 0.00428349015 0 0 0 0 0 0 
0 0 0.001415844042 0 0 0 0.004377180807 0 0 0.004490299398 0 0.0007653777791 0 0 0 0 0 0 0 0 0 0 0 0 0 0 0.004531737313 0 0 0 0 0 0 0 0 0 0 0 0 0 0 0 0 0 0 0 0 0 0 0 0 0 0.0005356091641 0 0 0 0 0 0.004393944058 0 0 0 0 0 0 0.001019657947 0 0 0 0 0 0 0 0.00866055757 0 0 0 0 0 0 0.004216533705 0 0.0007217397145 9.683245743e-05 0.0002774940175 0 0.004485960741 0 0 0 0.0003977380201 0 0.004353398238 0 0 0 0 0 0 0.004204005919 0 0.004207552011 0.004513931865 0 0 0 0.008729081504 0 0 0.004367825499 0 0 0 0 0 0.003990111821 0 0.004237053123 0 0 0 0.004513336516 0 0 0 0 0 0 0 0 0 0 0 0 0.004409998961 0.004267313929 0.004468770357 0.001218083703 0 0 0 0 0.004520043219 0.004330211182 0 0.004511950808 0 0 0.00453143672 0 0 0 0.004282177025 0 0 0 0.004393061153 0 0.004323743658 0 0 0 0 0 0.004260592597 0 0 0 0 0 0 0 0 0 0 0 0 0 0.005483690375 0 0 0 0.002550015503 0 0 3.168429031e-05 0 0 0 0 0 0.004429202996 0 0 0 0 0 0 0 0.004507262663 
0.004344049073 0 0 0.004500972343 0 0.004514219361 0 0 0 0 0 0 0 0 0 0 0 0 0 0.004316682304 0 0 0 0.004308907319 0 0 0 0.004415409852 0 0 0 0 0 0 0.004283029953 0 0 0 0 0 0 0 0 0.004500225566 0 0 0 2.878362346e-05 0.001034740891 0 0 0 0 0 0 0 0 0 0 0 0 0.004318825247 0.00432887724 0 0.0006284499309 0 0 0 0 0 0.004471111327 0 0 0 0 0 0 0 0 0 0 0 0 0.004472723047 0 0.004233847032 0 0 0 0 0 0 0 0 0 0.004426221517 0.00452210229 0 0 0.0001778693166 0 0 0 0 0 0 0 0 0 0 0 0 0 0.004207515252 0.004349850264 0 0 0 0 0 0 0 0 0 0 0 0 0 0 0 0 0 0 0 0 0 0 0 0 0 0 0 0 0 0 0 0 0 0 0 0 0 0 0 0 0 0 0 0 0 0.004216520083 0 0.0001131577402 0 0 0 0 0.008658094112 0.008911803985 0 0 0 0 0.004297320115 0.008902212332 0 0 0 0 0 0 0.004246106678 0 0 0 0 0 0 0 0.004515576924 0 0 0 0 0 0 0.004199774186 0 0.004351825858 0 
0 0 0 0 0 0 0 0 0 0 0 0 0.004222523617 0 0 0 0 0 0.004252204863 0 0 0 0.004458593012 0 0.005122872299 0 0 0 0 0 0 0.004528911723 0 0 0 0.004369235019 0 0 0 0 0 0 0 0 0 0 0 0 0 0 0.004532866508 0 0 0 0 0.004217882483 0 0 0 0 0 0 0 0 0 0 0 0 0 0.004486274113 0 0 0 0 0 0.004426721111 0.004326364208 0 0.004484160414 0 0 0 0.008767316692 0 0 0 0.00120129716 0 0 0 0 0 0.004213857821 0.004431213625 0 0 0 0 0 0 0.00425522213 0 0 0 0 0 0 0 0 0 0 0.00100697392 0 0 0 0 0.008704087372 0 0 0 0 0 0 0 0 0 0.001359626024 0 0 0 0 0 0 0 0 0 0 0.004326985866 0 0 0 0 0 0 0 0.004210871485 0 0.002337038867 0 0 0 0 0 0 0 0 0 0 0 0 0 0 0 0 0 0 0 0 0 0 0 0.004410694271 0 0.004253902248 0 0.004429007852 0 0 0.004516191387 0 0 0 0 0 0 0 0 0.0002382665813 0 0 0.004486016343 0 0.0009592133609 0 0 0 0 0 0 0 
0 0 0 0 0 0 0.004450562601 0.004406442999 0 0.004264565839 0.00448963381 0 0 0 0 0 0 0 0 0 0 0 0.000618428777 0 0.004257832507 0 0 0 0 0 0 0.001148042328 0 0.004370486363 0.00448118337 0 0 0 0 0 0 0 0 0.004530439441 0 0 0 0 0 0 0.004498000226 0.004417902454 0 0 0 0 0 0.008829426994 0 0 0 0.004425678213 0 0.004254722114 0 0 0 0 0 0 0 0 0 0 0 0 0 0 0 6.271940629e-05 0 0 0.0006911849999 0 0 0 0 0 0 0 0 0 0 0 0 0 0 0 0 0 0 0 0 0 0 0 0 0 0 0 0 0 0 0 0 0 0.004304716209 0 0 0 0 0 0 0 0 0 0.004312155136 0 0 0 0 0 0.004264462736 0 0 0 0 0 0 0 0 0 0 0 0 0 0 0 0 0 0 0 0 0 0.004299003427 0 0 0.004399860872 0.004442757571 0.004199278655 0 0 0 0 0 0 0 0 0 0.00440134808 0 0 0.0006104144005 0 0 0 0 0.004341492298 0.004245100422 0 0 0 0 0 0 0 0 0.00425256817 0 0.003379019811 0 0 0 0.004491312064 0 0.004442758142 0 0 0 0 
0 0 0 0.0004765638802 0 0 0 0 0 0 0 0 0 0.00427616394 0 0 0 0 0 0 0 0 0 0 0 0 0 0 0 0.004473874022 0 0 0.005595215826 0 0 0 0 0.004205490451 0 0 0 0 0 0.008688502314 0 0 0.004459838242 0 0 0 0 0 0 0.004228783493 0 0.004317734167 0 0 0 0 0 0 0 0 0 0 0.004374583613 0 0.004198392695 0 0 0.008719051458 0 0 0 0 0 0 0.003082447471 0 0 0 0 0 0 0 0 0 0 0.0004777376746 0 0.004234523544 0 0 0 0 0 0 0.004421802971 0 0 0 0.004529204259 0 0 0 0 0 0 0 0 0.004339292951 0 0 0 0 0.004817588756 0 0 0.004396639477 0 0 0 0 0.004309623064 0 0.004256673575 0 0.0043869538 0 0 0 0.00431715125 0 0 0 0 0 0 0 0 0 0 0 0 0 0 0 0 0 0 0 0 0 0 0 0 0 0 0 0 0.001010933047 0 0 0 0 0 0 0.004526075313 0 0 0 0 0.0003983235581 0.004280279601 0 0.004306669297 0 0 0.004273762135 0 0.004201620222 0 0 0 0 0 0 0 0 0 0 0 0 0 0 0 0 0 0 
0 0 0 0 0 0 0 0.004410697698 0.004479704485 0 0 0.004474164268 0 0.004278775954 0.004378015453 0 0 0 0 0 0 0 0 0 0 0 0 0 0 0.008496471524 0 0 0.004476866437 0 0.004221917317 0 0.004263843712 0 0 0 0 0 0 0 0 0 0 0 0.004465553748 0.004272597853 0 0 0 0.004520808472 0 0 0 0 0 0 0 0 0.004227233201 0 0.004361486633 0 0.00423069915 3.717155095e-05 0 0 0 0 0 0 0 0 0 0 0 0 0 0 0 0 0 0.008786977459 0 0 0 0.000929332062 0 0 0 0.001370845033 0.0001181969521 0 0.004276202247 0 0.004381830627 0 0.0008415818355 0 0 0 0 0.004240676404 0 0.004491148456 0.004520874096 0.004307269456 0 0.004399398723 0.0007136855848 0 0 0 0.0004790723575 0.004259763632 0.004460511575 0.004415804494 0 0.004220987055 0 0 0 0 0 0 0 0 0 0 0 0.004518997249 0.004346257254 0 0 0 0 0 0 0 0 0 0 0 0 0.004468350577 0 0 0 0 0 0.0002036673722 0 0 0 0 0 0 0 0 0 0 0.008734585875 0 0.008939818126 0.00443205058 0 0 0 0 0 0 0 0 0 0 0 0.004247585105 0 0 0.002654919632 0 0.004796150891 0 0.0008722589281 0.001173974469 0 0 0 0 0 0.004319917423 0 0 0 0 0 0 
0.0004741246553 0 0.0003726598364 0 0 0 0 0 0 0.004467912444 0 0.004344776535 0 0.00422725937 0 0 0 0 0 0 0 0.004374852348 0 0.004200099232 0.004418917389 0 0 0 0 0 0 0 0 0 0 0 0.001027390393 0 0 0 0.008584722586 0 0 0 0 0.004459950124 0 0 0 0 0.004389153863 0 0 0 0 0 0 0 0 0.001125197072 0 0 0.004346667606 0 0 0 0 0.000461119372 0 0 0.004521584542 0 0 0.004475799143 0 0 0 0 0 0 2.339283756e-05 0 0.0003475128369 0.004205607434 0.002181735757 0.004371246698 0 0.004331645145 0.004479234887 0 0 0.00434617787 0 0 0 0 0 0 0 0 0 0 0 0.00423299212 0 0 0.0001752640948 0 0 0.004327770081 0.0001780952435 0 0.004263337647 0 0.004478163502 0 0 0 0 0 0 0 0 0.001151298825 0 0 0 0 0 0 0.0001437100717 0 0.004508860442 0 0 0 0 0 0.004476843595 0.004375950649 0 0 0 0 0.004219062516 0 0 0.004321342815 0 0 0.008686050883 0 0 0 0 0 0 0 0 0 0 0.003827130826 0.004446696505 0 0 0 0 0 0.004361197518 0 0 0 0 0 0 0 0 0 0.004278299647 0 0 0 0 0 0 0 0.0001528562041 0 0 0.004255797464 0.004395594296 0 0 0.004327757099 0.00433110956 0 0 0 0 0 
0 0 0 0 0.00452988938 0 0 0 0 0 0.001894792401 0 0 0 0 0 0 0 0 0 0 0 0 0 0.004412737635 0.0007087963117 0 0 0 0 0 0.004511080722 0 0 0 0 0 0 0.004336526007 0.0002207208848 0.004313522108 0 0 0 0.004220396925 0 0 0 0 0 0 0 0.004355949967 0 0 0 0 0 0 0 0 0 0.008535085554 0 0 0 0 0.004221593796 0.004214129055 0 0 0 0 0.004478033016 0.004451954014 0 0 0 0 0 0 0 0 0 0 0 0 0 0 0.004368103345 0 0 0 0 0 0 0 0.004337726733 0 0 0.009864551398 0 0.00858731632 0 0 0 0.00433635336 0 0 0 0 0 0 0 0 0.008723406866 0 0 0 0.004226655474 0 0 0 0 0 0 0 0 0 0.004246753068 0 0 0 0 0 0 0 0 0 0 0.004459683793 0 0 0 0 0.0006462553464 0 0 0 0 0 0 0 0.004406561537 0 0 0 0 0 0 0 0.004324106302 0.004609690827 0.004245827131 0 0 0 0 0.004515602872 0 0 0 0 0.004199889964 0 0 0.004487121336 0 0 0 0 0 0 0.004473857242 0 0 0 0 0.004360874431 0.001290263158 0 0 0 0 0 0 0 0.00444745973 0 0 
0 0.004306733586 0 0 0.004301463996 0 0 0 0 0 0 0.00429629362 0.008574225441 0.004368041689 0 0 0 0 0.0006653238842 0 0 0 0 0 0 0 0 0 0 0 0 0.004531807167 0 0 0 0 0 0 0 0 0.008477162625 0 0 0 0.004410825231 0 0 0.00452150318 0 0.00878622 0 0.004452195395 0 0 0 0 0.00437421683 0.004494580084 0.004454098677 0 0 0 0 0 0 0 0 0 0 0 0 0 0 0 0 0 0 0 0 0 0 0 0.004221116947 0 0 0 0.004521808779 0 0.004202304809 0 0 0 0 0 0 0.004285586835 0 0 0.004455424598 0 0.004292425482 0 0 0 0 0 0 0 0 0 0 0 0 0.004526942571 0 0 0 0 0.00445094106 0 0 0 0 0 0 0 0 0 0 0 0 0 0 0 0 0 0.004300619343 0.004209492118 0 0.006572734364 0 0 0 0 0.004482663514 0 0.008956300959 0 0.004192214051 0 0 0.004209334781 0 0 0 0 0 0.0005818840827 0 0 0 0.004304477171 0 0 0 0.004443898352 0.004329247927 0 0 0 0 0 0 0 0 0 0 0 0.0004932342888 0 0 0.001315891987 0 0.004231231051 0.0008203924654 0.0006145127766 0 0 0 0 0.004332163625 0 0 0 0 0 0 0 0 0 
0 0 0 0 0 0 0 0 0 0.004424147895 0 0 0 0.004349967403 0 0 0 0 0 0 0.0005333289637 0 0 0 0 0 0 0 0 0 0 0 0.0006624030569 0 0 0 0 0 0 0 0 0 0 0.004265703289 0 0 0 0.00422768467 0 0 0 0 0 0 0 0 0 0.004321260466 0.004332642915 0 0.004389564768 0 0 0 0.004451220427 0 0 0 0 0.008754586944 0 0 0 0 0.0001786667116 0 0 0.004450428426 0 0 0 0 0 0 0 0 0 0.004283802199 0 0 0 0 0 0.0004563950251 0 0 0.008876282822 0 0 0 0.004294063626 0.00450945731 0 0 0 0 0 0 0 0 0 0 0 0 0 0 0 0 0 0 0 0 0 0 0 0 0 0 2.579685675e-05 0 0 0.005042927294 0 0 0 0 0.004304948969 0 0 0 0 0 0 0 0 0 0 0 0 0.0003201415358 0.0001153818328 0 0 0.005096583223 0 0 0 0 0 0 0 0.004464470493 0 0.004258625733 0 0.00883958423 0 0.004214402527 0 0 0.004369435528 0.004385431693 0.0004248600022 0 0 0 0 0 0 0 0 0.004403864434 0 0 0 0 0.004284953176 0 0 0 0 0 0 0 0 0 0 0 0 0 
0 0.004351418815 0 0 0 0 0.004217780053 0 0 0 0 0 0 0 0 0 0 0 0 0.004362186209 0 0 0 0.004207559329 0 0 0 0 0 0 0 0 0 0 0 0 0 0.004294540194 0 0 0 0 0 0 0 0 0 0 0.004220678862 0.004214068085 0 0 0 0 0 0 0 0 0 0 0.008764218676 0 0 0 0 0 0 0.004926189751 0 0 0.004409985654 0 0.004227520439 0 0 0 0 0 0 0 0 0 0 0 0.004279644127 0 0 0 0 0 0 0 0.004474657729 0 0.0006281226506 0 0 0 0 0 0.0043170798 0.004260619916 0 0 0 0 0 0 0 0 0 0 0 0 0 0 0.004313972822 0.004304856451 0 0.004530009915 0 0 0 0 0 0 0 0 0 0 0.004491388627 0 0 0 0 0 0.0043319946 0 0 0 0 0 0 0 0 0 0 0 0.004371704106 0 0 0.004531332558 0 0 0 0 0 0 0.0006660777463 0 0 0 0 0 0.004478406839 0 0 0.004524803655 0.004403873442 0 0 0 0 0 0 0 0.004282097086 0 0 0.004350589598 0 0.004403659866 0 0 0.001975942811 0 0 0.004411231269 0 0 0 0 0 0 0 0 0 0 0.004189831873 0 
0 0.004323577927 0 0.0007796018 0 0 0 0 0.001031350079 0 0 0 0 0 0.001244939399 0 0 0.008796207893 0 0 0 0 0 0 0 0 0.004226094835 0 0 0.000139459656 0 0 0 0.004257274041 0.004447214765 0.004226784923 0 0.004310591019 0.0005919641758 0.004488708738 0 0 0 0 0 0.004210669919 0 0 0 0 0 0 0 0 0 0 0 0 0 0.00420789775 0 0 0 0 0 0 0 0 0 0 0 0 0.0005912874722 0 0.00189936442 0 0 0.001456445863 0 0 0 0 0 0 0.0002962735925 0 0 0.004365666166 0 0 0 0 0 0 0 0 0 0.004457168322 0 0 0 0 0 0 0.0002595325017 0 0.004207714339 0.00444861175 0 0 0 0 0 0 0 0 0.0002491728147 0 0 0 0 0.004345829613 0 0 0 0 0 0 0.0001941598133 0 0 0 0.004272319394 0 0 0 0 0 0.0003059155541 0.008593970584 0 0 0 0 0.004312914287 0 0.004314460631 0 0.0003027369609 0 0 0 4.49440028e-05 0 0 0 0 0 0 0.008779565519 0 0 0 0 0 0 0 0 0 0 0 0 0 0 0 0.004443948089 0.004283982609 0.004292076541 0 0 0 0 0 0 0 0 0.004481812242 0 0 0 0.000282508727 0.004475339766 0 0.004353746334 0 0 0.004191324458 0 0.004456712158 0 
0 0 0 0 0 0 0 0 0.0005960192205 0.004218596856 0.004338217774 0 0 0 0 0 0 0 0 0.004282310938 0 0 0 0 0.004213754963 0.004308210839 0 0 0 0 0 0 0 0 0 0.004349323837 0 0 0 0 0 0 0 0 0.004220463568 0 0 0 0 0.004218124212 0 0 0 0.004428646872 0 0 0 0 0 0 0 0.004489815531 0 0 0 0.004351039555 0.004225856725 0 0 0 0 0.004498597509 0 0.004430310559 0 0 0 0 0 0 0 0 0 0 0.004304794416 0 0 0.0002405189609 0.001822884691 0 0 0 0 0.00438980684 0.004342292726 0 0 0 0 0 0 0 0.004228425586 0 0 0.004350634883 0 0 0 0 3.867454185e-05 0 0.004205392549 0 0 0 0 0 0 0 0 0 0 0 0 0 0.004404180454 0 0.004517619941 0 0.004354848969 0 0 0.004500031527 0 0 0.004293354062 0 0 0 0 0 0 0 0 0 0 0 0 0.004409067832 0 0.008675778887 0 0.004363030873 0 0 0 0 0 0.004386391304 0 0.004191241727 0 0 0 0 0 0 0 0 0 0 0 0 0 0 0.001841097647 0 0 0 0.00625132301 0.0007541673707 0 0 0.004214065026 0 0 0 0 0 0 0 0.00429155429 0.00430339999 0 0.008968074532 0 0 0 0 
0 0.004524632718 0 0.004350881677 0 0 0 0 0 0 0 0 0 0 0 0 0.004237463722 0 0 0 0 0 0.004318279532 0 0 0 0 0 0 0 0 0 0 0 0 0 0 0 0 0 0 0 0.004232481403 0.008634529149 0 0 0.01290641299 0 0 0 0.0006193025592 0 0 0 0 0 0 0 0 0 1.63482821e-05 0 0 0 0 0 0 0 0 0 0 0 0 0 0 0 0 0 0.0008600872455 0 0 0 0.004200726311 0 0 0 0 0 0 0 0 0 0 0 0 0 0 0 0 0 0 0 0 0 0 0 0 0.0006514429174 0 0 0.004260745099 0 0.00446491651 0 0 0 0 0 0 0 0 0 0 0 0 0 0 0 0 0 0 0 0 0 0.004240466725 0 0 0 0 0 0 0 0.004217532555 0 0 0.004204408168 0 0 0 0.004525368503 0.001149364319 0 0 0 0 0 0 0.004485191429 0 0.008712994031 0.004232789217 0 0 0 0.004200984294 0 0 0 0 0 0.004494075155 0 0.004512157409 0 0.004242143925 0 0.0007836890344 0 0 0 0 0 0.004396267194 0 0 0 0 0 0 0 0 0 0 0 0.004301747602 0 0 0 0 0.004381310817 
0 0 0 0 0 0 0 0 0 0 0 0.0001290629131 0.001461414646 0.004425977236 0 0 0 0 0 0 0 0 0 0 0 0 0 0 0 0 0 0 0 0.004265426109 0 0 0.004232940702 0 0 0.004480719488 0 0.004391930044 0 0 0 0 0 0 0 0 0 0.004269038722 0 0 0 0 0 0 0 0 0 0.004464456627 0 0.004349467387 0 0 0.004359777635 0 0 0.004743711822 0 0 0 0 0.008839685632 0 0 0 0 0 0.004206303736 0 0 0 0 0 0.004252536243 0 0 0 0 0 0.004400734154 0.004286326897 0 0 0 0.004447711957 0 0 0 0 0 0 0 0 0 0 0 0 0.004333483687 0 0.00424410642 0 0 0 0.004507218587 0 0 0 0 0 0.00442974606 0 0 0 0 0 0 0.004285584007 0 0 0 0 0 0 0 0 0 0 0 0 0 0 0.004275130483 0 0 0 0 0.004379769284 0 0 0 0 0 0 0.004339876995 0 0 0 0 0 0 0 0 0 0 0 0 0 0.004342943884 0 0 0 0 0 0 0.0003742459018 0 0 0 0 0 0.001302217691 0 0 0 0 0 0 0 0 0 0 0 0 0 0 0.000287170252 0 
0 0.004508443152 0 0 0 0.004340331374 0.0001066530129 0 0 0 0 0 0 0 0 0 0 0 0.004485993061 0.004393193523 0 0 0 0 0 0 0 0 0 0 0.004262876386 0 0 0 0 0.008494447077 0.009018371958 0 0 0 0 0 0 0 0 0 0 0 0 0 0 0 0 0 0.004254504368 0 0 0 0 0 0 0 0 0.004516601385 0 0 0 0 0.004237656589 0 0 0 0 0 0.004424128037 0 0 0 0 0.0002309459822 0 0 0 0 0 0 0 0 0 0 0 0.004314822768 0 0.004471903927 0.004371289443 0 0 0 0.004377964762 0 0 0 0 0 0 0 0.004260825806 0 0 0 0 0 0 0 0 0 0 0 0.00425471989 0 0 0.004396499883 0 0 0 0 0 0 0 0 0 0.004412366903 0 0 0 0.004523479094 0 0.004235084919 0 0 0 0 0 0 0.004500026494 0.004255586568 0 0 0 0 0 0 0 0 0 0.004513311892 0 0 0 0.004347500603 0.004262026338 0 0.004434833753 0 0 0 0.004486641012 0 0.004388948037 0 0 0 0 0 6.345830111e-05 0 0 0 0 0 0 0 0 0 0 0.004292237653 0 0 0 0 0 0 0.00436980577 0 0 0.0007741181283 0 0 0 0 
0 0 0 0.00859112382 0 0.004387389316 0.0007266204289 0 0 0 0 0 0 0 0 0.004432675137 0.004532220693 0.004306988817 0 0 0.004380732092 0 0 0 0.004366994907 0 0 0 0 0 0 0.004322448008 0 0 0 0 0.004265908705 0 0 0 0.004454006297 0 0 0 0.004254700798 0 0 0 0 0 0 0 0 0 0 0 0 0 0 0 0.004486493483 0 0 0 0 0 0 0 0 0 0 0 0.004231266582 0 0 0 0 0 0 0 0 0.0006509427898 0.004441354731 0.004223283002 0 0 0 0 0.008565761435 0 0 0 0 0 0 0 0 0 0 0 0 0 0.004440846591 0 0 0.004360379145 0 0.000537732633 0 0 0 0 0 0 0 0.004433973809 0 0 0 0 0 0 0 0.004508204469 0.00451988077 0 0 0 0.004314470397 0 0 0 0 0 0 0 0.004239361181 0 0 0 0 0 0 0 0.004360336474 0 0.004438925131 0.004276280712 0.0003288608724 0.001715321776 0 0.004524933469 0.004229764578 0 0.004308298478 0 0 0.00444564606 0 0 0 0 0.004449403404 0 0 0 0 0 0 0 0 0 0.004397915383 0 0.004391653426 0.00427632632 0 0.004317779546 0 0 0 0 0.004419146871 0 0.004412961562 0.004264800008 0 0 0 0 0 0 0 0 0 0 0 0 0 0 
0 0.005671303593 0 0 0 0.00452622547 0 0 0.002620781883 0.008584919006 0 0.0005791533787 0 0 0 0.004329556164 0 0.0002660347301 0.009057095541 0 0 0 0 0 0 0 0 0 0 0.00420310357 0.004415484245 0 0.004260215761 0 0 0 0 0.004472202994 0.004482845738 0 0 0 0 0 0 0.004302044298 0 0 0 0 0 0 0 0 0 0 0 0 0 0 0.00109034398 0 0.004333995003 0 0 0.004482026188 0 0 0 0 0 0 0 0 0 0 0 0 0 0 0.004251074614 0 0 0 0 0 0 0 0 0 0 0 0.0001908472613 0 0 0 0 0 0 0 0 0 0 0 0 0 0 0 0 0.008741711748 0.004449250039 0 0 0 0 0.004513493305 0 0 0 0 0 0 0.004219444248 0 0.0004592641236 0 0 0 0 0 0 0 2.57839111e-05 0 0.00433164728 0 0 0 0 0 0 0 0 0 0 0.004240967329 0 0.0007480056135 0 0 0.004203776664 0 0 0 0 0 0 0 0.004455815067 0 0 0 0 0 0 0 0.008972373368 0 0 0.004217366562 0 0 0 0.004390573962 0 0.004244685784 0 0 0 0 0 0 0 0 0 0 0 0 0 0 0 0 0 0.004244603851 0 0 0.004254234789 0.008800159307 0.004485176784 0.004481298434 
0 0 0 0 0 0 0 0 0 0 0.004457299256 0 0 0 0 0 0 0 0 0 0 0.004213361462 0 0.0087405244 0.004196402306 0 0.004486446648 0 0 0.004236906168 0 0 0 0 0.004390240681 0 0 0 0 0 0.008694896234 0 0 0 0 0.004357523627 0 0 0 0 0 0 0.004528492665 0 0 0.0002519393849 0 0 0 0 0 0 0 0 0.004336427661 0 0 0.004477585094 0 0.0006282603056 0 0 0 0.004215990782 0 0 0 0 0 0 0.001428316534 0 6.033928529e-05 0 0 0 0 0 0 0.00436888781 0.004384046955 0 0 0 0.004346130816 0 0 0 0 0 0 0 0.004472853792 0 0 0 0 0 0 0 0.004317373807 0.00436226107 0 0 0 0 0 0 0 0 0 0 0 0 0 0 0 0 0 0.004231814905 0 0 0 0 0 0.004210077535 0 0 0.004323290365 0 0 0 0.0001252638397 0 0 0 0 0 0 0 0.004391865514 0 0 0.004497965164 0.008726969617 0 0 0.004285858196 0.0001635410383 0 0 0 0.004498642024 0 0 0 0 0.001031737066 0 0 0 0 0 0 0 0 0 0 0 0 0 0 0.004460568515 0 0 0 0 0 0 0 0 0 0 0 0 0.004463068364 0 0 0 0 
0 0 0 0 0 0 0 0 0 0.0009838187769 0 0 0 0.004368591052 0.004767012683 0 0.004197113571 0 0 0 0 0.004414767341 0 0 0 0.004326852783 0 0 0.0005180779048 0 0 0 0 0 0 0 0 0 0 0.004305279916 0 0 0 0 0 0 0 0.001419614824 0 0 0.004331344907 0 0 0 0 0.004532975038 0 0 0 0.00443815618 0 0 0 0 0 0 0 0 0.004339566905 0 0 0.001330623253 0 0 0 0 0.004249867748 0 0 0 0 0 0.004994049758 0 0 0 0 0 0.004474503772 0 0 0 0 0.0002728533861 0 0 0 0.00428130232 0 0 0 0 0.001603133482 0.004406015836 0.004370496633 0 0 0 0 0 0 0 0 0.00445646316 0 0 0 0 0 0.004364326215 0.008809339339 0.0003435024785 0 0 0 0 0 0.00030567791 0 0 0.004462374432 0 0 0.004504802869 0 0 0 0 0 0 0 0 0 0 0.004267075007 0 0 0 0 0 0 0.004344412524 0.001817653856 0 0 0 0 0 0 0.00420854561 0 0 0 0 0 0 0 0 0 0 0 0 0 0.004192241978 0 0 0 0 0.00433172837 0 0 0 0.008658514021 0 0 0 0 0.00431624902 0 0 0 0.004510105586 0 0.00434255421 0 0.008758990309 0 0 0 0 
0 0 0 0 0 0 0 0 0 0 0 0 0.004308461455 0.00426479342 0 0 0 0 0 0 0 0 0.008766282902 0 0 0.004231268135 0 0 0.004198696181 0.0007246531627 0 0 0 0 0 0 0 0 0 0 0 0.004310308593 0 0 0 0.004492814118 0 0 0.004722600612 0 0 0 0 0 0.004227659244 0 0 0 0 0 0 0 0 0 0.004451250696 0 0 0 0 0 0 0 0 0 0.00442680737 0 0 0 0 0 0 0 0 0 0.004288085138 0.006587374974 0 0 0 0 0 0 0 0 0 0 0 0 0 0 0.001070541667 0 0.004208184014 0 0 0 0 0 0 0 0 0 0 0 0.004384239841 0.004491859116 0 0 0.008645155638 0 0 0 0 0 0.004440853444 0 0.004357501338 0 0 0 0 0 0.0006322301676 0 0.004414147272 0 0.0008316214613 0 0 0 0.00436703636 0 0 0 0 0 0 0 0.004301976932 0 0 0 0 0 0 0.004349119672 0 0 0 0 0 0 0.004304744432 0 0 0 0 0 0 0.004456019252 0 0 0 0 0 0 0 0 0 0 0.001911135888 0 0 0 0 0 0 0.0008530108559 0 0 0 0 0 0 0.004253687535 0 0 0 0 0 
0 0 0 0 0 0.004373370446 0.004400572393 0 0 0 0 0.008773669379 0 0 0 0 0 0.008769178909 0.004254852708 0 0 0 0.004421604094 0 0 0 0 0 0.004250194924 0 0 0.00434640298 0 0 0 0.004237392455 0.004354838241 0 0 0 0 0 0 0 0 0 0 0.004530383373 0 0 0 0 0 0 0 0 0 0 0 0 0 0 0 0 0.004429144879 0 0 0 0 0 0 0.0003901625699 0.004272173397 0 0 0 0 0 0.004267312569 0 0 0.004317741206 0 0 0 0 0 0 0 0 0 0 0 0 9.918389737e-05 0 0.004438920902 0 1.642487289e-05 0 0 0 0 0 0 0 0 0 0 0 0.004314991728 0 0.004293851329 0 0 0 0 0 0.0006863615609 0.004491313064 0 0 0 0 0 0 0.004429609058 0 0 0 0 0 0.004300835692 0 0 0 0 0.004516562036 0.004419367588 0 0 0 0.00873441145 0 0 0 0 0 0 0 0 0 0 0 0 0 0 0 0 0 0 0 0 0 0 0.004329466049 0 0 0 0 0 0.004358669137 0 0.004494867779 0 0 0 0.004369160669 0 0.004475076609 0 0 0 0 0 0 0.004381657191 0 0 0 0 0.0006977895239 0.004515168088 0 0 0.004337239462 0 0 0 0 
0 0 0 0 0 0.004506319529 0 0 0.004515289745 0 0 0 0 0 0.004273297027 0.00439978125 0 0.004262893805 0 0 0 0 0.004455314071 0 0 0 0 0 0 0 0 0 0 0 0 0 0 0 0.003083155073 0.0044747664 0 0.004504843003 0.004256355108 0 0 0 0 0 0 0 0 0 0 0 0.001131731856 0 0.004425361092 0 0 0 0 0 0 0 0 0 0 0 0 0 0.004359470461 0 0 0 0 0 0 0 0 0 0 0 0 0.004491609671 0.004523504743 0 3.339622547e-07 0 0 0 0 0.008454395265 0 0 0 0 0 0 0 0 0.005249713163 0 0.004397333534 0 0 0 0 0 0 0.004333591256 0.004332957786 0 0 0 0 0.001026440282 0.005851531385 0 0 0 0 0 0 0 0 0 0 0 0 0 0.004301111608 0 0.0045306186 0.004227460212 0 0 0 0 0 0.004379605439 0 0 0 0 0 0 0 0 0 0 0.004441617625 0 0.004238257612 0 0 0 0 0 0 0 0 0 0 0 0.004272192434 0 0 0 0 0 0 0 0 0 0 0 0 0 0 0 0 0.004398105769 0 0 0 0 0 0 0 0 0.004240309416 0 0.0002468671152 0.0008724530764 0.004260726975 0 0 0 0 0 
0 0 0 0 0.004483272221 0 0.004499805764 0 0 0 0 0 0.004417443384 6.125239094e-06 0 0 0 0 0 0 0.004370147051 0 0 0 0 0 0 0 0 0 0 0 0 0 0 0 0 0 0 0 0 0 0 0 0 0.0006871182031 0 0.004480634233 0 0 0 0 0 0 0 0 0 0 0 0 0 0 0 0.0001400583243 0.0008773779953 0 0.00431453152 0 0 0 0 0 0 0 0 0 0 0 0 0 0 0 0 0 0 0 0 0 0 0 0 0.004391873933 0 0 0 0 0 0 0 0 0 0 0 0.004458859428 0.00446607118 0.004222515112 0 0 0 0 0 0 0 0 0 0 0 0 0 0.0006443648752 0 0 0 0 0.004198963851 0 0 0 0 0 0 0 0 0 0 0 0 0 0 0 0 0 0 0 0 0 0 0 0 0 0 0 0 0 0 0 0 0 0 0 0 0 0.004189429517 0.004269554046 0 0 0 0 0 0 0 0 0 0 0 0 0 0 0 0 0 0 0 0 0 0.004504075382 0 0 0 0 0.0004816846432 0 0 0.004218766329 0 0 0 4.738278095e-06 0 0.004233309022 
0 0 0 0 0 0 0.00429786908 0 0 0.004495464352 0.004197957281 0 0 0 0 0 0 0 0 0 0 0.004394399564 0 0 0 0 0 0 0.004362912206 0.004278317165 0 0 0 0 0.008910547882 0 0 0 0 0 0 0 0 0 0 0 0 0 0 0 0 0 0 0 0 0.004393700431 0 0 0 0 0 0 0 0 0 0 0.004251087535 0 0 0 0 0 0 0 0 0 0 0 0.004334578377 0.004331870015 0 0 0 0 0 0.004292401899 0.004347507803 0 0 0 0.008937163342 0 0 0 0 0 0 0 0 0 0 0 0 0 0 0.004192399241 0 0 0 0 0 0 0 0 0.004392433313 0 0 0 0.0008154758717 0 0 0 0 0 0 0 0 0 0.0001177381483 0 0.004307051552 0 0 0 0.004356482329 0 0 0 0 0 0 0 0 0.004315380057 0 0.004276523295 0 0 0.004510422689 0.004371717706 0 0 0.004247935199 0 0.00428950348 0 0 0 0 0 0 0 0 0 0 0 0 0 0 0 0.004290518081 0 0 0 0 0.004416601442 0 0 0 0 0.001319846072 0 0 0 0 0 0 0 0 0 0 0.00441170668 0 0 0 0 0 0 0 0 
0.004447535625 0 0 0 0 0 0 0 0 0 0 0 0 0 0 0 0.004450104106 0 0 0 0 0.004421174451 0 0 0 0 0 0 0 0 0 0 0 0 0 0.004301595409 0 0 0 0.00429838323 0 0.0009461188271 0 0.001510200185 0 0 0 0 0 0 0 0 0 0 0 0 0 0 0 0 0 0 0 0 0 0 0 0.004430096391 0 0 0.0044530292 0.004465926929 0 0 0 0 0.004289501059 0 0 0 0 0 0 0 0 0 0 0 0 0 0 0 0.004510007132 0.0005368133031 0 0 0 0 0 0 0 0.00445529395 0 0.00437497191 0 0.008571434048 0 0 0 0 0 0.009457836466 0 0 0 0.004461804718 0 0.004322375762 0 0 0 0 0 0 0 0.004460149945 0 0.004266154774 0 0.004385905596 0 0 0 0 0 0 0 1.59762421e-05 0 0 0 0 0 0 0 0 0 0 0 0 0.004233002641 0 0 0 0 0 0 0 0 0 0 0 0 0 0 0 0.004259652106 0 0 0 0.004492840326 0 0 0.004286241259 0.004461045482 0 0.004311281635 0 0.001199120095 0 0 0 0 0 0 0 0 0 0 0 0 0 0.004269586452 0 0 0 0 0 0 0 
0 0 0.004360984861 0 0 0.004286474774 0 0 0 0.004513107479 0 0 0.004212571738 0 0 0 0 0.004247938744 0.0003790430321 0.004334900532 0 0 0.008913407756 0 0.00277844219 0.0002374567547 0.004278040795 0 0 0.001089564497 0 0 0 0 0 0.0008305268597 0 0 0 0 0 0 0 0 0.0004196469907 0 0 0.004433903372 0 0 0 0 0 0 0 0 0 0 0 0 0 0 0.004400434541 0 0 0.0005521173949 0.004240315459 0 0.0008515803137 0 0 0 0 0 0 0 0 0 0 0 0 0 0 0 0 0 0 0 0 0 0 0 0 0 0 0 0 0 0 0 0 0 0.004214891487 0.004341832958 0 0 0 0 0 0.004372606528 0.00440723393 0 0 0 0 0 0 0 0 0 0 0 0 0 0 0 0.004228616427 0.004240205139 0 0 0 0.004323325057 0 0 0 0 0 0 0 0 0 0 0 0 0 0.004464198272 0 0 0 0 0 0.004497567915 0.004236222296 0 0 0 0 0.004359221498 0 0 0 0 0 0 0 0.004257735421 0 0.004334244655 0 0 0 0 0.009136189802 0 0 0 0.004297522928 0.004209597465 0 0 0 0 0 0 0 0 0 0 0.004394008379 0.004359723672 0.004225283383 0 0 0 0.004218790236 0.001185970268 0 0 0.004431429562 0 
0 0 0 0 0 0 0.0006870806336 0 0 0.004248220753 0 0 0 0 0 0 0 0 0 0 0.004320327374 0.00436805092 0 0 0 0 0 0 0 0 0 0 8.582276208e-05 0 0 0.004531010118 0 0 0 0 0 0 0 0 0 0 0 0 0 0 0 0.004323063673 0 0 0 0 0 0 0 0 0 0 0 0.004455109065 0 0 0 0 0 0.008827228844 0 0 0 0 0.004621838536 0.004430153244 0 0.004467163584 0.004278571538 0 0 0 0 0 0.004466481647 0 0.004295642298 0 0 0 0 0.004258212707 0.001227144056 0.008537589575 0 0 0 0 0 0 0.004327533257 0 0 0.004525757664 0 0 0 0 0.004447268981 0 0 0 0 0 0.004197123529 0 0 0 0 0 0 0 0 0.004436909284 0 0 0 0 0.006162081518 0 0 0 0 0.0004778543285 0 0 0 0.004527737732 0 0 0.0001375967222 0 0 0.00420281533 0 0 0 0 0 0 0 0 0 0 0 0 0 0 0 0 0 0 0 0.005633198839 0.004330951787 0 0 0 0.0007771844318 0 0.004391302094 0 0 0.004262532372 0.004338508236 0 0 0 0 0 0 0 0.004409450559 0 0 0 0 0 0 0 0 0.004249916437 0 0 0 0 0 0 0 0 
0 0 0.004417110863 0.01006371377 0 0 0 0 0 0.004337196594 0 0 0 0.004492469611 0 0 0 0 0.004504030534 0.00447107991 0 0 7.616314916e-05 0 0 0 0 0 0.001185877471 0 0 0 0 0 0 0.004458267653 0 0 0 0 0 0 0 0 0 0.0004315728243 0 0 0 0 0 0.004503877474 0.00423599311 0 0.004405924061 0 0 0 0 0 0 0 0 0.004529528658 0 0 0 0 0 0 0 0 0 0 0 0 0 0 0 0 0 0 0 0 0 0 0 0 0.00432262144 0.004524192641 0.002145809161 0 0.004517091148 0 0.004491868571 0 0 0 0.004247059428 0.004320482622 0 0 0 0 0.005424844686 0 0 0 0 0 0.004258465512 0 0 0 0 0 0 0 0 0 0 0 0 0 0 0.001160033725 0 0 0 0 0 0 0.004384516013 0 0.001002429124 0 0 0.004448104369 0 0 0 0 0 0 0.004416140363 0 0 0 0 0 0.004291683814 0 0.0005086194184 0 0 0 0 0 0 0 0 0 0 0 0 0.0002246637549 0 0 0 0 0 0 0 0 0.004445933614 0 0 0 0 0 0 0 0 0 0.004222890517 0.008858969031 0 0 0 0 0 0 0 0 0 0 0 0 0.004356005844 0 
0 0 0 0 0 0 0 0 0.004434776491 0 0 0 0 0 0 0 0 0 0.004642407932 0 0 0 0 0.0005560398605 0 0 0.004215173645 0 0 0.0004629628581 0 0 0.004509526796 0 0 0.004286297868 0 0 0.000258890135 0 0 0.004422291119 0.004442044345 0.004490918675 0 0 0 0 0.004462805444 0 0 0 0 0.004292080472 0 0 0 0 0 0.004318703058 0 0 0.004604872065 0.008567928398 0 0.00438087364 0 0 0 0 0 0 0 0 0 0 0 0 0 0.004533843114 0.000614434912 0 0.004404080842 0 0.004320142538 0 0 0 0 0 0 0 0.0005123258942 0 0 0 0 0 0 0 0 0 0 0 0 0 0 0 0.004453742121 0 0 0 0 0 0 0 0 0 0 0 0 0 0.0042789457 0 0 0.004373811441 0 0 0 0 0 0.004203002358 0.004213135838 0 0 0 0 0 0.0001742912685 0.004488433395 0 0 0 0.004380420473 0 0 0 0 0 0 0 0 0 0 0 0 0.004275812308 0.004295096531 0 0 0 0 0 0 0 0 0.004305185957 0 0.00446030022 0 0.004248540079 0.004408011073 0 0.0006480053037 0 0 0 0 0 0 0 0 0 0 0 0 0 0 0 0 0 0 0 0 0 0 0 0 0.0009299141426 0 
0.004291252344 0 0 0 0 0 0 0 0 0 0 0 0.00433446508 0 0 0 0 0 0 0.0008900391011 0 0 0.004220000826 0.004273045137 0 0 0 0 0 0 0 0.004477099372 0 0 0 0 0 0 0 0 0 0 0.00888903114 0.002122610239 0 0 0 0 0 0 0.004514562145 0 0 0 0.009971110646 0 0 0 0 0 0 0 0 0 0 0 0 0 0.004418792775 0 0.004375894109 0 0.004350086592 0 0 0.0007048872786 0 0 0.004307670708 0 0.004261217761 0 0 0 0 0 0.008740333855 0 0 0 0 0 0 0 0 0 0 0 0 0 0 0.004227350045 0 0 0 0 0 0 0 0 0 0 0 0 0 0 0 0.005575752701 0 0 0 0 0 0 0 0.00443285889 0 0 0.004690685717 0 0 0 0 0 0 0 0 0 0 0 0.004330750746 0 0 0 0 0 0.004206855626 0 0 0.004403177686 0 0 0 0 0 0 0 0 0 0 0 0 0 0 0 0.004351721614 0.004206173224 0.004451865305 0 0 0 0 0 0 0 0 0 0 0 0 0 0 0 0 0 0 0 0.004266224715 0 0 0 0 0.00513741432 0 0 0.004484426003 0 0 0 0 
0.0008279153115 0 0 0.004507482941 0.004210421068 0 0 0.004346705184 0 0 0.004483506518 0 0 0 0 0 0 0 0.004504101919 0.00431550365 0 0.0006465483067 0.008817564788 0.000505138671 0 0 0.004292908172 0 0 0 0.004297170647 0 0 0 0 0 0 0.00430332638 0 0 0 0 0.01332263447 0 0 0 0 0 0 0 0 0 0 0 0 0 0 0 0 0 0.004342543007 0 0 0 0 0 0 0 0.008647796898 0 0 0 0 0 0 0 0 0 0 0 0 0 0 0 0 0 0 0 0 0 0 0 0 0 0 0 0 0 0 0.0004605331849 0 0 0 0.00419292999 0 0 0 0 0 0 0 0 0 0.01282365523 0 0 0 0 0 0 0.002648849869 0 0.004460858324 0 0 0 0 0.00461993704 0 0 0 0 0 0 0.004527351899 0 0 0.008454840917 0.004278037196 0 0.004491986785 0 0 0 0.004227194824 0 0 0 0 0 0 0 5.350376882e-06 0.00430324589 0 0 0 0 0 0 0 0 0.004477391343 0 0 0 0 0 0.004372727155 0 0 0 0 0 0 0 0 0 0 0 0.00433763978 0.004253852888 0 0 0 0 0 0.001142451973 0 0 0 0.01299612552 0 0 0.004508816209 0 0 0 0 0 
0.004372529496 0 0 0 0.004358973461 0 0 0 0 0 0 0 0 0 0 0.00440856643 0 0 0 0 0 0 0 0 0 0 0 0 0 0 0 0 0 0 0 0 0 0 0 0.004335558742 0 0.004225310251 0 0.004407313103 0 0.004375152925 0 0 0 0 0 0 0.008700103563 0 0 0 0 0 0 0 0 0 0 0 0.004490847025 0.004493077604 0 0.004358115526 0 0 0 0.004231392178 0 0 0.004292752038 0 0 0 0 0.004484515551 0 0 0 0 0 0.004271749196 0 0.004212934066 0 0 0 0 0 0.004438988014 0 0.008726167333 0 0 0.001090891523 0 0 0 0 0 0 0 0.004353879756 0 0.004349661639 0 0.004257602728 0 0 0 0 0.00450298576 0.004509851576 0.004397716968 0 0 0 0 0 0 0.004297387837 0 0 0.001812547935 0 0.005253793455 0 0.004366423758 0 0 0.002827680408 0 0 0 0 0 0 0 0 0 0 0 0 0 0 0 0 0.004442637264 0 0 0 0 0 0.004437203553 0 0 0 0.004387563396 0 0 0 0 0 0 0.01311460452 0 0 0 0 0 0.004258434504 0 0 0 0.004260012945 0 0 0 0.008876542959 0 0 0 0 0 0 0 0 0 0.004478355568 0.004210678056 0 1.202935311e-05 0 0 0 0 
0 0 0 0 0.004374245945 0 0 0 0 0 0.001463506358 0 0 0 0 0 0 0.004305228338 0 0 0.004401584577 0 0 0 0 0 0 0 0 0 0.004463766684 0 0.004286355762 0 0 0 0 0 0 0 0 0 0 0 0 0 0 0 0.00430909665 0 0 0 0 0.004281526098 0 0 0 0 0 0 0 0 0.004411489415 0 0 0 0 0 0 0 0 0 0 0 0 0.004381679118 0 0 0 0 0 0 0.005159422716 0.004497353844 0.004524202551 0 0 0 0 0 0 0 0 0 0 0 0 0 0 0.004327259844 0 0 0.00419269346 0 0 0 0 0 0 0 0 0 0 0 0 0 0 0 0.004272628232 0 0.0002936961505 0 0 0 0 0.004332982846 0 0 0 0.004223771853 0.004356148171 0.004335445259 0.0006321440414 0 0 0 0 0 0.001621988191 0.004434372263 0 0 0 0 0 0 0.008721786217 1.573143477e-05 0.001375968879 0 0 0 0 0.004232502193 0.004325469861 0 0 0 0.00446086526 0 0 0 0 0 0 0 0 0.004463236916 0.008607240182 0 0 0 0 0 0 0 0 0 0.004375824041 0 0 0 0 0 0 0 0 0 0.0009731331087 0.004194597797 0 0 0 0 0.00437558731 0.004474654892 0 0 0.000196062943 0.004295037089 
0 0 0 0 0 0.004377559527 0 0 0 0 0.0008653336692 0 0 0 0 0 0 0 0 0 0 0 0.004334966515 0 0 0 0 0 0 0 0 0 0 0 0.004371024142 0 0 0 0 0 0 0 0 0 0 0 0 0 0 0 0 0 0 0 0 0 0.001317585961 0 0 0 0 0.004332413592 0 0 0 0 0 0.004223611905 0.004231560101 0 0.004204605622 0 0.004475281015 0.004458833551 0 0 0 0 0.004295490159 0 0.004214461881 0 0 0 0 0 0 0 0 0 0 0.004527530188 0 0 0 0.004471822742 0 0.001256917747 0 0.004479453231 0 0 0.004285158426 0 0 0 0.004405473517 0 0 0 0 0 0.004428346286 0 0 0 0 0.004194766959 0 0 0 0 0.004257547327 0 0 0.004330264474 0 0 0 0 0 0 0 0.004282840904 0 0 0 0 0.00118169071 0 0 0 0 0 0 0.004279506646 0.004446469033 0 0 0 0 0.00444221559 0 0 0 0 0 0 0 0 0 0 0 0.002779580124 0 0 0 0 0 0 0 0 0 0 0 0 0 0.004249281781 0 0 0 0 0 0 0.001144712064 0 0 0 0 0.004527640343 0 0 0.004449556748 0.001917478113 0.001496263217 0 0 0 0 0 
0.004266266772 0.004271795632 0 0 0.004219727047 0 0.00434056436 0.004234157877 0 0 0.004497100901 0 0.0009946936464 0 0 0 0 0 0 0 0 0 0.004344047893 0 0 0 0 0 0 0 0 0.00428555601 0 0 0 0.0009458967132 0.00209038747 0 0 0 0 0 0 0 0 0 0 0.008672242594 0.0006631640082 0.004474859072 0 0 0 0 0.004420837585 0 0 0 0 0 0 0 0.0001452091487 0 0 0 0 0 0 0 0 0 0 0 0 0 0 0 0 0 0.004473806267 0 0 0 0.004403377812 0 0 0 0 0.004261673067 0 0.004337795978 0 0 0 0 0 0 0 0 0.004280795972 0 0 0 0 0 0 0.004452568436 0 0.004267386302 0.004434566155 0 0 0 0 0 0 0 0 0 0 0 0 0 0 0 0 0.004330276465 0 0.004224076398 0 0.004508785383 0 0 0 0 0 0 0 0 0 0 0 0 0 0 0 0 0 0.004457819697 0 0 0 0 0 0 0 0 0 1.741832488e-05 0 0.00429817626 0 0.004349960947 0.004500669387 0 0 0.004230924419 0 0 0.004454429383 0 0 0 0.001289496367 0 0 0 0 0 0 0 0 0 0 0 0 0 0 0 0 0 0 0 0 0 0 0 0 0 
0.004443471738 0 0 0 0 0.0044353295 0.008893579542 0 0 0 0 0.00426475915 0 0.00434776716 0 0.00852331507 0 0 0 0.004252917333 0 0 0 0.0003326558734 0 0 0 0 0 0 0 0.004248878271 0 0 0 0 0 0 0 0 0 0 0 0 0 0 0 0 0.001497538329 0 0 0 0 0.004496585809 0 0 0.004268016207 0.004243011322 0 0 0 0.004331892625 0 0 0 0 0 0.004232389515 0 0.004431217473 0 0 0 0 0 0 0 0 0 0 0 0 0 0.004273803967 0 0 0 0 0 0 0 0 0 0.004328207194 0 0 0 0 0 0 0.004481197107 0.0001047572366 0 0.004432983575 0 0 0.0003275454627 0 0.004310652304 0 0 0 0 0 0.004407830618 0 0 0.004401615954 0 0 0 0 0 0 0.004455105597 0.004301994724 0 0.004445073669 0.004316470349 0 0 0.004260915823 0 0 0 0.004251528734 0 0.00444425405 0 0 0 0 0 0 0 0 0 0 0 0 0 0 0.004409843068 0 0 0 0 0 0 0 0.004302374097 0.004290032175 0 0 0 0 0 0 0 0 0 0.004272857928 0 0.0006049866414 0 0 0 0.0006207051361 0 0.008828868169 0 0 0 0.004267513893 0 0 0.004400912424 0 0 0 0 0 0.004308747112 0 0 0.004318750301 0 0 0 0 
0 0 0 0.0009009637127 0 0 0.004433454859 0 0 0 0 0 0 0.008709347081 0 0 0 0 0 0 0 0 0 0 0 0 0 0 0 0.00424588092 0 0.004462828982 0 0 0 0 0 0 0 0 0.004425527943 0 0 0 0 0.004328484924 0 0 0 0 0 0 0 0 0 0 0 0 0 0 0 0 0 0 0 0 0 0 0 0 0.004222156063 0 0 0 0 0.00430527325 0 0.0006033195302 0 0 0 0 0 0 0 0 0.004358664285 0 0 0 0 0 0.004375995727 0 0 0.004320172741 0 0 0 0 0.008653975581 0 0 0 0.0006956393598 0.004307510531 0 0 0 0 0 0 0 0 0.004225176042 0 0 0 0 0 0 0.004353296988 0 0.004515736724 0 0 0 0 0 0 0 0 0.004455019534 0 0 0 0 0 0.004289923448 0 0 0 0 0 0 0.004266186034 0 0.004725113603 0 0 0.0042229124 0.00134760369 0 0.0003590879782 0 0 0 0 0.004407376061 0 0 0 0 0 0 0 0 0 0.004391710194 0 0.004202151079 0 0 0 0 0 0 0 0 0.004339145844 0 0.00430988434 0 0 0 0 0 0 0 0 0.008932851312 0 0 0.004428287714 0.00422349055 0 0 0 0 0.00439925365 
0 0 0.0003728131194 0 0 0 0 0.00434692342 0 0.004334585569 0 0 0 0 0 0 0.00652556923 0 0 0 0.004523232749 0 0 0 0 0 0 0 0 0 0 0.00880118582 0 0 0.0002584381152 0.004341897776 0 0 0 0 0 0 0 0.004293321848 0 0 0 0 0 0.004521187754 0 0 0 0.004410010409 0.004416828088 0 0.004298550691 0 0 0 0 0.008972964856 0 0 0 0 0 0 0 0.004425028549 0 0 0 0 0 0 0 0.0002902753072 0 0 0 0 0 0.004205302326 0 0 0 0 0 0 0 0.004481555738 0 0 0 0 0.008820290098 0.00434097909 0 0 0 0 0 0 0 0 0 0 0 0 0 0 0 0 0 0 0.004511946278 0 0 0.004498547315 0.004261682086 0.004402162908 0 0.004455610202 0 0 0 0.004219022142 0 0 0 0 0 0.004191427342 0 0 0 0 0 0 0 0 0 0 0 0.008741816794 0 0 0.0007783679339 0 0 0 0 0.004481561003 0 0.001168012922 0 0 0 0 0 0 0 0 0 0 0 0 0.004264416738 0.004403406964 0 0 0 0 0.0005300541816 0 0 0 0 0 0 0 0 0 0 0 0 0 0 0 0 0 0 0.004445291787 0 0 0 0.004436933715 0 0.004195862736 
0 0 0 0 0 0 0 0 0 0 0 0 0 0 0 0.0006885987945 0 0 0 0 0 0.004219232759 0 0.004224609426 0 0.0003183186298 0 0 0 0 0.004268414309 0 0 0 0 0 0.004470574659 0.004525654674 0.004198470529 0 0 0 0 0.0001581440438 0.004255018331 0 0 0 0.00426593281 0 0 0 0 0 0 0 0 0 0 0.004617149413 0 0 0.004363838084 0 0 0 0 0.004276897963 0 0 0 0 0 0 0.004378517937 0 0 0 0 0.004477601002 0.004312722187 0 0 0 0 0 0 0 0 0 0 0.005138011167 0 0 0 0 0.00433619273 0 0 0.00432467141 0 0 2.08427644e-05 0 0.004249774983 0 0 0 0 0 0 0 0 0.008616203222 0 0 0 0 0 0 0 0.004292361549 0 0 0 0 0 0 0.00434824633 0 0 0 0 0 0 0 0 0 0 0 0 0 0 0 0 0.004302891995 0 0.004323412832 0 0 0 0 0 0 0 0 0 0.004405932421 0 0 0 0 0 0 0 0 0 0 0.0009464378157 0 0.004307345299 0.004485358445 0 0 0 0 0 0 0 0 0 0.004425206002 0 0.003992968941 0 0 0 0.004500953944 0 0 0.0002112115325 0 0 0 0 0 0 0.004360463155 0 0 
0 0 0 0 0 0 0 0.004513755117 8.580521467e-05 0 0 0.004438732875 0 0 0 0 0.0007036941026 0 0 0 0.008562098423 0 0 0 0 0 0 0 0 0 0 0 0.004505833907 0 0.004423780462 0 0.004300217496 0.004231822975 0 0 0.004331136675 0 0.0002372889725 0 0 0 0.0002540104185 0 0 0 0 0 0 0 0 0 0 0 0 0 0 0 0.004210105884 0 0 0 0 0 0 0 0 0 0.004331181414 0 0 0 0 0 0 0 0 0 0 0 0 0 0 0 0 0 0 0 0 0.004290339834 0 0 0 0 0 0 0 0 0 0 0.004308782042 0 0 0 0 0.004423475752 0 0 0.0007808518658 0.004353167496 0 0 0 0 0 0 0 0 0 0 0 0 0 0 0 0.004427814876 0 0.004444741072 0 0 0.004225373533 0 0 0.004359352249 0 0 0.004603502134 0.00426031559 0 0 0 0 0 0.004277759425 0 0 0 0 0 0 0 0 0 0 0 0 0 0 0 0 0 0.00419377681 0 0 0 0 0 0 0 0 0.00461437568 0 0 0.004457716295 0 0 0 0 0 0 0 0 0 0 0 0 0 0 0.008580805113 0 0 0 0 0 0 0 
# Errors [psd_det/post_det.dat] I_err:
0 0 0 0 0.004342598861 0 0.0003964121551 0 0 0 0 0 0 0 0 0 0.004297531452 0 0 0 0 0 0 0.006046202171 0 0 0 0 0 0 0 0 0 0 0.004305194295 0 0.004411491982 0 0 0.004218120204 0 0 6.898422083e-05 0 0 0 0 0 0 0 0 0.004454756608 0 0 0 0 0 0 0.004294153208 0 0 0 0 0.006151406575 0 0 0 0 0 0 0 0.004380653229 0 0.004220863185 0 0 0 0 0.004228609013 0 0 0.00607481205 0 0 0.004203322238 0 0 0 0 0 0 0 0.00605685721 2.818208648e-05 0 0 0.00513137005 0 0 0 0 0.004319161943 0 0 0.006003333008 0.00424386631 0.0043333254 0 0 0 0 0 0 0 0 0.004216389422 0.005996127434 0 0 0 0 0 0.006180722333 0 0 0.0009623316752 0 0.004301010457 0 0 0 0.004439201789 0 0 0 0 0.005248796303 0 0 0 0 0 0.007455513189 0 0 0 0 0 0 0 0 0 0 0 0 0 0 0 0 0 0.004251396248 0.004286209859 0 0 0 0 0 0 0 0 0 0 0.0063321024 0 0.004460272302 0 0 0 0 0.004338440946 0 0 0 0 0 0.004254774403 0 0 0.004276087125 0 0 0 0 0.0002309051776 0 0.004272826576 0 0 0 0 
0 0 0 0 0 0 0 0 0.004395741997 0 6.433115299e-05 0 0 0 0.004438818953 0 0 0 0.004295737992 0 0 0 0.004198619111 0.004222658313 0 0 0 0 0 0 0 0 0.004530325565 0 0 0 0.002741309477 0 0.001515502614 0 0 0 0 0 0 0 0 0 0 0.002509090591 0.004333034011 0.006275913987 0.004487769688 0 0 0 0 0 0.004381299809 0.004201518731 0 0 0 0 0 0 0.004395879509 0 0 0 0 0 0 0 0 0.004468289214 0 0 0.004255952866 0 0 0 0 0 0.00427599945 0 0 0 0 0 0 0 0 0 0 0 0.004515572757 0 0.004260291821 0 0 0.004210394056 0 0 0 0 0 0 0 0 0 0 0 0.004521953675 0.004438007358 0 0.00441799821 0 0 0 0 0 0 0 0 0 0 0.00444444173 0 0 0 0.004464217051 0.004355362835 0 0 0 0 0 0 0 0.006065806925 0 0 0 0 0 0 0 0 0 0 0 0 0 0 0 0 0 0 0.004256560338 0 0 0 0 0 0 0 0 0 0 0 0.004321000089 0 0 0 0 0 0.004439047223 0.004287158842 0 0 0 0 0 0 0 0 0 0 0 0 0 0 0 0.0044049866 0 0 0 0 0 
0 0 0 0 0 0.004403782502 0 0 0 0 0 0 0 0 0 0 0.000157735183 0 0.006250991406 0 0 0 0 0 0 0 0.004394631197 0 0 0 0 0 0 0 0 0 0 0 0 0 0.004316372521 0 0 0 0.004487914681 0 0 0 0 0 0 0 0.0008467243864 0 0.00442401898 0 0 0 0 0 0 0 0 0.004415646169 0 0 0 0 0 0 0 0 0 0 0.004414931255 0 0 0.004266934611 0 0 0.004411203035 0 0 0 0 0 0 0 0 0 0 0 0 0.00430164892 0 0 0.005046192804 0 0 0 0 0 0.004485741328 0.004284480635 0.0003903277786 0 0 0 0.000349281361 0 0 0 0 0 0 0 0 0 0 0 0 0 0 0.004421225344 0 0 0 0.004485696204 0 0 0 0 0.001148502662 0.004193168992 0 0 0 0 0 0 0 0 0 0 0 0.004280376935 0.004212520928 0 0 0 0 0 0 0 0 0.004453900161 0.00437138834 0 0 0 0 0 0.0001009605321 0.004498908576 0 0 0 0.004269851038 0.004412004594 0 0.004274936592 0 0.001060745693 0 0 0 0 0 0.004325368234 0 0 0 0 0 0 0 0 0 0.00421749429 0 0 0 0 0 0 0 0 0 0 0 
0 0 0 0 0 0.006131086507 0.004444380666 0 0 0 0 0 0 0 0 0 0 0.0004790538355 0 0 0.001013948229 0 0 0 0 0 0 0 0 0 0 0 0 0 0 0 0 0 0.004204012557 0 0.001097690126 0 0 0 0 0 0.00426559852 0 0.006020057564 0 0 0 0.004204175889 0 0 0 0.004394093315 0 0.0002018566786 0 0 0 0 0 0 0 0.004437335633 0 0 0 0.004323163454 0 0.004432162006 0 0 8.471946746e-05 0.004236747712 0 0 0 0 0 0.004517795454 0 0.0009258115156 0.004356492544 0 0 0.004241435231 0.004392466242 0 0 0.004219337349 0 0 0.004276350469 0 0 0 0 0.004307659518 0.001156273187 0 0.004502696107 0 0 0 0 0 0 0 0.004285897321 0 0 0 0 0 0 0.006215438719 0 0 0 0 0 0.004349997545 0 0 0 0 0.0003488586063 0.0009225119215 0 0 0 0 0 0 0 0 0 0.006147387454 0 0.004220684005 0 0 0.004518519735 0 0 0 0 0 0 0 0 0 0 0 0 0 3.806018574e-05 0 0 0 0 0 0 0.004269516372 0 0.004334279286 0 0 0 0 0 0 0 0 0 0 0 0 0 0 0 0 0 0 0.004369333229 0 0.004275979988 0 0 0.004425922395 0 0 0.004365480036 0.005355608117 0 0 0.004512582835 
0 0 0 0 0 0 0 0 0 0.0005038836772 0 0 0 0.0003657559701 0 0 0 0 0 0.006008450497 0 0 0.002266234571 0 0 0.001657105514 0 0 0 0 0.00452415364 0 0.004382572774 0 0 0 0 1.564906227e-06 0 0 0.0002810765505 0 0 0 0 0 0.0008958449406 0 0 0 0 0 0 0.004526885161 0.004516551762 0.004430542687 0 0 0 0 0 0 0 0 0.004518817852 0 0 0 0 0.004270240283 0 0 0 0 0.004489047708 0 0.004409172784 0 0 0 0 0 0.004370620826 0 0.004303995297 0.004256630311 0 0 0 0.004432353059 0.004296727091 0 0.0001739715806 0 0 0 0 0 0 0 0 0.004439350423 0 0 0 0 0 0 0 0 0.004419109007 0 0.004430668025 0 0 0 0 0 0 0 0 0 0 0 0.005276747505 0 0 0 0 0 0 0 0 0 0 0 0 0 0 0 0 0 0.004212466233 0 0 0 0 0.004262759811 0 0 0.0002061172795 0 0 0 0 0 0 0 0 0 0.004516591584 0 0.006104189174 0.0007152882818 0 0 0 0 0.004393625901 0 0.004500708806 0 0 0.0003620113878 0 0.006130056399 0 0 0 0 0 0 0 0 0 3.268809324e-05 0 0 0.004395944669 0 0 0 0.00425247632 0 0 0 0 0 0 0 
0 0 0 0.004480158832 0.00174307591 0.004207180496 0 0 0 0 0 0 0.004346888006 0 0.001746376497 0.004516910857 0 0 0 0 0.004236109541 0.00427793381 0 0.004459277982 0 0.004360057156 0 0 0.0005655306099 0.00446452347 0 0 0 0 0 0 0 0 0 0 0 0 0 0.00619430831 0.004241875073 0.006131636263 0 0 0 0.004496930948 0.004517369329 0 0.004427610924 0 0 0 0 0 0 0 0 0 0 0 0 0 0 0 0 0 0.004194979367 0 0 0 0 0 0 0 0 0.004272710858 0 0 0.0002282143114 0 0 0 0 0 0 0 0 0.004442425543 0 0 0 0.004512637034 0 0.004273322634 0 0 0.0005186008708 0 0 0 0 0 0 0 0 0 0 0 0 0 0 0 0 0 0 0 0.00446072406 0 0 0 0 0.004452898359 0 0 0 0 0 0 0 0.004505776131 0 0 0 0.004421507723 0 0 0.004238387363 0 0 0 0 0 0 0.00442813886 0 0.004509800864 0 0 0 0 0.004351050358 0 0 0 0 7.55750682e-06 0 0 0 0 0 0 0 0 0 0 0 0 0 0 0 0 0 0.004313482989 0 0 0.004353254003 0 0 0 0 0 0.004290883031 0 0 0 0 0 0 0.004211931308 0 0 0 0 0.004302796889 0.004412044274 
0 0 0 0.004403043242 0 0 0.004248622573 0 0 0.004527394532 0 0.001113260898 0 0 0 0 0 0 0 0 0.0001683803682 0 0 0 0 0 0 0 0 0 0.004321664899 0.004520361642 0 0 0 0 0 0.0001310964728 0 0 0 0.004198884769 0 0 0 0 0.004353305533 0.004239091528 0.000685199626 0 0 0 0 0 0 0 0 0 0 0.004463365015 4.54557949e-06 0 0 0 0 0 0 0 0 0 0 0 0 0 0 0 0 0 0 0 0 0 0 0 0 0 0 0 0 0 0 0 0 0 0 0 0 0 0 0 0.004374436583 0 0 0 0 0 0 0.004285086792 0 0 0 0.003293969417 0 0 0 0 0 0 0.004390836612 0 0 0.004517276699 0.004271993415 0 0 0 0.004465423226 0 0 0 0 0 0 0.004264717854 0 0.004311768857 0 0 0 0 0.006327028103 0 0.006157898537 0 0 0 0 0 0 0.00438970438 0.004253853327 0 0 0.004294196078 0 0 0 0 0 0 0 0 0 0 0 0 0 0.004207748853 0 0 6.393431884e-05 0 0 0 0.004450774307 0 0 0 0 0 0 0 0 0 0 0 0 0 0 0 0 0 0 0 0 0 0.004187328125 0 0 0 
0 0 0.004423945501 0 0 0 0.004272391715 0 0 0 0 0.004532867176 0 0 0 0 0 0.004305291985 0 0 0 0 0 0 0 0 0 0 0 0 0 0 0 0 0 0 0 0 0 0 0.00516979927 0 0.004308941051 0 0 0.004479794389 0 0.000217646512 0 0.004224145976 0.004281260676 0 0 0 0 0.001736761559 0.004218032864 0.0002575018928 0 0.004285815753 0.004403327629 0 0 0.004442284611 0 0 0 0 0 0.001033257294 0 0 0.004440124193 0 0 0 0 0 0 0 0 0 0 0 0 0 0.004514697664 0 0.00419885952 0 0.004430886809 0.004195646556 0 0 0 0 0 0 0 0 0 0 0.005334302845 0 0.004228304813 4.048488487e-07 0 0 0.004273501184 0 0.004297353531 0.004529357454 0 0 0 0.0004763303393 0.004529444279 0 0 0.004304479487 0 0 0 0 0.0003828727569 0 0 0 0 0 0 0 0 0 0 0.004295144054 0 0 0.004215926868 0.0005971380632 0 0.006091769788 0.004235850573 0 0 0.004318111717 0 0 0.004211352663 0 0.006276527716 0 0 0 0 0.0043253706 0 0 0 0 0 0 0 0 0 0 0 0 0 0 0 0 0 0 0 0 0 0 0.005440002965 0.004316842307 0 0 0 0.004361868292 0.004334276807 0 0 0 0 0 0.004453363122 0 0.004290965874 0 0 0 0 0 0 0 
0 0 0 0 0.004474363543 0 0 0.0002434260185 0 0 0 0 0 0 0 0 0 0 0 0 0.004253540689 0 0 0 0 0 0 0 0 0.002469886408 0 0 0.004274631127 0.004336459425 0 0 0 0 0 0 0 0 0 0 0 0 0 0.0002440175483 0 0 0.006252200046 0 0 0 0 0 0 0.004482683545 0 0.004227580212 0 0.004501594296 0 0 0.004348746347 0 0 0 0 0 0 0 0 0 0 0 0.004388171761 0 0.004512599634 0 0 0 0 0 0 0 0 0 0 0 0.004479302287 0 0 0 0 0.004333579303 0.004405905659 0 0 0 0 0 0.004381266589 0.004257112226 0 0 0 0 0.006222658138 0.00430090717 0.00431143519 0 0 0 0.004532761856 0 0 0.004401501544 0 0.004281193395 0 4.572563658e-06 0 0.004229430883 0 0.004479785472 0 0.004449016315 0.0003174891747 0.006176944033 0.004454330434 0 0.004245038311 0.004279418112 0 0.00450726983 0 0.004375909292 0 0 0 0 0.004208292109 0 0 0 0 0.004366790452 0 0 0 0.004286829586 0 0 0.004289663176 0 0 0 0 0 0 0 0 0.004494734169 0 0 0 0 0.006174853432 0 0 0 0 0.004483032666 0 0.0008155109532 0 0 0 0 0 0 0 0 0 0 0 0 0 0 0 4.357431074e-05 0.004381075148 0 0.007591020722 0 0 0 0 0 
5.818830876e-05 0 0 0 0.004223914903 0 0.004198777385 0 0 0 0 0 0.004443699592 0 0 0 0.004236109784 0 0 0 0 0 0.004300658305 0 0 0 0 0 0.004512345453 0 0 0.004230311056 0 0 0.004388336706 0 0.0006675904765 0 0 0 0.004473160197 0 0 0 0 0 0.004507218034 0 1.214176131e-05 0 0 0 0 0 0 0 0.004321419991 0 0 0.006175795369 0.004506310534 0 0 0 0 0 0 0 0 0 0.004248662291 0 0.004411126408 0 0 0 0 0 0.004193686546 0.004196829821 0 0 0 0 0 0 0 0 0.004473438627 0 0 0 0 0 0 0 0 0 0 0 0 0 0 0 0 0 0 0 0 0 0.004434146695 0 0 0 0 0 0 0 0 0 0.004457379003 0 0 0 0 0 0 0 0 0 0 0 0 0 0 0 0 0.004360784769 0 0 0 0 0 0 0 0 0 0 0.004359618152 0 0 0 0 0.004981792617 0 0 0 0 0 0 0 0 0 0 0 0 0.004316260052 0 0 0 0.0003001408461 0 0 0.00436253623 0 0 0 0 0.004286535391 0 0 0 0 0 0 0 0.004395578085 0 0.004429630211 0 0.00420637259 0 0 0 0.001384921115 0 0.004242796498 0 0 0 
0 0 0 0 0 0 0.004321227519 0 0 0.006682438629 0 0 0.004348771042 0 0 0 0 0.0020162508 0 0 0 0 0 0.004210258251 0 0 0 0 0 0 0 0 0 0 0 0 0 0 0 0 0 0 0 0 0 0 0 0 0 0 0 0 0 0 0 0 0 0.004376678338 0 0 0 0 0.004475765722 0 0.0005239183691 0 0 0 0 0 0 0 0 0 0 0 0 0 0.004192783408 0 0 0 0.004441994353 0.004335540735 0 0 0 0 0 0 0 0 0 0.004440134117 0 0 0 0 0 0.004227847133 0 0.004252733705 0 0 0 0 0 0 0 0 0.0009053851185 0 0 0 0.004368594808 0 6.984182779e-05 0 0 0 0 0 0 0 0 0 0 0 0 0 0 0 0 0 0 0 0 0 0 0 0 0 0 0 0.00425901267 0 0 0 0 0 0 0 0 0 0 0 0 0 0 0 0 0 0 0 0 0 0 0 0 0 0 0.00431060138 0 0.0004522129298 0.004266842077 0 0 0.004292063161 0 0 0 0 0 0 0 0 0 0 0.004198876641 0 0 0 0.0001645733692 0 0 0 0 0 0 0.005322154238 
0 0 0 0 0 0 0 0 0 0.004353540045 0 0 0.000833076675 0.0003132623475 0 0 0 0.004439525934 0 0 0 0.0001204848631 0 0 0 0 0 0 0 0 0 0.00449358482 0 0.0003688192743 0 0 0.004363575448 0 0 0 0 0 0 0 0 0 0 0 0 0 0.001182573389 0 0 0 0 0.001518597349 0 0 0 0 0.004510200058 0 0 0.004460820052 0 0 0 0 0.004365850971 0 0 0 0 0 0.004374053542 0 0 0.00436805257 0 1.523688426e-05 0 0 0 0 0 0 0 0.004311936363 0 0 0 0 0 0 0 0 0 0 0 0.004342811632 0 0 0 0 0.0007983644925 0 0 0 0 0 0.004430170283 0.004502725779 0 0.004215538618 0 0 0 0.0005999985718 0 0 0 0 0 0 0 0 0 0 0.004398324899 0 0 0 0 0 0.0045009026 0 0 0 0 0 0 0 0 0 0 0 0 0 0 0 0 0 0 0.004386943484 0 0 0 0.004331807824 0.004390845398 0.004225233026 0 0.004405534433 0.004324704045 0 0.0004133158883 0.0001058537323 0 0 0 0 0 0 0 0 0 0 0 0 0 0 0 0 0 0 0.004189935776 0.004455096263 0 0 0 0.004497935922 0 0 0 0 0 0 0 0 0 0 
0 0 0 0 0 0 0 0 0.00444932199 0.004304013012 0.004419939599 0 0 0 0 0.004210515306 0 0 0.004369847111 0 0.004460747372 0 0 0 0 0 0 0 0 0 0 0 0.00099972702 0 0 0 0 0 0 0 0 0.004502799408 0 0 0.004267752589 0 0 0 0 0 0.004461562813 0 0 0 0 0 0 0.004228311395 0 0.004332714332 0 0 0 0 0 0 0.004372097251 0 0 0 0 0 0 0 0 0 0 0 0 0 0 0 0 0 0 0.0006810129194 0 0.006121956397 0 0 0 0 0 0.004407323341 0 0 0 0 0 0.0009318606874 0 0 0 0 0.004381772915 0.006102554889 0 0 0 0.00434457721 0 0 0 0.004297128408 0 0 0.004425105836 0 0 0 0 0 0 0 0 0 0 0 0 0.004453820423 0 0 0 0 0.0008502115771 0 0 0.004461722751 0 0.005365540503 0 0.004403109699 0 0 0.004351262824 0.004461935922 0 0 0.006382580047 0 0.006026312675 0 0 0.004206573851 0.004262142244 0 0.0002541190333 0 0 0 0 0 0 0 0 0 0 0 0 0 0.006113359237 0 0 0.004266051895 0 0.004235304588 0 0 0 0 0 2.487529804e-05 0 0 0 0 0 0 0 0 0 0 0.004387358368 0 0 0 0 0 0 0 
0 0 0 0 0.0003333801191 0 0 0 0 0 0 0 0 0 0 0 0.004319122318 0.001022692744 0 0 0 0 0 0 0 0.004487291318 0 0 0 0.004435042712 0 0 0 0 0 0 0 0 0.004356731101 0 0 0 0 0 0 0 0 0 0.003266817195 0 0 0 0 0 0 0 0 0 0 0.004337120449 0 0 0 0 0.004485995612 0 0 0 0 0.004246049067 0 0 0.006194843376 0 0 0 0 0 0 0 0 0.0044706094 0 0 0 0 0 0 0 0 0 0 0.004361210522 0 0 0 0 0 0.0045168116 0 0 0 0.004429991078 0 0 0 0 0 0 0 0 0 0 0 0 0.004327086229 0 0.004507100447 0 0.004342177134 0 0 0 0 0 0 0 0 0 0 0 0 0 0 0 0 0 0.006405118996 0 0 0 0 0 0 0 0 0 0 0 0 0 0 0 0.004215474247 0 0 0 0 0 0 0 0 0 0 0.004369629174 0 0 0 0.004336969673 0 0 0 0.0004431708932 0 0 0.004199811486 0 0 0 0 0.005487381309 0 0 0.00429246228 0 0.004191725801 0.006247921268 0 0 0.0004888482268 0 5.259164385e-07 0.004416796321 0 0.00424317346 0 0 0 0 0 
0 0 0 0 0 0 0 0.004308493891 0 0 0 0 0 0.00438257842 0 0.004420914276 0.0004310747479 0.00451873293 0.004450994404 0 0 0 0 0 0 0 0.004490976651 0 0.006083502951 0.0004009788061 0 0 0 0 0 0 0.004230284261 0 0 0 0 0.004456136159 0 0 0 0 0.006234753327 0 0 0 0 0 0 0 0.004352207295 0 5.580682623e-05 0 0 0 0 0 0 0.004382484863 0 0 0 0 0 0 0 0 0 0 0 0.00427949412 0 0 0 0 0 0 0 0.004423836683 0 0 0.004442509322 0 0 0 0 0 0 0.004201941387 0 0 0 0 0 0 0.00529975923 0 0 0 0 0 0.004236325081 0 0 0 0 0 0 0 0 0 0 0.004281913802 0 0 0 0.006032393782 0 0 0 0.0009789277816 0 0 0 0 0 0 0 0 0 0 0 0.006321662665 0.004308450413 0 0 0 0 0 0.004435684294 0.004284484198 0.004499356143 0 0 0.004494857762 0 0 0.004399802061 0 0 0 0 0 0 0 0 0.00064278694 0 0 0 0 0 0 0 0 0.004348133891 0 0 0 0 0 0 0 0.004472722257 0 0 0 0.004293679395 0.004238418485 0.001156711937 0 0 0 0 0.004487604906 0 0.004269985508 0 0 0 0 0 0 0 0 
0 0 0 0 0 0 0 0.004271327692 0 0 0 0 0 0 0 0 0.0005601136686 0 0 0 0 0 0 0 0.004277391487 0 0 0 0 0 0.004300979215 0 0 0 0 0 0 0 0 0 0 0 0 0 0 0 0 0 0 0 0 0 0 0 0 0 0 0 0 0 0 0 0 0 0.001513533394 0 0 0 0 0 0 0 0 0 0 0 0 0 0 0.004214902646 0 0 0 0 0.004445443456 0 0 0 0 0 0 0 0 0 0 0 0 0.004379516482 0 0 0 0 0 0 0 0 0 0 0 0 0 0 0 0 0 0 0 0.004304552537 0.006157266229 0.006002063546 0 0 0.004479004707 0 0 0 0.0005820166577 0 0 0 0 0 0 0 0 0 0 0.00444416821 0 0 0.004274062772 0.004199303915 0 0.0005389607469 0.004354938908 0 0.006023317631 0 0 0.004428409164 0 0 0 0.004529526108 0 0 0 0 0 0 0 0 0 0 0 0.005276969642 0 0 0 0 0 0 0 0 0 0 0 0 0 0 0 0 0 0 0 0 0 0 0 0 0 0 0 0 0 0 0 0 0 0 
0 0 0 0.00436008316 0.004268973395 0 0.004233471196 0.004396514723 0 0 0 0.001143577591 0.004984051028 0 0 0 0 0.00444574065 0 0 0 0.006146008144 0 0 0 0 0 0 0 0 0.00437901853 0.004369548374 0 0.004425177076 0 0.0043424125 0 0 0.00419485636 0 0 0.005161813457 0 0 0 0 0 0.004507254359 0 0 0 0 0 0 0 0 0 0 0 0 0.004333322509 0 0 0 0.001875305663 0 0 0 0 0 0 0.005034550931 0 0 0 0 0 0 0 0 0 0.004257121681 0.00443878949 0 0 0 0 0 0 0 0.00439967769 0 0 0 0 0 0 0 0 0.004329721669 0 0.0005934446403 0.002786783647 0 0 0 0 0 0 0 0.004218655167 0 0 0 0 0 0 0.004281491159 0 0 0 0 0 0.004258199563 0 0 0 0 0 0 0 0 0 0.004227942881 0 0 0 0 0 0 0 0 0.0006538332269 0 0 0 0.0004507214853 0 0.004309118007 0 0 0 0 0.004219980508 0 0.004193077493 0.004232419407 0 0 0 0 0 0 0 0.00434971681 0 0 0 0.004356810114 0 0 0 0 0 0 0.004317622339 0 0 0 0 0 0 0 0.004467436933 0 0 0 0 0 0 0.004206341574 0.004206679273 0 0 0 0 0 0 0 0 
0 0 0 0 0 0 0.006315219761 0 0 0 0 0 0 0 0 0 0 0 0 0 0 0 0.004282976298 0 0.004337074137 0.004383009128 0 0 0 0 0 0 0.0003824994839 0 0 0.004312294511 0 0 0 0 0 0 0 0.004328598956 0 0.004393181304 0 0 0 0.004462030773 0.006125027515 0 0 0 0 0 0 0 0 0 0 0 0 0 0 0 0 0 0 0 0.004392302793 0 0 0.004405369789 0 0 0.004465147543 0 0 0 0.006261940132 0 0.0009168050743 0 0 0 0 0 0.006196570595 0 0 0 0.004993351013 0 0 0.004365546344 0 0 0 0 0 0 0 0 0 0.002774403238 0 0 0 0 0 0.004234654908 0.004217443505 0 0 0 0 0 0.00428201324 0 0.004348714908 0.0001678469381 0 0 0 0 0 0 0 0 0 0 0 0.004438890378 0 0 0 0 0 0 0 0 0.00449507388 0 0 0 0 0 0 0 0 0 0.0043572429 0 0 0 0 0.004259877126 0 0 0.004243602102 0 0 0 0 0 0 0 0 0 0 0 0.004515337756 0 0 0 0 0 0.004376819704 0 0 0 0.004447868131 0 6.671070729e-05 0.004255157388 0 0 0 0 0.004250375381 0 0.004338426446 0 0 0.004492236909 0 0 0 0 
0 0 0 0 0.00431033364 0 0.0043419568 0.004299431754 0 0 0.004334956668 0.004432279699 0 0 0 0 0 0.001018394832 0.004297257766 0 0 0 0 0 0 0 0 0.004196606562 0 0 0 0 0 0.004255592123 0 0 0 0 0.004461211546 0 0 0 0 0 0 0 0 0.004407095062 0 0 0 0.004252376747 0 0 0 0 0 0 0.004360661739 0.004225663775 0 0 0.004243833943 0 0 0 0 0 0 0 0.004952866336 0 0 0 0 0 0 0 0 0 0.004475458497 0 0 0 0 0 0 6.226534127e-05 0 0 0 0 0 0 0 0.004524590181 0 0 0 0 0 0 0.005096778379 0 0 0.0002494913066 0.004314226045 0 0 0 0 0.004460957446 0.004334602972 0 0.004379960374 0 0 0 0 0 0 0 0 0 0 0 0 0 0 0 0.001729684758 0 0 0 0 0 0 0 0 0 0 0 0.00448574419 0 0 0 0 0 0 0.004363433859 0 0.004485322939 0.004440249424 0 0.004509682753 0 0.000595720024 0 0 0.004467877782 0 0 0 0 0 0 0.004406017187 0.00425307257 0 0.004341521424 0 0 0 0 0.004382207837 0 0 0 0 0 0 0.004194322308 0.004290180453 0 0 0 0 0 0 0 0 0.00427855217 0 0 0 0.004307911798 0 0 0 0 
0 0 0 0.004255284687 0.004377132383 0 0 0 0.004405731582 0 0.004475521524 0 0 0 0.006142133993 0 0 0 0 0 0 0 0 0.004430328914 0 0 0.004480619103 0 0 0 0 0 0.004344647537 0.004376697829 0 0 0.004398246123 0 0 0 0 0.004365756886 0 0 0 0 0 0 0 0 0 0 0 0 0 0 0.001800576566 0 0 0 0 0 0 0 0 0 0 0 0 0 0 0 0 0.004442034754 0 0 0 0.004425050331 0 0 0.006123986917 0.006181835142 0.004416052549 0.004393187678 0 0 0 0.004237483263 0 0 0 0 0.0003690753744 0 0 0 0.000621201918 0 0 0 0 0 0 0 0 0 0 0 0 0 0 0.004319185397 0 0 0 0 0 0 0 0 0.004195509375 0 0 0 0 0 0.00444841727 0.004196137381 0 0 0.004267046688 0 0 0.0005223442487 0 0 0.006129963113 0 0.0002008471808 0 0 0 0 0 0 0.00435039997 0.00433324454 0 0 0 0 0 0 0 0.00427205016 0 0 0 0 0 0 0 0.004456032808 0.004321762083 0 0 0 0 0 0 0.004341465287 0 0 0 0 0 0 0 0 0 0 0 0 0 0 0 0 0 0 0 0 0 0 0.004277818559 0 0 0 0 0 0 
0 0 0 0 0 0.004299070645 0 0 0 0.004288279476 0 0 0 0 0 0.001344239011 0 0 0 0 0 0 0 0 0 0 0.004383137873 0 0.0003352944747 0 0 0 0 0 0 0 0 0 0 0.000722451287 0 0 0 0 0 0 0.004412917597 0 0 0.004373555327 0 0 0 0 0 0 0 0 0.004378586712 0 0.004228669194 0 0.00432891015 0 0.00751107691 0 0 0 0 0 0 0 0 0.004255878205 0 0 0.0003547736465 0 0.001045718085 0 0.004295865175 0 0.004300523202 0.004466435261 0 0.00426798312 0 0 0 0 0 0 0 0 0 0 0.001127807049 0 0 0.004218280317 0 0 0 0.004260149513 0 0 0.004333668477 0 0 0 0 0 0.005122960135 0 0 0.004283341241 0.004510489962 0 0 0 0 0.004393180537 0 0 0 0 0 0 0 0.004314301267 0 0 0 0 0 0 0 0.0005322517738 0 2.517910236e-05 0 0 0 0 0.006247895912 0 0 0.004200807696 0 0 0 0 0 0 0 0 0 0 0 0 0 0 0 0 0 0 0 0.004469176602 0 0 0 0 0 0.004328729452 0 0 0 0.004266637057 0 0 0 0 0.0004982428099 0.004530154224 0.004481007756 0.0009864545263 0 0 0 0 0 0 0 0 0 0 0 0 0 0 
0 0 0 0 0 0 0 0 0.004346683184 0 0 0 0 0 0 0.005180544178 0 0 0 0.0002930033026 0 0 0 0 0 0 0 0 0.004520817691 0 0 0.006059232314 0 0 0 0 0.004510600563 0 0 0 0 0 0.004454777595 0 0 0 0 0 0 0 0 0 0 0 0 0 0.004422503257 0 0 0 0 0 0 0 0 0.005988591062 0 0 0 0 0 0 0 0 0.004400629182 0 0 0 0.004452430794 0 0.004340968397 0 0 0 0 0 0 0 0 0 0 0 0 0 0 0 0.004321737352 0 0 0 0 0 0 0.004495479403 0 0 0 0 0 0.004339533502 0 0 0.004210716435 0.004528902066 0 0 0 0 0 0 0 0 0.004521087414 0 0 0 0 0 0 0.0006918303426 0 0 0 0.004473823149 0 0 0.006203283538 0 0 0 0 0 0 0 0 0 0.004252042672 0.004296519382 0 0 0 0 0 0 0 0.003646565531 0.004334738272 0 0 0 0 0 0 0 0 0 0 0 0 0 0 0 0 0 0 0 0 0 0 0 0 0 0.004329348048 0 0 0 0 0 0 0 0 0 0.004253003708 0 0 0 0.001682388228 0 0 0 
0 0 0 0 0.004232670938 0 0 0.004344736184 0 0.004448658446 0 0 0 0 0 0 0 0 0.00193446408 0 0 0.004289330075 0 0.004386314705 0 0 0 0 0 0 0.006093149247 0 0 0 0 0 0 0 0 0 0 0 0 0.0007733318666 0 0 0 0 0 0 0 0 0 0 0 0 0.004218345193 0 0.004528286009 0 0 0 0.004358891693 0.004264899176 0 0 0 0 0 0 0 0 0 0 0 0 0 0 0 0 0 0 0 0 0 0 0 0 0 0 0.004354287233 0 0 0 0 0 0 0.004337968997 0 0 0.002144193893 0.0007531834723 0 0 0 0 0 0 0.004407309921 0 0 0 0 0 0 0 0 0 0.006259342531 0 0 0 0.004420534432 0 0 0 0 0.0008611951145 0.0042660206 0 0 0 0 0 0 0 0.004256960663 0 0 0.004446010522 0 0 0 0 0 0 0 0 0 0 0 0 0 0 0 0 0 0 0 0.004296991601 0 0 0 0 0 0.006128951184 0 0 0 0 0.004200500154 0 0.004269846146 0 0 0 0 0.004505204162 0 0 0 0 0 0.004378990834 0.004529094493 0.004526677684 0.0009306254121 0 0 0 0 0 0 0 0 0.004383950753 0.004206108422 0.0006866485564 0 0 
0 0 0 0.001069369797 0.004412188621 0.004319518025 0 0 0 0.004227308147 0 0 0 0 0.004525386495 0.006119915657 0 0 0 0 0.003767590312 0 0 0 0 0.004453228796 0 0 0 0.004320545409 0 0 0 0 0 0.004294572327 0 0 0 0 0 0 0 0 0.0042966469 0 0 0 0 0 0 0 0 0.004533298998 0 0 0 0 0.004258998765 0 0 0.004277247177 0 0 0 0 0 0 0 0 0.005215777616 0 0.004422716665 0 0 0 0 0 0 0 0 0 0 0 0 0 0 0.004313864256 0 0 0 0 0 0 0.004354309454 0 0 0 0 0 0.004401085026 0 0 0.0005391948691 0 0 0.004221619063 0 0 0 0.00438113526 0 0 0 0 0.00424533387 0 0 0 0 0 0 0.004497487749 0 0 0 0 0 0 0 0 0 0.0009439118444 0.004445117539 0 0 0 0 0 0.004234608788 0 0 0 0 0 0 0 0 0 0.004193908806 0 0.004318663968 0 0.004354481938 0 0 0 0 0 0 0.004445067624 0 0.0003961753104 0 0 0 0 0 0 0 0 0 0.004475299908 0 0.00605352748 0 0 0 0.00429165952 0 0 0 0 0 0.0002591346709 0.006109077426 0 0 0 0 0 0 0 0.004521872758 0 0 0 0.004442934377 0 0 
0 0.004277469861 0 0 0 0 0 0 0 0 0 0.006073774716 0 0.000918332922 0 0 0 0 0 0 0 0 0 0 0 0 0 0 0 0 0 0 0.004209489578 0 0 0.00447381695 0 0 0.004369960861 0 0.004372945434 0 0.004348855686 0 0 0 0 0 0 0.0002627908282 0.004392810618 2.289832674e-05 0 0.004419782261 0 0 0 0 0 0 0 0 0 0 0 0 0 0.004403637328 0 0 0 0 0.0006831130189 0 0 0 0 0 0 0 0 0 0 0 0 0.007537786389 0 0 0 0 0 0 0.00426974661 0 0 0 0.004468378117 0 0 0.004299741179 0 0 0 0 0 0 0 0 0 0 0 0 0 0 0 0 0.004320956567 0 0.004207041052 0 0 0.006074904641 0 0.0042238713 0.001321931546 0 0 0 0.0001105154011 0 0 0 0.0002417888847 0 0 0 0 0 0 0.004227815441 0 0 0 0 0 0 0 0 0 0 0 0 0 0.004526484004 0.004196776441 0.00435068928 0.004330575824 0 0 0 0 0.005058439665 0 0 0 0.004380195974 0 0 0 0.004192945999 0 0 0 0.004499795848 0 0 0 0 0 0.00204001295 0 0 0.004399925269 0 0.00432910362 0 0.004500117195 0 0 0 0.004186946023 0.004465792573 0 0 0 0 0 0 0 0 
0.004277486648 0 0 0 0 0 0 0 0 0 0 0 0 0 0 0.004356018259 0 0 0 0 0 0.004409976883 0 0 0 0 0 0 0.004300209995 0 0 0 0 0.00450168816 0 0 0.001800408532 0 0 0.004348138017 0.004317006587 0 0 0 0 0 0 0 0 0.004496350876 0.004455255497 0 0.001308730655 0 0 0 0 0 0 0 0 0 0 0 0 0 0 0 0 0 0 0 0.004216594413 0.004376290957 0.006042347449 0.006107067817 0.004417140815 0 0 0 0 0 0.007496839422 0 0 0.004255009769 0 0 0 0 0.002175014838 0 0 0 0 0 0 0.001073820617 0 0 0 0.0008712710825 0.004464631732 0 0 0 0 0 0 0 0 0 0 0 0 0 0 0 0 0 0 0 0.004410665067 0 0 0 0 0 0 0 0 0 0 0 0 0 0 0 0 0 0 0 0.004202770924 0 0 0 0 0.002562053844 0.006177661405 0 0 0.005176764035 0 0 0 0.004961762424 0 0 0 0 0.00442726756 0.004343854414 0 0 0 0 0 0 0.004488549172 7.718460934e-05 0 0 0 0 0 0 0.004277505445 0 0 0 0 0 0 0 0 0 0 0 0 0 0 0.004415652358 0 0 0 0 0 0.004429306994 0.004415807872 0 
0 0 0 0 0.004394102808 0 0 0 0 0 0 0 0 0 0 0 0 0 0 0 0 0 0 0 0 0 0 0 0 0 0 0 0 0 0 0 0.001264487276 0 0 0 0 0 0 0 0 0 0 0.005344708271 0 0 0 0 0 0 0 0 0.004522503521 0 0 0 0.0008823453908 0.004285750269 0 0 0 0 0 0 0 0 0 0 0 0 0.003578344582 0 0 0 0 0 0 0 0 0 0 0 0 0 0 0 0 0.004415588528 0 0 0 0 0.0004953092728 0 0.004294340872 0 0 0 0 0 0 0 0 0 0 0 0 0 0 0 0 0 0 0 0 0 0 0 0.004325883478 0 0 1.326584776e-06 0 0 0 0.004421097841 0 0 0 0 0.00444987074 0 0 0.004454864664 0 0 0 0.004481551987 0 0 0 0 0.0007079082656 0 0 0.004327240768 0 0 0 0 0 0 0.004528502885 0 0 0 0 0 0 0 0.00441444548 0 0 0 0 0 0 0.004349338436 0 0 0 0 0 0 0.0043040544 0 0 0 0.004207714243 0 0.001258286009 0 0 0 0 0 0 0 0 0 0 0 0 0 0 0 
0 0 0.00444628276 0.004311010251 0.004212948249 0 0 0 0.004396661923 0.004384583924 0 0 0.006114469239 0 0 0 0 0 0 0 1.101973408e-05 0 0.004312278854 0.0006953159278 0 0 0.004516759642 0.004281829355 0.004359543607 0.004453739003 0 0 0 0 0 0 0 0 0 0 0 0.0006593155999 0 0 0 0 0 0 0 0 0.0001370660362 0 0 0.004281729612 0 0 0 0 0 0 0 0.004245485972 0 0.00424307543 0 0 0.004295537311 0 0.0004538469259 0 0.004256747735 0.004384235225 0.004500310451 0 0 0 0 0 0 0 0 0 0 0 0 0 0 0 0 0 0 0 0.004346816386 0 0 0 0 0 0.004397519706 0 0 0 0.002019116644 0 0 0.004343797288 0 0 0.005351845231 0.004263534171 0 0 0 0 0.004396684228 0 0 0 0 0.004346978061 0 0.0008822943599 0 0 0 0 0 0.006078226121 0.004354833142 0.004456564349 0 0 0 0 0.0006737552053 0 0 0 0 0 0.004419245238 0 0.004473607872 0 0.006205624299 0 0 0 0 0 0 0.004449647289 0 0 0 0 0 0 0 0 0.004252843565 0 0.004238191096 0.0005885149001 0 0.004188031012 0 0 0.004502591071 0 0.0042580266 0 0.005454505958 0.004210653652 0.004205998712 0 0 0 0 0 0.004394465935 0 0.004493496359 0 0 0 0.004404557169 0 0 0.004526721374 0 0 0 0.004301298298 0.00449562247 0 0 0 0 0 
0 0 0 0 0 0 0.004935319183 0 0 0 0 0 0 0 0 0.0006132481251 0.004213717537 0 0.004314061815 0 0 0 0.004387117354 0 0.004206617007 0 0 0 0 0 0 0 0 0 0 0 0 0 0 0 0 0.0005762950573 0 0 0 0.004328654478 0 0 0 0 3.645772755e-05 0 0.0001813061288 0 0 0 0 0 0 0 0 0.004345044691 0.006382379472 0 0.004426621588 0 0.00449758907 0 0 0 0 0 0 0 0 0 0 0 0 0 0 0 0 0 0 0 0 0.004433929123 0.004414979244 0 0.004381621508 0 0 0 0 0 0 0 0 0 0.00426699038 0 0 0 0 0 0 0 0 0 0 0 0 0.004269080853 0.004220337547 0 0 0 0 0 0 0 0 0 0 0 0 0 0 0 0.004263779791 0 0.004388314119 0 0.004463306678 0 0 0 0.001329925643 0 0.004245916853 0 0.0006425861205 0 0 0 0 0 0 0.004207066026 0 0 0 0 0 0 0 0 0 0 0 0.004511457853 0 0 0 0 0.0001221286272 0 0.004292686235 0 0 0 0 0 0.005087887499 0 0 0 0 0 0 0.004491701464 0 0 0 0 0 0 0 0 0 0 0 0.00451100969 0 0 0 0.006257820236 0 0 
0 0.005316536774 0 0 0 0 0 0 0 0 0 0 0 0 0 0 0 0 0 0 0 0 0 0.0002198845215 0 0 7.821354877e-05 0.0004594181596 0 0 0 0 0 0 0 0.004500483034 0 0 0 0 0 0 0.006266339307 0 0 0 0 0.00429331475 0 0 0 0 0 0 0 0 0 0 0 0 0 0.0004558953752 0 0 0 0 0 0 0 0 0 0 0 0.004494292303 0 0 0 0 0 0 0 0 0 0.004404500944 0 0.004442037236 0 0 0 0 0 0 0 0 0.004292534216 0 0 0 0 0 0 0 0 0 0 0 0 0 0 0 0 0.004504810006 0 0 0 0 0 0.004331752598 0.004421817718 0 0.004440577844 0 0.004416784141 0 0 0 0 0 0 0 0.0001298736855 0 0 0 0.006190763242 0 0 0.004509990769 0 0 0 0 0 0 0 0.004220829038 0 0 0.0007458797686 0.004296459181 0 0.004404844767 0 0 0 0.004284439105 0 0 0.004223696947 0 0 0 1.655535354e-05 0 0 0.006183165995 0 0 0 0 0 0 0 0 0 0.004395495119 0 0 0 0 0 0 0 0 0 0 0 0 0.004189343347 0 0 0 0.004213285148 0 0 0 0 0 0.005074559467 0 
0 0 0 0.004328307597 0 0 0 0 0 0.004244383032 0 0 0 0 0 0.004377416254 0 0 0 0 0 0 0 0 0 0 0 0 0 0.00150775923 0.004455230865 0 0.004351645783 0 0 0.004516882419 0.004233899263 0 0 0 0 0 0 0 0 0 0 0 0 0 0 0 0 0 0 0.004249151777 0.004533245274 0 0 0 0.004220183907 0 0 0 0 0 0.0007313230816 0 0 0 0 0.004366168078 0 0 0 0 0 0 0 0 0 0 0 0 0 0 0 0 0 0 0.004509676245 0 0 8.957353939e-05 0 0 0 0 0 0 0 0 0 0 0 0 0 0 0 0 0 0 0 0 0.004360647695 0 0.0005459749802 0 0 0.004337386123 0 0 0 0 0 0 0 0 0 0.004210430021 0 0 0 0.0005330656004 0 0.004213136837 0 0.004333140227 0.005299585069 0 0 0 0 0 0 0 0 0 0 0.00425024959 0 0 0 0.004439430928 0.004251673582 0 0.004338904047 0 0 0 0 0.003331357513 0 0 0 0.0007444978384 0 0 0 0 0 0 0 0 0.004480001986 0 0.004335555292 0 0 0.00443727613 0 0 0 0.004436634489 0 0 0 0 0 0 0 0 0 0 0 0 0 0 9.675644645e-05 0 
0 0 0 0 0.004303004378 0 0 0 0 8.993410265e-05 0 0 0.004287899443 0 0 0.0006847046213 0 0.006367870694 0 0 0 0.0005782376776 0.004500324106 0 0.0006455736772 0 0 0 0 0 0 0 0 0 0 0 0 0.004321397849 0 0 0 0 0 0.006127172957 0 0 0 0 0 0 0 0 0 0 0 0 0 0 0 0 0 0 0 0 0 0 0.004200978483 0 0.004393921359 0 0 0.006246607794 0.004420438519 0 0.0005829002741 0 0 0 0.004270073245 0 0 0 0 0 0.004301682968 0.002405438887 0.0003495872748 0 1.887890336e-06 0 0.004260367473 0 0.004502774478 0 0 0 0 0 0 0 0 0 0 0 0 0 0 0 0 0 0 0 0 0 0 0 0 0 0.004197381897 0.004248776306 0 0 0 0 0 0 0 0 0.0004068137045 0 0.00419698525 0 0 0 0 0 0 0 0.004363816275 0.004342517046 0 0 0 0 0 0 0 0 0 0 0.0002213762885 0 0 0 0 0 0.004341600276 0 0.004461086573 0 0 0 0 0.004525626475 0.004531190626 0.00425500512 0 0.00431031856 0 0 0 0.0005393066148 0 0 0 0 0.0001344283879 0.004514329572 0 0 0 0 0.004217921553 0 0 0 0 0 0 0 0.0004748095925 0 0.004500712175 0 0 0 0 0 0 0 
0 0 0 0 0.004302378394 0 0 0.0006054735226 0 0.004376356574 0 0.004455234407 0 0.00428430935 0 0 0 0.00426456002 0 0 0 0 0.004373922739 0.0008872806152 0 0 0 0.004258896237 0 0 0 0 0 0 0 0 0 0.004483291743 0.0006362755771 0 0 0.004209506969 0 0.001544421268 0 0 0 0.004479035391 0 0 0 0 0 0 0 0 0.004291401447 0 0 0 0 0 0 0 0.004475596392 0 0.004259197905 0 0 0 0 0 0 0 0 0 0 0 0 0 0 0 0.004250270742 0 0 0 0 0.004373030371 0.006153370052 0 0 0 0 0 0 0 0 0 0 0 0 0.004479741069 0.004453388615 0 0 0 0 0.004286535356 0 0 0 0 0 0.004452147995 0 0 0 0 0 0.004496759515 0 0 0 0 0 0.0003808603291 0 0 0.004301531407 0 0.004346760149 0.00424939372 0 0 0.005034043407 0 0 0 0 0 0 0.000440210988 0.004245689494 0 0 0 0 0 0 0 0 0 0 0 0 0 0.004447755025 0 0 0 0 0 0 0 0 0 0.004394309826 0 0 0 0 0 0 0 0 0.004962202481 0 0 0 0 0 0 0 0 0 0 0.006206090914 0.005168988384 0 0 0.004497964307 0 0 0 0.004431595927 0 0 0 0 0 
0 0 0.004519169438 0 0 0 0 0 0 0.004360993448 0 0 0 0 0 0 0 0.001557865776 0.004984043041 0.004365188669 0 0 0 0 0 0 0 0 0 0 0.004324034835 0 0 0 0.0004849928946 0 0 0 0 0.00425203508 0 0 0 0.004278809852 0 0.004271176433 0.006258476055 0 0 0 0 0 0 0 0 0 0.004217656483 0 0.004376499586 0 0 0 0 0 0 0 0 0 0.002449143381 0 0 0 0 0.004327446219 0 0 0 0.003745326396 0 0 0 0.004400975965 0 0 0 0 0.004342392889 0.0001510775486 0 0 0 0 0 0 0.006232700937 0 0 0 0 0.004371660078 0 0 0 0 0.001157572226 0 0 0 0 0 0.005079983203 0 0 0 0 0.004438381166 0.0004795951044 0 0 0 0.004363016363 0 0.00443180481 0 0 0 0 0 0.004218568025 0 0.004295875149 0 0 0 0 0 0 0.004307541152 0 0 0.004281747603 0 0 0.004447420009 0.006118948733 0 0 0.004278294854 0.004389895502 0 0 0 0 0 0 0.002844860951 0 0 0 0 0 0.0001955806115 0.004308763891 0.00420508219 0 0 0 0 0 0 0 0 0 0 0 0 0 0 0.0004000313077 0 0 0 0 0 0 0 0 0 0 0 0 0 0 0 0.006199791766 0 0.0003753977071 0 0.002180763572 0 
0 0 0 0 0 0.004520442309 0.004530031959 0.004392615494 0.004198733896 0 0 0 0 0.004343869098 0 0 0 0 0 0 0 0 0 0.004224165084 0 0 0 0.004214170709 0 0.0041999292 0.004491123364 0.004497523412 0.004530178615 0 0 0 0 0.004267156833 0 0 0 0 0.004201693451 0.004327508466 0 0 0 0 0 0.004197266018 0 0 0 0 0 0 0.004380800474 0 0 0.002113555389 0 0 0 0 0 0 0 0 0 0 0 0.004427178886 0 0 0 0 0 0 0.00436229831 0.004375115319 0.0044429427 0 0 0 0 0 0 0 0 0 0 0 0 0 0 0 0 0.0006754095807 0.004388161082 0 0 0.004295347489 0 0 0 0.006355872069 0 0 0 0 0 0 0 0 0 0.001075755803 0 0 0 0 0 0 0 0 0 0 0 0 0 0 0 0 0 0 0.004215581654 0 0 0.00451376981 0 0.004346006633 0 0 0 1.818235083e-05 0 0 0 0 0 0 0 0 0 0 0.004394266566 0 0 0 0.004488673347 0 0 0 0.004217709324 0 0 0 0.004276456064 0 0 0 0 0 0 0 0 0 0 0.004186740975 0.00440332184 0 0 0 0 0 0 0 0.004256871986 0 0 0 0 0.004338068362 0 0 0 0 0 0.002298797691 0 0 
0 0 0 0 0 0.004523899794 0.004426721704 0.004241316682 0 0 0 0 0.004410557089 0 0.004462772089 0.0001924085582 0 0 0 0 0 0 0 0 0.004396152581 0 0 0 0 0 0 0 0 0.006287480028 0 0 0.0003027496991 0 0 0 0 0 0 0 0 0.004353088585 0 0 0.004485898503 0 0 0 0.004465215136 0 0 0 0 0 0 0 0 0 0 0 0 0 0.001032577651 0 0 0 0 0 0.004503938515 0 0 0 0.004260967445 0 0 0 0 0 0 0 0.004339532538 0 0 0 0 0 0 0 0 0 0 0 0 0 0 0 0 0 0.004524171378 0 0 0 0 0 0 0 0 0 0 0 0 0 0 0 0.005985042036 0 0 0 0 0 0 0 0 0 0 0 0 0 0 0 0 0 0.004511817585 0 0 0 0 0.004346827852 0 0.004439839473 0 0.00109484401 0 0.004308832728 0 0 0.005249509462 0 0.0001425534136 0 0 0 0.004427293274 0 0 0 0.004466646254 0 0 0 0 0 0 0 0.004462210823 0 0 0 0 0 0 0 0 0.001093185346 0 0 0 0 0 0.004290122192 0.004494257602 0 0 0 0 0 0 0 0 0 0 0 0 0 0.004223568304 0 
0 0 0 0 0 0 0 0 0.004270624705 0 0 0 0 0 0 0.001047989278 0 0 0 0 0 0 0 0 0 0 0 0 0 0.004229185104 0 0 0 0 0 0 0 0 0 0 0 0.00424942581 0 0 0.004411216863 0 0 0 0 0 0 0 0 0 0 0.004297412808 0 0 0 0.00440184172 0 0.004339585232 0 0 0 0 0 0 0 0.004902659765 0 0 0.001300478066 0 0 0 0.004234046132 0 0.001168732834 0.004352306768 0 0 0 0 0.00425811788 0 8.844638338e-05 0 0.0006139587714 0 0 0.00443349385 0 0 0 0 0 0 0.004285214876 0.004353012988 0 0 0 0 0.004393842755 0.004366910357 0 0 0 0 0 0.004435502569 0 0 0 0 0 0 0 0 0 0 0 0.0007869660855 0 0 0 0 0.004481277309 0 0 0 0 0 0 0 0 0 0 0 0 0 0 0.004437349318 0 0.004431125904 0 0 0 0 0 0 0.00436156329 0 0 0 0 0.004493357798 0 0 0 0 0.006552268716 0.003287434448 0.0008696316924 0 0 0 0.004338578086 0 0 0 0 0 0 0 0 0 0 0 0 0 0.00448299508 0 0.004239021621 0.000830438573 0 0 0 0 0 0 0 0.004491816972 0 0.005176169998 0 0 0 0 
0.006074102836 0 0.005268721257 0 0 0.004264022129 0 0 0 0 0 0 0 0.004478280064 0 0 0 0 0.001884663892 0 0 0 0 0 0 0 0 0 0 0 0 0 0 0.005136044107 0 6.716138183e-05 0 0.004209869411 0 0 0 0 0 0 0 0 0.004245401963 0 0 0 0 0 0 0.004319664463 0 0.004380554919 0 0 0 0 0 0 0 0 0 0 0 0 0 0 0 0 0 0 0 0 0 0 0 0 0 0.005509581499 0 0 0.004378737775 0 0 0 0.004345861347 0 0.004498570259 0 0 0 0 0 0 0 0.004418333215 0 0 0 0 0.0003027537073 0 0 0 0 0 0.004374509029 0 0 0 0 0 0 0.006117928307 0 0 0 0 0 0.00445701513 0 0 0 0 0 0 0 0 0.004874797663 0.0005709631316 0 0.004270921516 0 0 0 0 0 0 0 0.0008909349946 0 0.004514989544 0 0.004481188179 0 0 0 0 0 0 0 0 0 0 0 0 0 0 0 0 0 0 0 0 0 0 0.004233420114 0 0 0 0 0 0 0 0.004231472542 0 0 0 0 0 0 0.004235289559 0 0.004338315552 0 0.002377277479 0 0 0 0 0 0.004529976059 0 0 0 0 0 
0 0.004432287272 0 0 0 0 0 0 0 0 0.0005365574209 0 0 0.004405647779 0 0 0 0 0 0 0 0.0004762274728 0 0 0 0.00440327849 0 0 0 0 0 0 0 0 0 0 0.006132680703 0 0.00443087664 0 0 0 0 0 0 0.004315543041 0 0 0.004530076922 0.004517503829 0.004241007437 0.001051473878 0.006250950258 0.0004206641811 0 0 0 0 0 0 6.478200636e-08 0 0 0 0 0 0 0.004319703511 0 0.004371017731 0 0 0 0 0 0 0 0 0 0 0 0 0 0 0 0 0 0 0 0 0 0 0 0 0 0 0.004301822982 0.004504598606 0 0 0 0.004233530972 0 0 0.006143134933 0 0 0 0 0 0 0.006130609506 0 0 0.004413444909 0 0 0 0 0 0 0 0 0 0 0.0005026580907 0.004214186781 0 0 0 0 0 0 0.004340712547 0 0 0 0 0 0.005199524486 0.004494567018 0 0 0 0 0 0.00439756567 0 0 0 0 0 0 0.001078273442 0 0 0 0 0.004188940639 0.004221580122 0 0.006227666319 0 0 0.004254756708 0 0 0 0 0 0.004249982604 0 0 0 0 0 0 0 0 0 0 0 0 0 0 0.0007246730847 0 0 0 0 0 0 0 0 0.0008102102213 0 0 0 0 0.004305382199 
0 0 0 0 0 0 0 0 0 0 0 0 0.004279250347 0 0 0.004453697739 0 0 0 0 0 0.004425388217 0 0.0043042127 0 8.752473463e-05 0 0 0 0 0 0 0 0 0 0 0 0 0 0 0 0 0 0 0.004259315199 0 0 0 0 0 0 0.006046641926 0 0 0.004297569561 0.004457492465 0 0 0 0.004374427445 0 0 0 0 0.006195915614 0 0 0 0 0 0.004365882074 0 0 0 0 0 0 0 0 0 0 0 0.004232400561 0 0 0.004318951317 0.004483913218 0 0 0 0 0.004365564891 0 0 0 0 0 0 0 0 0.004512775216 0 0.004390521921 0 0.001015457383 0 0 0.004293627722 0 0 0.006197996841 0.004453598722 0 0 0 0.004497633878 0 0 0 0 0 0 0 0.004308022062 0 0 0 0 0.004320183635 0.0002359359516 0.0004089046397 0 0 0 0 0 0.004357292901 0.004467719902 0 0 0 0 0 0 0 0 0 0 0 0 0 0 0 0.006153157776 0 0 0 0 0 0.004378420004 0 0 0 0.001084115882 0 0.004246000054 0 0 0 0 0 0.004307633936 0 0 0 0 0 0 0 0.004334087443 0 0 0 0 0 0.0006706236428 0 0 0.004293075109 0 0 0.004532942087 0 0 0 0 0 0 0 0 
0 0 0.004358114513 0 0.000230687705 0 0.004494013347 0 0 0 0 0.004482841268 0 0 0 0 0 0 0 0 0 0 0 0.004227602693 0 0 0 0.004486085957 0.006357964693 0.004362601773 0 0 0 0.0005471473691 0 0 0.004347005629 0.004500192564 0 0 0 0 0 0 0 0.004479091324 0 0 0 0 0 0 0.004338229885 0 0.004501669853 0 0 0 0 0 0 0 0.004417225856 0 0 3.385816581e-05 0 0 0 0.0003332906945 0 0 0 0 0 0 0.004377815446 0 0 0 0 0 0 0 0.0002269913809 0 0.004522777255 0 0 0 0 0.004431905599 0 0 0 0 0 0 0 0 0.004371830544 0.004419596322 0 0.00438850722 0 0 0.00427505963 0 0 0 0.0001713528876 0 0 0 0 0 0 0 0.0004278913344 0 0.004267889086 0 0 0.004196070961 0 0.00453183485 0 0.004309238383 0 0 0 0 0 0 0 0 0 0 0 0 0 0 0.004378849718 0.004432447959 0.004299174103 0 0 0 0 0 0 0.001381878425 0 0 0.006067445208 0 0 0 0 0 0 0 0 0 0 0 0 0 0.004505611202 0 0 0 0 0 0 0 0 0 0 0 0.004352177163 0.004487236758 0 0 0 0.004388228649 0.00428638658 0 0.004474363605 0.004519310652 0 0 0 0 0 0 0.004312419824 5.218091665e-06 0 0 
0.005424220506 0.001571354907 0 0 0 0 0 0 0 0 0 0 0 0 0 0 0 0 0 0 0 0 0 0 0 0 0 0 0 0 0.004527299225 0 0 0.005284598513 0 0.004463555984 0 0 0 0.00419700164 0 0 0 0 0 0 0 0.001195247837 0.0003245538293 0 0.004520860113 0.000208199357 0 0 0 0 0 0 0 0 0 8.552474764e-05 0 0 0 0 0 0 0 0 0.0002984789126 0 0 0 0 0 0.005623849142 0 0 0.004413986861 0 0 0 0 0 0.004410099523 0 0 0 0 0 0 0 0 0 0 0 2.861211146e-05 0 0 0 0 0 0.004483884532 0 0 0 0 0.004516550236 0.006286001607 0 0 0 0 0 0.004214617854 0.0004025741136 0 0 0 0 0 0.002050959307 0 0.004309705163 0 0 0 0 0.004345445629 0 0.004406281496 0 0 0.004233884099 0 0 0 0 0 0 0 0 0 0.004232459267 0 0 0 0 0 0 0 0 0 0 6.147457581e-05 0 0 0 0.004333181926 0 0 0 0 0 0 0.004506031322 0 0 0 0.004419174221 0.004324880389 0 0 0 0 0 0 0 0 0 0.004269752022 0 0 0 0 0 0 0 0 0 0 0.006214350827 0 0.00434897903 0 0 0 0.0009216092016 0 
0 0 0 0 0 0 0 0 0 0 0 0 0 0 0 0.0003426801404 0 0.004202758911 0 0 0 0.004445660179 0 0 0 0 0.004241786522 0 0 0 0 0 0 0 0 0 0.004513073823 0 0 0 0 0 0 0 0.006146037275 0 0 0 0.00442831336 0 0 0 0 0 0 0 0 0 0 0.004250557442 0.004319766453 0 0.007461522839 0 0.004201234018 0 0 1.199787532e-07 0 0.004449896387 0 0 0 0.004276109807 0 0 0 0 0 0 0 0 0 0 0.00442039374 0 0 0 0 0.004364715596 0 0 0 0 0 0 0 0 0 0.004341547991 0 0 0 0 0 0.004431922948 0 0 0 0 0 0 0 0 0.004280353439 0 0 0.004427544965 0 0 0 0 0 0 0 0 0 0 0 0 0 0 0 0.006302440267 0 0.00450476982 0 0 0 0 0 0.004477009613 0 0 0 0.004371215611 0 0 0 0.00435995653 0.00496644754 0 0 0 0.0008600603577 0.00427263363 0 0 0 0 0 0 0 1.443642006e-05 0 0 0 0 0 0 0 0 0 0 0 0 0 0 0 0 0 0 0 0 0.00539153128 0.004356130414 0 0 0 0.001365533014 0 0.000230604007 0 0 0 0 0 0 0 0.006112070556 
0 0 0.0005650826724 0 0 0 0 0 0 0 4.812741246e-05 0 0 0 0 0 0 0.004319304443 0 0 0 0 0.004291498544 0 0 0.004415225566 0.00452006715 0 0 0 0 0.004446073602 0 0 0 0 0 0 0 0 0 0 0 0 0 0 0 0 0 0 0 0 0 0 0 0.004493308236 0 0 0.004255640351 0 0.004256632217 0 0.000309260798 0 0.004368320135 0 0 0 0.004203163435 0 0 0 0 0 0.004317079073 0 0 0 0 0 0 0 0 0 0 0 0 0 0 0 0 0 0 0 0 0.004267923756 0 0 0 0 0 0 0 0 0 0 0 0 0 0 0.004382629015 0 0 0 0 0 0 0.0007820685579 0 0 0 0 0 0.0003001761866 0 0 0 0 0.0004640746677 0.001103515371 0 0 0 0 0 0 0 0 0 0 0 0 0 0 0 0 0 0 0 0 0 0 0 0 0.004244273319 0 0.004389640853 0 0 0 0 0.004361242409 0 0.00446003183 0 0 0 0 0.004220699167 0 0.004484576552 0 0 0 0 0 0 0 0 0 0 0.004528270394 0 0 0 0 0 0.000434381856 0 0 0 0 0 0.000110535686 0 0 0 0 0 0 
0 0.000764433115 0 0 0 0 0 0 0 0.004350564552 0.00423128886 0 0.004256231317 0 0 0.001039986722 0.00452181181 0 0 0 0 0 0 0 0 0.004363526123 0.004449243056 0.004257013707 0 2.908794806e-05 0 0 0.0002248057705 0.004217049299 0.004509393953 0 0 0 0 0 0 0 0 0 0 0 0 0 0 0 0 0.006071033158 0.004308246757 0 0 0 0 0 0 0 0 0 0.004520027827 0 0.00423169566 0 0.004279855826 0 0 0 0.006341364441 0 0 0 0 0 0 0.004378809013 0 0 0 0 0 0.004274722596 0.004315446646 0 0 0 0 0 0 0 0 0 0 0 0 0.004240764314 0.004435908437 0 0.004358765582 0.004509849012 0 0.001693161675 0 0.004452349643 0 0.004381599728 0 0 0 0 0 0 0 0 0 6.158186125e-05 0 0 0 0 0 0 0 0 0 0 0 0.004462653617 0 0 0.004282533395 0 0 0 0 0.004368516831 0 0 0 0.0003264439089 0 0 0.004274318243 0.004465871804 0 0 0 0 0 0 0 0 0.004402011871 0 0.004216855631 0 0 0 0 0 0 0 0 0 0 0 0 0 0.004484620652 0 0 0 0 0 0 0 0.004347400361 0 0 0.004277348771 0 0 0 0 0 0 0 0 0 0 0 0.00435052853 0.004261644157 0 0.004274002917 0 0 0 
0.0001982735057 0 0.004476359004 0 0 0.004307386086 0 0 0 0.004360275386 0 0 0 0.004279589392 0 0 0.004253765565 0 0 0 0 0 0 0 0 0 0 0.004460418542 0 0 0 0.004263875399 0 0 0.00155632758 0 0 0 0 0.004370703312 0 0.0042701793 0.004475752432 0.004264190547 0.005329981653 0 0 0 0.004213805132 0 0.00427901881 0 0 0.004390108116 0 0.0001941903131 0 0.004439534415 0.004350313556 0 0.004333645589 0 0 0 0 0 0 0 0.004475539259 0 0.004496177821 0 0 0.004215853673 0 0 0 0 0 0 0 0 0 0 0 2.301650358e-05 0.004445448064 0.006247780572 0 0.004464792837 0 0 0 0 0 0 0 0 0 0 0 0 0 0 0 0.00422426801 0 0 0.004484509968 0 0.006170210796 0 0 0 0 0 0.004526268831 0 0 0 0 0 0 0 0 0 0 0 0 0.004226717746 0 0 0 0 0 0 0 0 0 0.00431568752 0 0 0 0 0.004504326906 0 0 0.004454202804 0.004498950499 0 0 0 0.004332884346 0 0 0.0005577287258 0.004335777238 0.000293429076 0 0 0 0 0 0 0 0 0.004484291042 0 0 0 0 0 0 0 0 0.004308014439 0 0 0 0.0045205182 0 0.004372431411 0 0 0 0 0 0 0 0 0 0 0 0 0.004333923481 0 0 0 0 0 
0 0 0 0 0 0 0 0 0 0 0 0 0 0.004497838756 0 0.004505182673 0 0 0 0 0 0 0 0 0 0 0 0 0 0 0 0 0 0 0 0.004495486121 0 0 0 0 0 0.004466821749 0 0.004195876274 0 0 0 0 0 0 0 0 0 0.004393248913 0 0.005089504331 0 0 0 0 0 0 0 0 0 0 0 0 0.00421500726 0.004459471604 0 0 0 0 0 4.993058676e-05 0 0 0 0 0 0.004255006397 6.525159685e-05 0.004220631414 0 0 0 0 0.006199121643 0 0 0 0.004227432678 0 0.004377171628 0 0 0.004368721126 0 0 0 0.004377428054 0 0.004380380887 0 0 0 0 0 0 0.0006755143556 0 0 0 0 0 0 0 0 0 0 0 0.004226784777 0.0001532465629 0 0 0 0 0 0 0 0 0.00608956344 0 0 0 0.004482974953 0 0.004318109536 0 0 0.004480588365 0 0.004232720626 0 0 0.004235861832 0 0.004489263478 0 0 0.004270459204 0 0 0 0.004240139353 0 0 1.554690198e-05 0 0 0 0 0.00513240565 0 0 0.004453804673 0 0 0.004310987258 0 0 0 0 0.0007467559118 0.0005512554096 0 0 0 0 0 0 0 0 0 0 0 0.00420254083 0 0 0 0 0 0.004485992281 0 0 0 0 0 0 
0 0 0 0.004459817863 0 0 0 0 0 0 0 0 0.004363782731 0 0 0.0001789669924 0 0 0 0 0 0.00421733446 0 0 0 0 0 0.004462962903 0.004377308567 0 8.311346443e-05 0 0 0.00441901811 0 0 0 0.004248740347 0 0 0 0 0 0 0 0.004455221962 0 0 0 0 0.004370217172 0 0.004481441072 0 0 0 0 0 0 0 0 0 0 0.004413464509 0 0.004351836942 0.006123316203 0 0 0 0 0 0 0 0 0 0 0.004361391678 0 0.004286031573 0 0 0.000140209685 0 0 0 0.004414269654 0 0 0.006190785645 0 0 0 0 0 0 0.004519282478 0 0 0 0 0.004436776961 0.004417024968 0 0 0.004239201075 0 0 0 0.004377142108 0 0 0 0 0 0.00433292997 0.004345998585 0.004401151158 0 0.0008146670682 0 0 0.005311422507 0.004393806214 0 0.005979337255 0 0.004392966853 0 0.004494293369 0 0 0 0.000401905076 0 0 0 0 0 0 0 0 0 0 0.0004359413918 0 0 0 0 0.00442631609 0 0 0 9.97291737e-05 0 0.004284929545 0 0 0 0 0 0 0.004386000692 0 0 0.004360313681 0 0 0 0 0 0 0.0007309384526 0 0.004449957958 0 0 0 0 0 0 0.004312289326 0 0 0 0 0 0.0001045669065 0 0 0 0 0 0 0 0 0 0 0 0 
0.00448509486 0 0 0.004315850312 0 0 0 0.004517824166 0 0 0 0 0 0 0 0 0 0 0 0 0 0 0 0 0 0 0 0 0 0 0 0.004490336252 0 0 0 0 0 0 0.004384970771 0 0 0 0.004300802798 0 0 0.004397307844 0 0 0.00441107079 0.004218627467 0.0008196411352 0.0042544457 0 0 0 0 0 0 0 0 0 0.004388224993 0 0.004522420597 0 0 0.0004083142333 0 0 0 0 0 0 0.004292704175 0 0 0.004372637281 0 0 0 0 0 0.004506925381 0 0.004337514532 0 0 0.0009186955459 0 0.000841517707 0 0 0 0 0 0 0 0 0 0 0 0 0.004528594449 0.00422175167 0 0 0 0 0 0.005282367202 0.00494024574 0 0 0 0 0 0 0 0 0 0.002177614405 0 0 0 0.0005375811029 0 0 0 0 0 0 0 0 0 0 0.0005121188726 0 0 0 0 0 0 0 0 0.004523837527 0.0005383125063 0 0 0 0.00449346626 0 0 0 0 0 0.0002505091755 0 0.004203637001 0 0.004293831264 0 0 0 0 0 0 0.004257280316 0 0.004325831774 0 0 0 0.0045207059 0 0 0.0003055648591 0 0 0.004261874398 0 0 0 0 0 0 0 0.004368223299 0.0004501940734 0.00598507162 0 0 0 0 0.0006027764608 0 0 0 0 0 0 
0 0 0.003331488614 0 0 0 0 0 0 0 0 0 0 0.004273821712 0 0 0 0 0.004259748327 0 0 0 0 0 0 0 0 0 0 0.006158364823 0 0 0.004258255959 0 0 0 0 0 0 0 0 0 0 0 0.006269526703 0 0 0 0 0 0 0 0.004222626192 0 0 0 0 0 0 0.00423999594 0.004406649246 0 0 0 0 0 0 0 0.004340976457 0 0 0.001153651271 0 0.004517150191 0.004230276568 0 0 0 0 0 0 0 0 0 0 0.004274096187 0 0 0 0 0 0.004262884101 0 0 0 0 0 0 0 0 0 0 0 0 0 0.004196327375 0 0 0 0 0 0.004468625514 0 0 0.004510788983 0 0.004429463472 0 0.004315179717 0 0 0 0 0 0 0 0 0 0.004441202264 0 0.004363578329 0 0 0 0 0 0 0 0 0 0 0 0 0 0 0 0 0 0 0 0 0 0.00163827404 0 0 0 0 0.004290302757 0 0.004480935481 0 0 0 0 0 0 0 0 0 0 0 0 0 0.004348711851 0 0 1.233152429e-05 0.004526596441 0.004390717712 0.004525047981 0.004274723539 0 0 0 0 0 0 0.00426087929 0 0 0 0 0 0 0 0 0 0.004517858636 0 0.00614083824 
0 0 0 0 0 0 0 0 0 0.004420569384 0 0 0.0001236189539 0.004388877348 0 0 0 0.004479876177 0 0.004431013078 0 0 0 0 0 0 0 0 0 0.004285264642 0 0 0 0 0.004252280071 0 0 0 9.76627391e-05 0.000838287592 0 0 0 0 0 0 0 0.004471997021 0 0 0 0 0 0 0 0 0 0 0 0.004489735453 0 0 0 0 0.004481605941 0.004366842807 0 0.004307857284 0 0 0 0 0 0 0 0 0 0 0 0 0 0.004280782718 0 0.0002049091157 0.004212470933 0 0 0.004509979551 0 0 0 0 0 0 0 0 0 0 0 0 0.0009401070889 0 0 0 0 0 0 0 0 0 0 0 0 0 0 0 0.0009309190333 0 0 0.004264159327 0 0 0 0 0 0 0 0 0.004303146515 0 0 0 0 0 0 0 0 0 0 0 0 0 0 0 0 0 0 0 0 0 0.004525421771 0 0 0 0 0 0 0 0 0.004431625913 0 0 0 0 0.004262455141 0 1.631530671e-07 0 0 0 0 0 0 0.0001881698579 0 0 0.004413306811 0.004343404688 0.004413835983 0 0 0 0.004343181959 0 0 0 0 0 0 0.0003561480785 0 0 0 0 0.004471360757 0 0 0 0 0 
0 0 0.004254399058 0 0 0 0.004452090709 0 0 0.004226091378 0 0.00429286825 0 0 0 0 0.0006098743331 0 0 0 0 0.00443241105 0.002353198933 0.00438895364 0 0.004233256636 0.004527700024 0.004212835672 0 0 0 0.004482630778 0 0 0 0.004254824565 0.004889100221 0.0003279544258 0.0007164989168 0 0 0 0 0 0 0 0 0 0 0.001134742175 0 0 0 0 0.00431710299 0.004204134316 0 0 0 0 0.001306600583 0 0 0 0 0 0 0 0 0 0.004408169824 0.004193564104 0.001308265667 0 0.004408728185 0.006023940759 0 0 0 0 0 0.004206121787 0 0 0 0 0 0 0.004307640706 0.00421611607 0 0 0 0 0 0.004335368333 0.004492670462 0 0.006263903061 0.004203126369 0 0 0 0 0 0 0 0 0 0.004207157585 0 0 0 0 0 0 0.004273594371 0 0 0 0.004251176093 0 0 0 0 0 0 0 0 0.0006822046438 0 0 0 0.004499332415 0 0 0 0 0 0 0 0 0.004245652789 0 0 0 0 0 0 0 0 0 0 0 0 0 0 0.004488140488 0 0.004192053472 0 0 0 0 0 0 0.004304089138 0.004290194475 0 0 0.005012775283 0 0 2.826801089e-07 0 0 0 0 0 0.004410261537 0 0 0 0 0 1.485931336e-05 0.004239281875 0 0 0 0 0 0 0 0 0 0 0 0.004456653148 0 
0 0 0 0 0 0 0 0 0 0 0 0 0 0 0.004454928976 0 0 0 0.004507590774 0 4.129585815e-05 0 0 0 0 0 0 0 0 0 0 0 0 0 0 0 0 0.0008240100483 0 0 0 0 0 0 0 0 0 0 0.0007760894309 0 0.002124728672 0 0 0 0 0.004213094449 0.004365914402 0 0.004339727102 0 0 0 0 0 0 0 0 0 0 0 0 0 0 0.004532673426 0 0 0.004463986662 0 0 0 0 0.004296159829 0 0 0.00442016346 0 0.004326907563 0 0 0.004398147151 0 0 0 0 0.006052358883 0 0 0.004386075438 0 0 0.004343819854 0.004368619591 0 0 0.00445698481 0 0 0 0.006297213659 0 0 0.004511875074 0 0.0007901656801 0 0 0.0005307708822 0 0 0 0 0.004325499708 0 0 0 0 0 0.004236009514 5.812802761e-05 0.004385099926 0 0 0.001706574985 0 0 0 0.004348475319 0 0 0 0 0 0 0 0 0 0.004414152754 0.004485895294 0 0 0 0 0 0.00440536552 0.004962805972 0.00435229277 0 0 0.004205465881 0 0.004521860656 0 0 0 0 0 0 0 0 0 0 0 0 0 0 0.004381464808 0 0.004426237772 0.005956485203 0 0 0.004383037349 0.004302665159 0 0.004190602594 0 0 0 0 0 0 0 0 0 0 0 0 0 0 0 
0 0 0 0 0 0 0 0 0 0 0 0 0 0.004205588221 0 0.004530214024 0 0 0.004340144158 0 0 0 0 0 0 0 0 0.004261477259 0 0 0 0 0.004255143778 0 0 0 0 0 0 0 0 0 0 0 0 0 0.00442673951 0 0 0 0 0 0.004508318752 0.004281813125 0.00519979582 0 0 0.004208512024 0 0 0 0 0 0 0 0 0.006122384497 0 0 0 0 0 0 0 0 0.004516892383 0.004461804283 0.002954425363 0 0 0 0 0 0 0 0 0 0 0 0 0 0 0.004332349465 0.0005148026797 0.004306999906 0 0 0 0.004345836119 0 0 0 0 0.00433098372 0 0 0 0 0 0.0008571141454 0 0.004383037378 0 0.004313917622 0 0 0 0 0 0 0 0 0 0 0 0 0.004390216095 0 0 0 0 0 0.004451050374 0 0 0 0 0 0 0 0 0 0 0.004521064077 0 0 0 0 0 0 0 0 0 0.0005795305769 0.004266093249 0.004438315239 0 0 0.004291604176 0 0 0 0 0 0 0 0 0.004414885391 0 0 0 0 0 0 0 0 0 0 0 0 0.004410391871 0 0 0 0 0 0 0 0 0 0 0.004497332696 0 0.0004090055055 0 0 0 0 0 0.004281385758 
0 0 0.001673729496 0 0 0 0 0 0 0 0.004253004375 0 0 0 0 0 0 0 0.004223571358 0 0 0 0 0 0 0 0 0 0 0 0 0 0 0 0 0 0.004449616334 0 0 0 0 0 0 0 0 0 0 0 0 0 0 0 0 0 0 0 0 0 0 0 0 0 0 0 0 0 0 0 0.004316488978 0 0 0 0 0 0 0.004322930511 0 0.001154298047 0.004421901671 0.004467077997 0 0 0 0 0 0 0 0 0 0 0 0 0 0 0 0 0 0 0 0 0.004525990887 0 0 0 0 0 0 0.004455225287 0.004509198512 0 0 0.001509838997 0 0 0 0 0.004413778546 0 0 0.004388970697 0 0 0 0.00420759951 0 0 0 0.004436936251 0 0 0 0 0 0 0.004301266759 0 0 0.006131186809 0 0 0 0 0 0 0 9.436953181e-05 0 0 0 0 0 0 0.0042315973 0 0 0 0 0 0 0 0.004361667295 0 0 0 0 0 0.0007680843054 0 0 0 0 0.004389780504 0 0 0 0 0 0 0 0.004463009781 0 0 0 0 0 0 0 0 0.0003615832029 0 0 0.004481814976 0 0 0 0 0 0 0 0 
0 0 0 0 0.004492295119 0 0 0 0 0.004266147316 0.004328522625 0 0 0 0 0.004488107766 0 0 0.001008497909 0 0.004399341331 0.004339720545 0 0.004278288148 0 0 0 0 0.004411007713 0.004294223203 0 0 0 0.006225066258 0 0 0 0.004298641027 0 0 0 0 0 0 0 0 0 0.004317734885 0 0 0 0 0.001022100113 0 0 0.004351619898 0 0 0 0 0 0 0 0 0 0 0 0.004376549544 0 0 0.004338429544 0 0 0 0 0 0 0 0 0 0 0 0 0 0 0 0 0.004290825158 0 0 0.004264467602 0 0 0 0 0 0.004287747093 0 0.004241898199 0 0.004226347815 0 0 0 0 0 0 0 0 0 0 0.004528190743 0 0 0 0 0 0 0 0 0 0 0 0 0 0 0 0 0 0.004265998234 0 0 0.004516767461 0 0 0 0.004319437647 0 0 0 0 0 0 0 0.004356547939 0 0 0 0 0 0 0 0 0 0 0.004215239412 0 0 0 0 0 0 0 0 0 0 0 0 0 0.00441775881 0 0 0 0 0 0.004530837568 0 0 0.004526251297 0 0.004256222815 0 0 0.004257984965 0.004416472667 0.0007323733229 0 0 0 0 0 0 0 0 0 0 0 0 0 0 
0 0 0 0 0 0 0 0.004230928558 0 0 0 0.00452468715 0 0 0 0 0 0 0 0 0 0.004284478991 0 0 0 0 0 0 0 0 0 0 0 0.006077380734 0 0.000749172008 0 0 0 0 0.004355569554 0 0.004262443363 0.004396313963 0 0.004519599852 0 0 0 0 0 0 0 0 0 0.0003558408989 0 0.004298254696 0 0 0.004330797036 0 0 0 0 0 0 0 0 0.005111453901 0 0 0 0 0 0 0 0 0.0005642401996 0 0 0.004437731315 0 0 0 0 0.004272507749 0 0.004365232846 0.004271676311 0 0 0 0 0 0 0 0.00433565415 0.004431739661 0 0 0 0 0 0 0.004335821885 0.007626193223 0 0.004360770196 0 0 0 0.0006609320939 0 0 0 0 0 0 0 0 0 0 0.0003442321638 0 0 0 0 0 0 0.004367788919 0.00420289881 0 0 0.004253626324 0 0 9.462434054e-05 0 0 0 0 0 0 0 0 0 0.004363903708 0 0 0 0 0.00448690597 0 0 0 0 0.004304275751 0 0 0 0 0.004197118588 0 0 0 0.004276716296 0.0003958830424 0 0 0 0 0 0 0 0 0 0 0 0.004250444009 0 0 0.004279456601 0 0 0 0.00438400905 0 0 0 0 0 0 0.004486980776 0 0 0 0 0 0 
0 0 0 0 0 0.00614082585 0 0 0 0.004271561683 0 0 0.004221797602 0 0.004246875569 0.004383545232 0 0 0 0 0 0 0 0 0 0 0.004260658104 0 0.004256980917 0.004274448865 0.004470269712 0 0 0.001526820252 0 0.004414998937 0 0 0 0.004438772562 0 0 0 0 0 0 0 0 0 0 0 0 0 0 0 0 0 0 0 0 0 0.004362981504 0 0 0 0 0.00614930072 0 0 0 0 0 0.004238270551 0 0 0.004418033555 0 0 0 0 0 0 0 0.004531388363 0 0 0 0.004319966861 0 0 0 0 0 0.00426159522 0 0 0 0 0 0 0 0.004471975335 0 0 0.004488263064 0 0 0 0.00425278632 0 0 0 0.0008947700647 0 0 0 0 0 0.005998381215 0.004245931199 0 0 0 0 0 0 0 0 0.004314158289 0 0 0 0 0 0.006227586049 0 0 0 0 0 0 0 0 0 0 0 0 0 0.0042359762 0 0 0 0.004450384524 0.004195014964 0 0 0 0 0 0 0 0 0 0 0 0.004418387026 0.004418512599 0 0 0.004397246061 0 0.0001679285403 0 0 0 0 0 0 0 0 0 0 0 0 0 0 0 0 0.0042870491 0 0 0 0.00440448272 0 0 0 0 0 0.004231822316 0.004503605485 
0.0003837818667 0.004485843531 0.004223883959 0 0 0 0 0 0.004456888579 0 0.0042119482 0 8.190583403e-05 0 0 0 0 0 0 0 0 0.004474003618 0 0.001078281604 0 0 0 0 0 0 0 0 0 0 0 0 0 0.004328867994 0 0.006309580241 0.004304624773 0 0 0 0 0 0 0 0.001337273483 0 0 0 0 0 0.004425968816 0 0 0 0 0.004375028878 0 0 0 0 0 0.004309124571 0 0.004352224109 0 0 0 0 0 0 0 0 0 0 0 0 0 0 0 2.383242278e-05 0 0 0 0 0 0 0 0.004335128065 0 0 0 0 0 0 0 0 0 0 0 0 0 0 0 0 0 0 0 0.004454245393 0 0 0 0 0 0 0.004295706377 0 0.004241126133 0.004532428081 0 0.004299795689 0 0 0 0 0 0 0 0 0 0.004270247288 0.004490975462 0 0 0 0 0 0.006124954254 0 0 0.004463099554 0 0 0 0 0 0.006246892571 0 0 0 0 0 0 0 0 0 0 0 0 0 0 0 0 0.004451327529 0 0 0 0 0 0 0.004360890449 0 0 0 0 0 0 0 0 0 0 0 0 0 0.00435185765 0 0 0 0 0 0.006232854797 0 0 0 0.004427151472 0 0 
0 0 0 0 0 0 0 0 0 0 0 0 0 0 0 0 0 0 0 0 0.004503626962 0 0 0.00443348581 0 0 0 0 0 0 0 0 0 0 0 0 0.0002066426761 0 0.004444271509 0 0 0 0 0.00439639039 0 0 0 0 0 0 0 0 0 0 0.004383368095 0 0 0 0 0 0 0 0 0 0 0.004239180575 0 0 0 0 0 0 0 0.004206859836 0 0 0 0 0 0 0 0 0 0 0 0 0.004211649304 0 0 0 0 0 8.825873841e-05 0 0 0 0.004377601288 0 0 0 0 0 0 0 0 0.00440270098 0 0.004246865027 0.004368687225 0 0 0 0 0 0 0 0 0 0 0 0 0 0.000534557048 0.004206063173 0 0 0 0 0 0 0 0 0.006522790527 0 0 0 0 0 0 0 0 0 0 0 0 0 0.004503889206 0 0 0 0 0 0 0 0 0.004478935821 0.006269407092 0.006074003157 0.006142193128 0 0 0 0 0 0.005060111226 0 0 0 0 0 0 0 0 0 0 0.0006199608452 0 0 0 0 0.004384369214 0 0 0 0 0 0 0 0 0.00426649475 0 0 0.0003946620789 0 0 0 0 0 0 0.006175646243 
0.004200541342 0 0 0 0 0 0 0 0 0 0.004356800211 0 0 0 0 0 0 0 0 0 0 0 0 0 0 0 0 0 0 0 0.00434685909 0 0 0 0 0 0 0 0 8.744921776e-07 0 0 0 0 0 0 0.004455276637 0 0 0.004221051438 0 0 0 0 0.004354967841 0 0 0 0 0 0 0.004323083829 0 0 0.004306566856 0 0.004256460861 0.004456828404 0 0 0 0 0 0 0 0 0 0.007462171403 0 0 0 0 0 0 0.004404867774 0 0 0 0 0 0 0 0.004457738136 0 0 0 0 0 0 0 0 0 0 0 0 0 0 0.0009883869882 0 0 0 0.00423929093 0 0 0 0 0.004492793815 0 0 0 0 0 0 0 0.004439539552 0.004236505221 0 0.004211393045 0 0.004521823246 0 0 0 0 0 0 0 0.004515226371 0 0.004249097511 0 0 0.004412368371 0 0 0 0 0 0 0 0 0 0 0.004351905345 0 0 0 0 0 0 0 0 0.004402584692 0 0.004530893528 0 0 0 0 0 0 0 0 0 0.004196451068 0 0.00515076642 0 0 0 0 0 0.001396438642 0.004507491458 0 0 0 0 0 0 0 0 0 0 0 0 0 0 0 0 
0 0 0 0.004226862503 0.004437798565 0 0 0 0 0 0.004416767887 0.0043530411 0.004253611061 0 0.0007098653531 0.004322956184 0 0 0.004229725288 0 0 0 0 0 0 0 0.004424088633 0 0 0 0 0 0 0 0 0 0 0 0 0 0.00451190867 0 0 0 0 0 0 0 0 0 0.0043708964 0 0.004236986058 0 0 0 0 0.006134083132 0 0 0 0.004437869575 0.004318182901 0 0 0 0 0 0 0 0 0 0 0 0 0.004426150275 0 0 0 0 0.004370495423 0.004413470784 0 0 0 0.004268218492 0 0.0005652594164 0 0 0 0 0 0 0 0 0.0003516718406 0.00436720791 0 0 0.001360997786 0 0.001005206504 0 0 0 0 0 0 0 0 0 0 0 0.006330927375 0 0 0 0 0 0.004387822595 0 0 0 0 0 0 0 0 0.004501969926 0.004506838842 0 0 0 0.004344870689 0 0 0 0 0 0.004339340341 0 0 0.004388536952 0 0.00420878631 0 0.004251601507 0 0 0 0 0 0 0 0 0.004271098398 0 0 0 0.004287946918 0 0 0 0 0 0 0.004200627952 0 0 0.0007508939705 0 0.004189072947 0.006144041444 0 0 0 0 0 0 0 0 0 0 0 0 0 0.00447433003 0 0 0.004382995205 0.00236014694 0 0 0 0 0 0 0 0.006231282858 
0 0 0 0 0 0 0 0 0 0 0 0 0.004317252133 0 0 0.004530253019 0 0 0.004258423914 0 0 0 0 0 0 0 0.004491231623 0 0 0 0 0 0 0 0.004456598453 0 0 0 0 0.0009863818643 0.004485779947 0 0.00431546105 0 0.00437346576 0.004481653913 0 0 0 0 0 0 0 0 0 0 0.004474097808 0 0 0 0 0 0 0 0 0 0 0.004220528258 0 0 0 0 0 0.004275665119 0.0005577828403 0.004388356087 0 0 0 0 7.070728587e-06 0 0 0 0 0 0 0 0 0 0 0 0 0 0 0 0 0 0 0 0 0 0 0 0 0 0 0 0.004301350572 0 0 0 0 0 0 0.004476822366 0 0 0 0 0.006146145727 0 0 0.004387285387 0 0 0 0 0 0 0.0006837817855 0.005261043797 0 0 0 0 0.004512682538 0 0.004423968077 0 0.004237756735 0 0 0 0 0.004347629157 0 0 0 0 0.005046030378 0 0.004265064183 0 0 0 0.004280580468 0 0 0 0 0 9.850335074e-05 0 0 0 0.004412194131 0 0 0 0 0.004289731964 0.004504226732 0 0.004244415473 0 0 0.00448556068 0 0 0 0 0 0 0.0002152003672 0 0 0.004443810372 0 0 0 0 0 0 0.00428219935 0.001109092177 0 0 0 0 
0 0 0 0 0 0 0 0 0 0.00494171755 0.004241431083 0 0 0 0 0.0002920560967 0.006175625155 0.004517298176 0 0 0 0 0 0 0 0 0 0 0 0 0 0 0.00420171867 0.004243399154 0 0 0 0 0 0 0 0.0008860182168 0.005350211644 0 0 0 0.004241886826 0.004502892767 0 0 0 0 0.0001233456222 0 0 0 0 0 0 0 0 0.004370294593 0.004506924956 0 0 0 0 0 0 0.004503418538 0 5.054182854e-05 0.004486724689 0.004249755363 0 0 0 0 0 0 0.004385498929 0.004386260449 0 0 0 0 0 0.004359571597 0 0 0.00447131654 0 0 0 0 0 0.004349954556 0 0 0 0 0.004263733338 0 0 0 0 0 0 0 0.004466119759 0 0.004402930903 0 0 0 0 0 0 0 0.004259439865 0.004284756674 0.004525795915 0 0.004450915192 0.004496746578 0 0 0.006115275163 0 0 0 0 0 0 0 0 0 0 0.004409550103 0 0 0 0 0 0 0 0 0.004345082504 0 0 0 0 0 0.004271290283 0 0 0 0 0 0 0.004423748093 0 0 0 0 0.004369286561 0 0 0 0 0.00445255843 0.0003158604086 0 0 0 0 0.004328414981 0 0.004267927703 0 0 0 0 0 0 0 0 0.004507370513 0 0 0.004340178792 0 0.00452219083 0 0.004324590034 0.004517462815 0 0 0 0 
0 0 0 0 0.0002869328445 0.004293875584 0.004287074295 0 0.005343225322 0 0 0 0 0 0 0 0.004220804736 0 0 0 0 0 0 0 0.004463156037 0 0 0 0 0 0 0 0 0 0 0 0 0.0001936649209 0 0 0 0.00428080862 0 0 0.004254026393 0 0 0 0 0 0 0 0 0 0 0 0 0 0 0 0 0 0.004490719902 0 0 0.004302555909 0 0 0 0 0 0 0 0 0 0 0.004493008497 0 0 0 0 0 0 0 0 0 0 0 0 0 0 0 0 0 0.00419833531 0 0 0.004477738129 0.004374593849 0 0.004220510536 0 0 0 0 0.004320300942 0 0 0 0 0 0 0 0 0 0 0 0.004487815947 0 0 0.0006259167534 0.006240524243 0 0 0 0 0.005305093215 0.00437737454 0 0 0 0 0 0 0 0 0 0 0.005144583796 0 0.004216786548 0.004461206916 0.004257581208 0 0 0 0 0 0 0 0.004353478261 0 0 0 0.003409348926 0 0 0 0.002654508399 0 0 0.005505504041 0 0.004279638828 0 0 0 0 0 0 0.004275600531 0 0 0.004432392438 0 0 0 0 0 0.0003043886029 0.004410880011 0 0 0 0 0 0 0 0 0 0 0 0 0.004215852395 0 0 0.00607795334 0 0.0006272140653 0 
0 0 0 0 0 0 0 0 0 0 0 0 0.00522985372 0 0 0.004223698178 0 0 0 0 0 0 0 0 0 0 0 0 0 0 0 0 0 0 0 0 0 0 0 0 0.00619847413 0 0 0 0 0 0 0 0 0 0.0008821179812 0 0.00444024154 0 0 0.006039961558 0.004438342055 0 0 0 0 0 0 0 0 0.004281683074 0 0 0 0 0 0 0 0 0 0 0.004394638184 0 0 0 0.004266935561 0 0.0005002382703 0 0 0 0 0 0 0.004501256819 0 0.004239203884 0 0 0 0 0.0004256766474 0 0 0 0 0 0 0 0.005994069304 0 0 0 0 0 0 0 0 0 0 0 0 0.001735517733 0 0 0 0.00435096768 0.004281663114 0.004268117211 0 0 0 0 0 0 0 0 0 0 0.004202724833 0 0 0 0 0 0 0 0 0 0 0 0 0 0.004406011973 0.004222605604 0 0 0.004326097315 0 0 0.00425814389 0 0 0 0.004495789889 0.004277164557 0 0.004284784776 0.00431186477 0 0 0.004476323151 0.004457003127 0 0 0.004323777542 0 0 0 0 0 0 0.004212160487 0.004202143335 0 0 0.004524038792 0 0.00418865197 0 0 0 0 0 0.005003403225 0 0 0 0 0 0 0 0 0 0.004188513547 
0 0.0001905033066 0 0 0 0 0 0 0 0 0 0 0.006023764758 0 0.0005335791678 0 0 0 0 0.004268468722 0 0 0 0.00432704655 0 0 0 0.004291172789 0.004501014672 0 0 0 0 0 0 0.00438996527 0 0 0 0 0.004400012491 0 0.006158906744 0 0 0 0 0 0 0.004504027169 0.004321599181 0 0 0.004420847805 0 0 0 0 0 0 0.006346730396 0 0 0 0.004502906815 0 0 0 0.001415967161 0 0 0 0 0 0 0 0 0 0 0 0.004356674338 0 0 0 0 0 0 0.004511790073 0 0 0.004433060294 0 0 0 0 0 0 0.004349136071 0 0 0 2.123287504e-05 0 0 0 0 0 0.00437159556 0 0 0 0.004433861731 0 0 0 0 0.004415979151 0 0 0.004529453769 0 0 0.004437711599 0 0 0 0 0 0 0.004487512608 0 0 0 0.004444724656 0 0 0 0.005355695412 0 0 0 0 0 0 0 0.004207580269 0 0.005120853577 0 0 0.004201711337 0 0 0 0 0 0.000161727405 0 0 0.00743510868 0 0 0 0 0 0 0 0.00426650219 0 0.005023378009 0 0 0 0 0 0 0 0 0 0 0 0.004488509412 0 0 0 0 0 0 0 0.004217636495 0.004208056273 0.004333241795 0 0.004444725062 0 0 0 0 0 0 
0 0.004209234195 0 0 0 0 0 0 0 0 0 0.004390252188 0 0 0 0.0002979397251 0 0 0 0 0 0.004442788234 0 0 0.004215414835 0 0 0 0 0 0 0 0 0 0.0042591581 0 0 0 0 0 0 0 0 0 0 0 0 0.0007005565967 0 0.004293815264 0 0 0 0 0 0 0 0 0.002438209432 0 0.001145016369 0 0 0 0 0 0.004263926235 0 0 0.004332365471 0 0.006211867246 0 0 0 0 0 0.005744162665 0 0 0 0 0 0 0.004285038269 0 0 0 0 0 0.006197859944 0.004364608136 0.004286384795 0.004274641698 0 0.000556487289 0 0.0001772223479 0 0 0 0 0.004443254042 0 0 0 0 0 0 0.004362135329 0 0 0 0 0.0007472031177 0 0 0 0 0 0 0 0 0 0.004527071852 0 0 0 0 0 0.004194401719 0 0 0 0 0 0 0 0 0 0.0005788270834 0 0 0 0 0 0 0 0 0 0 0 0 0 0 0 0 0 0 0.004273657984 0 0 0 0 0.001211160965 0 0 0 0 0.004395438009 0 0 0 0 0.004425695756 0 0 0.004397963207 0 0.002735565893 0 0 0.000421711954 0 0 0 0 0 0.004366380483 0 0 0.0002633641086 0 0.0001735240702 0.004494821376 0 0.004333792084 0 0 0 
0 0 0 0 0 0 0 0 0 0 0.00017492376 0 0 0 0 0 0 0 0 0 0 0 0 0 0 0.004395386756 0 0 0 0 0.004426445162 0 0.004217329732 0 0 0 0 0 0 0.004462775993 0 0 0.0002612821567 0 0.004247287894 0 0 0 0 0 0 0.004497710501 0 0 0.00429906677 0 0 0 0 0 0 0 0.004431543013 0 0 0 0 0 0 0 0.001120856207 0 0 0 0 0 0.004412865048 0 0 0 0 0 0 0 0 0 0 0 0 0 0.0007274045878 0 0 0 0.004355273999 0 0 0 0 0 0 0 0 0 0 0.004264628257 0.004223719063 0.004415229622 0 0 0 0 0 0 0 0 0 0 0 0.004508974032 0 0 0 0 0 0.005271208992 0.004229295407 0 0 0 0.004370531962 0 0 0 0 0 0 0.0001136233494 0.0001454510537 0 0 0 0.004525779212 0 0 0 0 0 0 0 0 0 0 0.001275531058 0.004253729129 0 0 0.004356342561 0 0 0 0 0.0005179067874 0 0 0.0044713204 0 0 0 0 0 0 0 0 0 0.004367112837 0 0.004244846392 0 0 0.006202529155 0 0 0 0 0 0 0 0 0.004224692761 0 0 0 0 0 0 0 0 0.001760684806 0 
0 0 0.004326080512 0.005994377926 0.004253427202 0 0.004299886937 0.004454444362 0 0 0 0 0.004429813752 0 0 0 0.004504553262 0 0 0 0 0 0 0.004410907211 0 0 0.0005608362787 0 0 0 0.004305284999 0.004249490382 0 0 0 0 0 0 0 0 0 0 0 0 0 0 0 0 0.006118859301 0 0 0 0.004250878377 0 0 0 0.00611807166 0 0 0 0 0 0.0007092997874 0.004270685989 0 0 0.00451151089 0 0 0 0 0 0 0 0 3.797599195e-05 0 0 0 0 0 0 0.005256233507 0.0043571067 0 0 0 0 0.00436512265 0.0002678937688 0.004296616325 0 0 0 0 0 0 0.00447104391 0 0 0 0.004314765037 0 0 0 0 0 0 0 0 0 0 0.00420546136 0 0 0 0.006247984647 0 0 0 0 0 0 0.004471319609 0 0.004413780104 0.004271773112 0.0002002817069 0 0 0 0 0 0 0 0 0 0.004444981066 0 0 0 0 0 0 0.004284383852 0.004223322321 0 0 0 0 0 0 0.00447071658 0 0 0 0 0 0 0 0 0 0 0 0 0 0.006167129454 0 0 0.004486020463 0 0.004214704556 0 0 0 0.004491210953 0 0 0 0 0 0 0 0 0 0 0.00426156815 0 0 0 0 0 0.004394007706 0 0.004502000693 0 0 0 0 0.004292172762 
0 0 0 0 0 0 0 0 0 0 0 0 0 0 0 0 0 0.006093907375 0 0 0 0 0 0.002838604862 0 0 0 0 0 0 0.004418535523 0 0 0 0 0 0 0 0 0 0 0 0 0 0 0 0 0 0 0 0 0 0 0.004450842807 0 0 0 0 0 0 0 0 0 0 0 0 0 0 0 0 3.860923269e-06 0.006163299233 0 0 0.004342271461 0 0 0.004356822918 0 0 0 0 0 0 0 0 0 0 0 0 0 0 0.004436511173 0 0 0 0 0 0 0 0.0008838126033 0 0 0 0.004405609087 0.004222014432 0 0 0.004507322113 0 0 0.004199543587 0 0 0 0 0.0042534731 0.004205719691 0 0 0 0 0 0 0 0 0 0.00614476125 0.002737678497 0 0 0 0.004478013534 0 0 0.004211819178 0 0 0.004283529867 0.001003146683 0 0.004314236173 0 0 0.004411289831 0 0 0 0 0 0 0 0 0 0 0 0.004365498507 0.004330786531 0 0.004245807406 0 0 0.004214395811 0 0.004475194325 0 0 0 0 0 0 0 0.0001248856461 0 0 0 0 0.004278186755 0 0 0 0 0 0 0 0 0 0.0061769349 0 0.004508525809 0.004386892285 0 0 0 0 0 0 0.004328044349 0 0 
0 0 0 0 0 0 0.004226302273 0 0 0 0 0 0 0 0 0 0 0 0 0 0 0 0.004361588134 0 0 0 0 0 0 0 0 0 0 0 0 0 0.004527464725 0 0.004455766841 0 0.0001294853842 0 0.006201246173 0 0 0.006318745501 0 0 0.0001555679646 0 0 0 0 0 0.004232444591 0 0 0.0006153276025 0.004277811362 0 0 0.004372751606 0 0 0.00431659635 0 0 0 0 0 0 0 0 0 0 0 0 0 0 0 0 0 0 0 0.004395403744 0 0.004232452547 0.001553163962 0 0 0 0.004439112972 0 0 0 0 0 0 0 0 0 0 0 0 0.0006255208553 0.004976944521 0.003100669905 0 0.004441599768 0 0.004201481936 0 0 0 0 0 0.0002365155719 0 0 0 0 0 0 0.006196798967 0 0 0.004265584121 0 0 0 0 0 0 0 0 0 0 0 0.004250127336 0 0 0.004445909731 0 0 0 0 0 0.004458198855 0 0 0.004324602916 0 0 0 0 0 0 0.004367123099 0 0 0 0 0 0 0 0 0 0 0 0 0 0.004375127272 0 0.006335243426 0 0 0 0 0 0 0 0 0 0 0 0 0 0 0.004401239223 0 0 0 0 0.004308738579 0 0 0 0 0 0 
0.004391945864 0 0 0 0 0 0 0 0 0 0 0 0 0 0 0 0 0 0 0 0 0 0 0 0 0 0 0 0 0 0 0.0006124439793 0 0 0 0 0 0 0.005169284583 0 0 0 0 0.00445969677 0.004408151547 0 0 0 0 0 0 0 0.004405013822 0 0.006167857246 0 0 0.004124886804 0.0001406441866 0 0.004206785999 0 0 0 0 0 0 0 0 0 0 0 0 0 0 0 0.004435037087 0 0 0 0 0 0 0.004310017918 0 0 0 0 0 0 0 0 0.004280719589 0 0 0 0 0.00420724504 0 0 0 0.004304194082 0.001556031732 0 0 0 0 0.001102057315 0 0.006089344919 0.004434474997 0.004383148792 0.004244028114 0 0 0 0 0 0.004462967454 0 0 0.004215689986 0 0 0 1.719175731e-05 0 0 0 0.004519449262 0.004209715159 0 0 0 0 0 0 0 0 0 0.004258672543 0 0 0 0 0.004268147835 0 0 0 0 0 0 0 0 0 0 0 0 0 0 0 0 0 0 0 0.004435699693 0 0 0 0 0 0 0.004494284661 0 0 0 0 0 0 0 0 0 0 0 0 0.004448106366 0 0 0 0 0 0 0.004486155567 0 0 0 0 0 0 0.004445858445 
0 0 0 0 0 0 0 0 0 0 0 0.004205337904 0 0 0 0 0 0.004299177306 0.006168712311 0 0 0 0 0.004488339009 0 0 0 0 0.004520017112 0 0 0.000658621394 0 0 0 0 0 0 0 0 0 0 0 0 0 0 0 0 0.006162450526 0 0 0 0 0 0.0003017670802 0 0.004508053997 0 0 0 0 0 0 0 0 0.004431407359 0 0.004453511068 0 0 0 0 0 0 0 0 0 0.004451359261 0 0 0.006042602164 0 0 0.006334470176 0.006151721363 0 0.006183083954 0.004281116454 0 0 0 0 0 0.004502074121 0.002057712612 0.004516550172 0 0.004480910905 0 0 0 0 0.004461316133 0 0 0 0 0 0 0 0.004459790263 0 0 0.004250462207 0 0 0 0 0 0 0 0 0 0 0 0 0 0 0 0 0.006270742449 0.004308334996 0 0 0 0 0.000663808771 0 0.004343943316 0.004386105316 0 0 0 0 0.0008030182833 0 0 0 0.004352974096 0.001416858733 0 0 0 0 0.0001019272346 0.004371590752 0 0 0 0.00422866998 0 0 0 0 0 0 0 0.004280970713 0 0 0 0 0 0 0 0 0 0 0 0 0.002581503016 0 0 0 0 0 0.006079671593 0 0 0 0 0.004511426175 0 0 0 0 0 0 0 0 
0 0 0 0 0.001340817238 0 0.00424209678 0 0 0 0 0 0 0 0 0 0 0 0 0 0 0 0 0 0 0 0.001086921499 0 0 0 0 0 0 0 0 0 0 0 0 0 0 0 0 0 0 0 0 0.0001168675666 0.006241313597 0 0.004352080719 0 0 0.004441041147 0 0.0005690360864 0 0 0 0.004289168379 0 0 0 0 0 0 0 0.004234611281 0 0 0 0.0005342301153 0 0 0.004228963137 0 0 0 0 0 0 0 0 0 0.004204900622 0 0 0 0 0 0 0 0 0 0 0 0.004533113871 0 0 0 0 0 0 0 0 0 0 0 0 0 0 0.0043565176 0 0 0 0 0 0 0 0 0 0 0.004412446004 0 0.004195871909 0 0 0.001076559256 0 0 0 0 0 0 0 0.006157933453 0 0 0.004437729691 0 0 0.00516847932 0 0.004347097059 0 0 0 0 0 0 0.006168860777 0.00445506884 0 0 7.554435769e-05 0 0 0 0 0 0 0.004278180571 0 0 0 0 0 0 0 0 0 0 0 0.004216554417 0 0 0 0 0 0 0 0.0001546427382 0 0 0 0 0.004322932475 0 0 0 0.006273145137 0 0 0 0 0 0 0 0 0 
0 0 0 0 0 0.004335323755 0 0 0 0 0 0.004310071292 0 0.004450337838 0 0 0.0006404471779 0 0 0 0.00503356615 0 0 0 0.004233041794 0 0 0.0004654883685 0 0 0 0 0 0.006126205788 0 0 0.0009164553967 0 0 0 0 0 0 0 0 0 0 0.004372202102 0.004259891264 0 0 0 0 0 0 0 0 0 0 0 0 0 0 0 0.00440863268 0.006154229872 0 0 0.004417463647 0 0 0 0 0 0 0 0 0 0.004412056916 0 0 0.004239004876 0 0 0 0.006168934513 0 0.004497629115 0 0 0 0 0 0 0 0 0.004391824346 0 0.004389499436 0.004291669535 0 0 0.006288563446 0 0 0.004406188583 0 0 0 0 0 0 0 0 0 0 0 0 0 0.004491828848 0 0 0 0 0 0 0 0 0 0.004314398873 0.00444121211 0 0 0 0.0005091280616 0 0 0 0 0 0 0 0 0 0 0 0 0.004485119755 0 0 0 0 0 0 0 0 0 0 0.004284821986 0 0 0 0.00508768551 0 0 0 0 0 0 0 0 0 0 0 0 0 0 0 0 0 0 0.004075537044 0.0007374421146 0 0 0 0 0 0 0 0.004479370335 0 0 0.0007980855117 0 0.001556609623 0 0 0.004470712556 0 
0 0 0 0 0 0 0 0.004491954003 0 0 0 0 0 0.004214515104 0 0 0 0 0 0 0 0.004266878692 0 0.004525288327 0 0 0 0 0 0 0 0 0.004379597201 0 0 0 0 0 0 0 0 0.0007843925795 0 0 0 0 0 0.004378629909 0 0 0 0 0 0 0 0 0 0 0.004442856616 0 0 0 0 0 0.004324608786 0.004508428826 0 0 0.004411581237 0.004503534088 0 0 0 0 0 0 0 0 0 0 0 0 0 0 0 0 0 0 0 0 0 0 0 0.0009955768129 0 0.0007293737185 0.004255682018 0 0 0.004503706581 0 0 0.005185952654 0 0 0.004362088743 0 0 0.004193116927 0 0 0 0.001021599853 0 0 0 0 0.004204422492 0.004288572725 0 0 0 0 0 0 0 0 0 0 0 0 0 0.004209394531 0 0 0 0 0 0 0 0 0 0 0 0.004259814602 0.004221820947 0 0 0 0 0 0 0 0 0 0 0 0 0 0 0 0 0 0 0 0 0 0 0 0 0 4.213914182e-05 0 0.004316759748 0 0 0 0 0 0 0 0.004334828635 0 0 0 0 0 0 0 0 0 0 0 0 0 0 0 0 0 0.004468912117 
0 0 0 0 0 0 0 0 0.004409379115 0 0 0 0 0 0 0 0 0.004351141968 0 0 0 0 0.004362105048 0 0 0 0 0 0 0 0 0 0 0 0 0 0 0 0 0 0 0 0 0 0.006146959583 0 0 0 0 0 0.004230429314 0.001714890035 0 0.004327319794 0 0.0042907478 0 0 0 0 0.004500901994 0 0 0 0 0 0 0.004292454515 0 0.004300035939 0 0 0 0 0.0006734021756 0 0 0 0 0.00442011227 0 0 0 0 0 0 0 0 0 0 0 0 0 0 0.004497870795 0 0 0 0 0.0044484663 0 0.004288913782 0.0004460168188 0 0 0 0 0.004238001896 0 0 0 0 0.0005418647887 0 0 0 0 0 0.004447723704 0 0.005100392084 0 0 5.317409174e-05 0 0 0 0 0 0.004437541253 0 0 0 0 0 0 0 0.00439012004 0 0 0 0 0 0 0 0 0 0.004489110413 0 0 0 0 0 0 0 0 0 0 0 0 0.004331677077 0 0 0 0 0.004383838249 0 0 0 0 0 0 0 0 0 0 0 0 0.004243526806 0 0 0 0 0 0 0 0 0 0.004442952363 0 0 0.004461383473 0 0 0 0.004316363646 0.00427156316 0 0 0.00438471363 
0 0.004353617752 0 9.958858408e-05 0 0 0 0.004241299723 0 0 0.004231807556 0 0 0 0 0 0.00437678938 0 0 0 0 0.004254544285 0 0 0 0 0 0 0 0.004512852124 0 0 0 0.004200903242 0 0 0 0 0 0.004334166181 0 0 0 0.004290997115 0 0 0.004275491292 0 0 0.004511326307 0 7.985028279e-05 0.004523418713 0.004395935431 0 0 0 0 0 0 0.004353969534 0 0 0 0 0 0 0.0003790855255 0 0 0 0 0 0.004454859016 0 0.004405133385 0 0 0.004417612981 0.004211446729 0 0.004224501929 0 0.004329620598 0 0 0 0 0 0 0 0 0 0 0 0 0 0 0.004199301863 0 0 0 0 0.00421720489 0 0 0 0 0 0 0 0 0 0 0.004483923062 0 0.004367179071 0 0 0 0 0 0 0.00122267359 0 0 0 0 0 0 0.004241455322 0 0 0 0.00131376424 0 0 0 0.006100625386 0.004525307846 0 0 0 0 0 0 0.004370967517 0 0.004442064577 0 0 0 0 0.004998495279 0.004288373353 0 0 0 0 0 0 0 0 0 0 0 0 0 0 0.0007533375524 0 0 0 0 0 0.001460849838 0 0.004225418656 4.812481445e-05 0.004419337285 0.004196294904 0 0 0 0.004345572727 0.001566049878 0 0 0 0.004408330158 0 0 0 0 0 0 0 0 0 0 
0 0 0 0 0 0 0 0 0 0 0 0 0 0 0 0 0 0.004275566724 0 0.001167970643 0.004437299483 0 0 0 0.004476097145 0 0 0 0 0 0 0.004486187329 0 0 0.001297370044 0 0 0 0 0.004364588698 0 0 0.004525341809 0 0 0 0 0 0 0 0 0 0 0.004457200688 0 0 0 0 0.004296127434 0 0 0.004392489235 0.004402575702 0 0 0 0 0 0.005980330767 0 0 0 0 0 0 4.970660738e-05 0 0 0 0 0 0.004202608819 0 0.004234124306 0 0 0 0.004499670803 0 0 0 0 0 0 0 0 0.004424493383 0 0.00452853353 0 0 0 0 0.004465823751 0 0.0006441201211 0 0 0.004298535162 0 0 0 0 0 0 0 0.004195699302 0 0 0 0 0 0 0 0 0 0 0 0 0 0 0 0 0.004469950455 0 0.004359581711 0 0 0 0 0 0 0.004274161853 0 0 0.0009470553402 0.004943039094 0 0 0 0 0 0.004523373429 0 0 0 0 0 0 0 0 0 0 0 0.004419434385 0 0.004484678378 0.004254488996 0 0 0 0 0.004245176813 0 0 0 0 0 0 0 0 0 0.004328909376 0 0 0.00441887862 0 0.004198893292 0 0 0 0 0 0 0 0 0 0 0.004225844705 0 
0 0 0 0 0 0 0 0.004228256514 0 0 0 0 0 0 0 0 0 0.004252607848 0 0 0 0 0 0 0 0 0.004405144293 0 0 0 0.004236130387 0 0.004311624426 0 0.004361774717 0 0 0.004519744953 0 0 0 0 0 0 0 0 0 0 0 0 0 0 0 0 0 0 0.004284330828 0 0 0 0 0.001077300168 0 0 0 0 0.002645157522 0 0 0.004398255639 0 0.004478646238 0 0 0 0 0 0 0 0 0 0 0 0 0 0 0.004296166516 0 0 0 0 0 0 0 0.004530740564 0 0 0 0.004356737167 0 0 0 0.000261784131 0 0.004495230945 0 0 0 0 0 0 0 0 0 0 0 0 0.004278992971 0 0 0 0 0 0.004364720547 0 0 0 0 0 0 0 0.004259640491 0 0 0 0 0 0 0 0 0 0 0 0 0 0.004271389823 0 0 0 0 0 0 0 0 0 0 0 0 0 0 0 0.004214360705 0 0 0 0 0.004480821085 0 0 0 0 0 0 0 0 0 0 0 0 0 0 0 0 0 0 0 0 0.004243186207 0 0 0.004847894174 0 0 0.004509538519 0 0 0 0 0 0 
0.004448113287 0 0 0 0 0 0 0 0 0.004473957233 0 0 0 0 0 0 0 0 0 0 0.004271450359 0 0.001527325481 0 0 0 0 0.004274178582 0 0 0 0 0 0.004302206599 0 0 0 0 0.002522664672 0 0 0 0 0.00427858045 0 0 0 0.004382410601 0 0 0 0 0 0.004248573203 0 0 0 0 0 0.006577886606 0 0 0.004515051601 0 0 0 0 0 0 0 0 0.004423884668 0 0 0.004462438287 0 0 0 0 0 0 0 0 0 0.004474905752 0 0 0 0 0 0 0 0 0 0 0 0 0 0 0 0.00447912328 0.00154087267 0.004371736183 0 0 0.000310253528 0 0 0 0 0 0 0 0.004418391116 0.0004257483253 0 0 0.005994692148 0 2.982060884e-05 0 0.0002296011066 0 0 0.004513903889 0 0 0 0 0 0 0 0 0 0 0.004370536276 0 0 0 0 0 0 0 0 0 0 0.004225725026 0 0 0 0.006000935634 0 0 0 0 0 0 0 0.004870226289 0 0 0 0 0 0.006172264952 0 0 0 0 0 0 0.0004228228327 0 0 0 0 0 0 0 0 0.004387449871 0.004418965132 0 0 0 0.004423098427 0 0 0 0 0 0.001116562817 0.004265765054 0 0 0 0 0 0 0 
0 0.007531246702 0 0 0 0 0 0 0 0.004519412337 0 0 0 0.004323363581 0 0 0 0 0 0 0 0 0.004285528419 0 0.004374928909 0 0 0 0 0 0 0.004485631575 0 0 0 0 0 0 0.004222750617 0 0 0 0 0.00453166492 0 0 0 0 0 0 0 0 0 0 0 0.004518105824 0.0002667178537 0 0 0.0006974067717 0 0 0 0 0 0 0 0 0 0 0 0 0 0 0 0 0.004373605762 0 0 0 0.001101559102 0 0 0 0 0 0 0.006164082081 0 0 0 0 4.990042326e-05 0.004368171296 0 0 0 0 0 0 0 0.004201517045 0.004528014382 0 0 0 0 0 0 0 0 0 0.004311931611 0 0 0 0.004895171529 0 0 0 0 0 0.004194229261 0 0 0 0.004411187811 0 0 0 0 0.004260287339 0 0.004328722019 0.00450658134 0 0 0 0 0 0 0 0.00445329993 0 0 0 0.001899917623 0 0 0 0 0 0 0 0 0 0 0.0007275631762 0 0 0.004507564825 0 0 0 0 0 0 0 0 0 0 0 0 0 0 0.004284314153 0 0 0 0 0 0 0 0 0 0 0 0 0 0 0.004412337041 0 0.000492075342 0 0 0.004349124891 0 0 0 0 
0.004232589257 0 0 0 0 0 0 0 0 0 0 0 0 0 0 0 0 0 0 0.004253150736 0 0.004361911702 0 0 0.004408147053 0.004320017496 0 0 0 0 0 0 0 0 0 0 0 0 0 0 0 0 0 0 0 0 0 0.004409756945 0 0 0 0 0 0 0 0 0.004327004628 0 0 0 0 0 0 0.004222016766 0 0 0.005798592641 0 0 0 0 0 0 0 0 0 0.00431279488 0 0.004450212361 0 0 0 0 0 0 0 0.004242352736 0 0 0 0 0.0011365884 0.004414663268 0 0 0.004356796984 0.004291916439 0 0.004371808923 0 0 0 0 0 0 0 0 0 0 0.004229747549 0 0 0.004420403107 0 0 0 0 0 0 0 0 0 0 0 0 0 0 0 0 0 0 0 0 0 0 0 0 0 0 0.004197813737 0 0 0 0 0 0 0 0 0 0 0 0 0 0 0.004223539344 0.004349626642 0.004506586643 0 0 0 0.0006287352835 0 0.004302777018 0 0 0 0.001117205497 0.006035457975 0 0 0 0 0 0 0 0 0 0 0 0 0.004381723168 0 0 0 0 0 0 0.004400254151 0 0 0 0 0 0 0 0 0 0 0.004206625169 0 
0 0 0 0 0 0 0 0.004212344101 0.004299707589 0 0 0 0 0 0 0 0 0 0.004504618727 0 0 0 0 0 0 0.004229641356 0 0 0.004317633922 0 0 0.004196539355 0 0.006198714566 0 0 0 0 0 0 0 0 0 0 0 0 0 0 0 0 0 0.005216113576 0 0 0 0 0 0 0 0 0 0 0.004388966146 0 0 0 0 0 0 0 0 0 0 0 0 0 0 0 0 0 0 0 0 0 0 0 0.004507270941 0 0 0 0 0.0008531731087 0.004271322125 0 0 0 0 0.006252195694 0 0 0.004290451257 0 0 0 0 0.004462822784 0 0 0 0 0.004300668622 0 0 0 0 0.0002316912125 0 0 0 0 0 0 0 0 0 0 0 0 0 0 0 0 0 0 0 0.004354966579 0 0 0 0 0 0.004503388838 0 0.006161963026 0.004411021886 0 0.004276039441 0 0.00129090786 0 0 0 0.004398793239 0 0.004310595592 0 0 0.004480172406 0 0 0 0 0 0.00445642769 0 0.004419907466 0 0 0 0 0 0 0 0 0.004235097026 0 0.004275129313 0.004386093754 0 0 0 0 0 0 0 0 0 0 0 0 0.004348269367 0 0 0 0 0 0 0 0.0009161431109 0 
0 0 0 0 0 0 0.00443185339 0 0 0.004220079125 0 0.004405072747 0 0.004440988449 0 0 0 0.004291148898 0 0 0 0.004394096705 0 0 0 0 0 0 0 0 0 0 0 0 0 0 0 0.001688564822 0 0 0 0 0 0 0 0 0.005083956694 0 0 0 0 0 0 0 0 0 0 0 0 0 0 0 0 0 0 0 0.001975476244 0 0 1.238207915e-05 0 0.004235365103 0.004453157665 0.004488123261 0 0 0 0 0 0 0 0 0 0 0 0 0 0 0 0 0 0 0 0 0 0.004360981922 0.0004196470875 0 0 0 0 0 0 0 0 0 0 0 0.00419394186 0 0 0 0 0 0 0 0 0 0 0 0 0 0 0 0.004442801421 0 0.004282930762 0 0 0 0 0 0 0 0 0 0 0 0 0 0 0 0 0 0 0 0 0 0.004355015336 0 0.004385318114 0.004265594812 0 0 0 0 0 0 0.004311845074 0 0 0 0 0 0 0 0 0 0 0.0006852932033 0 0 0 0 0 0.00453157602 0.004200328704 0 0.004448323991 0 0 0.004283999831 0 0 0 0.004429205605 0.004359905368 0 0.0043765394 0 0 0 0 0 0 0 0 0 0.004481127186 0 
0.005971642154 0.004254234001 0 0 0.004279341388 0 0 0 0.0002862702522 0 0.00420119843 0 0 0 0 0 0 0.004281166515 0 0 0 0 0 0.004505036688 0 0 0 0 0 0 0 0 0 0 0.004294374871 0 0 0 0.004290931259 0 0 0 0 0 0 0 0 0.004289123649 0 0 0 0 0 0.0003922750281 0 0 0 0 0 0.004391924633 0 0.004520900734 0.004223203114 0 0 0 0 0 0 0.006137823564 0 0 0 0 0 0.00633156428 0 0 0 0 0 0 0 0 0 0 0 0.004413812534 0 0.004394501871 0 0 0 0 0 0 0 0.004507563793 0 0.004449566366 0 0 0 0 0 0 0 0 0 0.004381230044 0 0 0 0 0.00323655584 0 0 0 0 0.004216167635 0 0 0.004224022921 0 0 0 0 0 0.004294660619 0 0.004329441953 0 0 0 0 0 0 0 0 0 0.005338986338 0 0 0 0 0 0 0 0 0 0 0 0 0 0 0.004474892358 2.872415974e-05 0 0 0 0 0 0 0 0 0.004458756387 0.005706155419 0 0 0 0.004482523639 0 0 0.006070237217 0 0 0.004197779885 0 0 0 0 0 0 0 0 0 0.004392139659 0 0 0 0 0.006119209822 0 0 0 0 0 0.004264350158 0 0 
0.004521014773 0 0.004343359128 0 0 0 0 0 0 0.005257793969 0 0 0 0 0 0 0 0 0 0 0 0 0 0 0 0 0 0 0 0 0 0 0 0 0 0 0 0 0 0 0 0 0 0.002687671819 0 0 0 0 0 0 0 0 0 0 0 0 0 0 0 0 0 0 0 0 0 0 0 0 0.004286913066 0 0 0 0 0 0 0 0 0 0 0.004241354973 0 0 0 0 0.004302584834 0 0 0 0 0 0 0 0 0.004270081731 0 0 0 0.004074353858 0 0 0 0 0 0 0 0 0 0 0 0 0 0.004267217579 0 0 0 0 0 0 0.006294427346 0 0 0 0 0 0 0.005368356202 0 0 0.004405792879 0 0 0.0043794001 0.004494927179 0 0 0 0 0 0 0 0 0.000292489452 0 0 0 0 0 9.716720672e-05 0 0.00444166424 0 0 0 0 0 0 0.004270363092 0 0.003636442023 0 0.004440949793 0 0 0 0 0 0 0 0.004241424262 0 0 0 0 0.004386658772 0.004325534792 0 0 0 0 0 0 0 0 0.004311162238 0 0 0 0 0 0 0.004264858684 0 0 0 0 0 0.004478392549 0 0 0 
0.004239720517 0 0 0 0 0 0.0006627211448 0 0 0.004269916503 0 0 0 0 0 0 0.006223977421 0 0 0 0 0 0 0 0 0.004324114542 0 0.004512445915 0.004273689407 0 0 0 0 0.005284648143 0 0.004531802735 0 0 0 0.004489065979 0 0.004468028507 0 0 0.004320459727 0 0 0.004250671395 0 0 0 0 0 0 0.000549263985 0 0 0 0.0002171903421 0 0 0.004295662895 0 0 0 0.0008573131334 0 0 0 0 0 0 0 0 0 0 0.004339225739 0 0.002554678332 0.004302732173 0 0 0 0 0 0 0 0 0 0 0 0 0 0 0 0 0.004436856452 0.005234369733 0 0 0 0.004273882044 0 0 0 0 0.00440469331 0 0 0 0 0 0 0 0 0 0 0 0 0 0 0 0 0.004428434555 0 0 0.004224566487 0 0 0 0.004245351956 0 0 0 0 0 0 0 0 0 0.0009324595525 0 0 0 0.004322678362 0 0 0 0 0 0.004267835513 0 0 0 0 0.004207112649 0 0 0 0.004262251768 0 0.004516442235 0 0 0 0 0 0 0.004333298793 0 0 0 0 0.004292342418 0.0002843186774 0 0 0 0 0.004272189731 0 0.004260271848 0.004213320515 0 0 0 0 0 0 0 0 0 0 0 0 0 0 0 0 0.004404791726 
0.004314855923 0 0 0 0 0 0 0 0 0 0 0 0 0 0 0.000329379169 0.004497463015 0.004460336033 0 0 0 0 0.004216587754 0.0004781542069 0 0 0 0 0 0 0.0007270469083 0 0 0 0 0 0 0 0 0 0 0 0 0 0 0 0.004234027431 0 0 0.005168337692 0 0 0 0 0.006009982602 0 0 0 0.004205572953 0 0 0 0.007471936369 0 0 0 0 0 0.004477875825 0 0 0 0.004331071656 0.005212367777 0 0.004346642114 0 0.004368681059 0 0 0 0 0 0 0 0 0 0 0 0 0.004474509976 0 0 0 0 0 0 0.0008173717292 0 0 0 0 0 0 0.004362941599 0 0 0 0 0 0 0.004450329452 0.004502579788 0 0 0 0 0 0.0003214637059 0 0 0 0 0 0 0 0 0 0 0 0 0 0 0.004255691378 0 0 0 0 0.004191837824 0.004523730122 0 0 0 0 0 0 0 0 0 0 0 0 0 0 0 0.004524439922 0 0.0001782480866 0 0 0.004267424833 0 0 0 0 0 0 0 0 0 0 0 0 0 0.004300526179 0 0 0 0.0006466273943 0 0 0 0 0 0 0 0 0.004424310401 0 0 0.004223499711 0 0 0 0 0 0 0 0 0 
0 0 0.004318149122 0 0 0 0.004418184773 0.004409295263 0 0 0 0 0 0 0 0 0 0 0 0.004494351379 0 0 0.004441188761 0.004455853646 0.004375815762 0 0 1.195367704e-06 0 0 0 0 0 0 0 0.006170829035 0 0 0.004423323321 0 0 0.004303373824 0 0 0 0.001858037923 0 0 0 0 0 0.006112943311 0 0 0 0 0.004336830039 0 0 0 0 0 0 0 0 0 0.0002150487148 0 0 0.004454864213 0 0 0 0 0.004385230141 0 0 0 0 0.004304427331 0 0 0 0 0 0 0.004445719346 0 0.004276308974 0 0 0 0 0 0.0005502391678 0 0 0 0 0 0 0 0 0.004322746283 0 0 0 0.004248593215 0 0 0 0 0 0.004298706331 0 0 0 0 0 0.004394244922 0.004304382317 0 0.004208987389 0.004332019922 0 0 0 0 0 0.004342923991 0 0.004377777642 0 0 0 0 0 0.004342814596 0 0 0.004465458192 0 0 0.000807717801 0.004500879282 0 0 0 0 0 0 0.004495984133 0.004487910274 0 0 0 0 0 0 0 0 0 0 0 0 0.004457831829 0 0.004360910657 0 0.004434441836 0 0.004448778791 0 0.004202796605 0 0.001112749234 0 0.00428603354 0 0 0 0.004309821998 0 0 0 0 0 0.005299898393 0 0 0 0.004438623512 0 0 0 0.00424268604 0 0 0 0 
0 0 0 0.004466772733 0 0 0 0 0 0 0 0 0.004320910324 0 0 0 0.004301209503 0 0 0 0.00431695693 0 0 0 0 0 0 0 0 0 0 0 0 0.004338943559 0 0 0 0 0 0 0 0 0 0 0 0 0 0 0.004235341564 0 0 0 0 0 0 0 0 0 0 0.004285784498 0 0 0 0 0 0 0.004429782201 0 0 0 0 0 0 0 0 0 0 0 0 0.004437256225 0 0 0 0 0 0 0 0 0.004379416135 0 0 0 0.004367182149 0 0 1.971452749e-06 0 0 0 0.004325060179 0.0007551586209 0 0.004413737103 0 0 0 0 0 0 0 0 0 0 0 0.004445103613 0.004517055915 0 0.00432989245 0 0 0 0 0 0 0.004353568738 0 0 0 0 0.004328745463 0 0 0 0 0 0 0 0 0 0 0.004362313791 0 0.004330185809 0 0 0.004521767168 0 0 0 0 0 0 0 0 0 0 0 0 0 0 0 0.004209294566 0 0 0 0 0 0 0.0008854552186 0 0 0 0 0 0 0 0 0 0 0 0 0.004372580075 0.004295178044 0 0 0.004341548488 0 0 0 0 0 0 0 0.004532355792 0 0 0.004304486499 0 0 0.00489860552 
0 0 0 0 0 0 0 0 0 0.004237496995 0 0 0.004458608335 0 0 0 0 0 0 0 0 0 0 0 0 0 0 0.00613403357 0 0.004401738451 0 0 0 0.004376207577 0 0 0 0 0 0 0.004461084725 0 0.00449347489 0 0 0 0 0 0 0 0 0.0009472184749 0.004493373081 0 0 0 0.004525269736 0 0 0.00431527007 0 0 0 0 0 0 0 0.004369467774 0.0002065009737 0 0 0 0 0 0 0 0.0042112434 0 0.0006115998548 0 0 0.0004854940445 0 0.004418062931 0.004467198335 0 0 0 0 0 0.005285798876 0.004257372788 0 0 0 0.007651812977 0 0 0 0 0 0 0 0 0 0 0 0 0 0 0 0 0 0 0 0 0 0 0 0.0002945520111 0 0 0 0.0004676929106 0 0.00437442674 0 0 0 0.004431657654 0 0 0 0 0 0 0 0 0 0.004513382276 0 0 0 0 0 0 0.004383471933 0 0 0.005361486425 0.004298723048 0.004471393847 0 0 0 0 0 0.004355591907 0 0 0 0 0 0 0 0 0 0 0 0 0 0 0.004246603348 0.0001376887417 0 0 0.004415962824 0 0 0.004379267175 0 0 0 0 0 0.004235813319 0 0 0 0 0 0 0 0 0.004190333545 0 0 0 0 0 
0 0 0 0 0 0 0 0 0 0.00426825178 0 0 0 0 0 0.004512430834 0 0 0 0 0.001179861343 0.004434095562 0.004472402385 0 0 0 0 0 0 0.004372614446 0 0 0 0.004371577539 0 0.004297345299 0 0 0 0 0.004363098289 0 0 0 0 0 0 0 0 0 0 0 0 0 0 0 0 0.004501884066 0 0 0 0 0 0 0 0 0.006017603206 0 0 0.004514021758 0 0 0 0 0 0 0 0.0002343041657 0.006211021069 0 0 0 0.0002230893409 0 0 0.004284690275 0.00159270166 0 0 0 0 0 0 0 0 0 0 0 0 0 0.0002134097549 0.004357492546 0.0007496013687 0 0.006321242422 0.004383199327 0.0003510209698 0 0 0 0 0 0 0 0.004245686455 0 0 0 0 0 0 0 0 0 0 0 0 0.00431512632 0 0 0 0 0 0 0 0 0.00420230358 0 0.0006972576101 0.004267275852 0.004206809399 0 0 0 0 0 0 0 0 0 0.002380187154 0 0 0 0 0.004221452593 0 0 0 0 0 0 0 0 0 0 0 0 0 0 0 0 0 0 0.004529523674 0 0 0 0 0 0 0 0.004392629607 0 0 0 0 0 0 0 0 0 0 0 0 0 0 0 0 0 
0.004507400325 0 0 0.004388060978 0 0 0 0 0 0 0 0 0 0 0 0 0 0 0 0 0 0.004233671833 0 0.0007224524674 0 0.004240863166 0 0 0 0 0.004412957567 7.882384282e-05 0.004473590509 0 0 0 0 0 7.82480537e-05 0 0 0 0 0 0 0 0 0 0.004359505344 0 0 0 0 0 0 0 0 0 0 0 0 0 0.004373486072 0 0 0 0 0 0 0 0 0 0 0 0 0.004281925787 0 0 0 0 0 0 0 0 0 0 0 0.004470418208 0 0 0 0 0.006161278694 0.006487162972 0.004274197437 0.004282758181 0 0 0 0 0 0.004382025582 0 0 0.006286615674 0 0 0 0.00439256822 0 0 0 0 0 0 0 0 0.00448309356 0 0.004407339407 0 0 0.004518561935 0 0.004353208393 0 0 0.004427536568 0 0 0.00447290931 0 2.289152e-05 0 0 0 0.004316998814 0.004314033902 0 0 0 0.004215791026 0 0 0 0 0 0 0 0 0 0 0 0 0 0 0 0 0.002210165172 0 0 0 0 0 0 0 0 0 0 0 0 0 0 0 0 0 0 0 0 0 0 0 0 0 0 0 0 0 0 0 0 0 0 0 0 0.004195222005 0 0 0 0 
0 0 0 0 0.004488720912 0 0 0 0 0 0 0 0.004273536739 0 0 0 0 0 0 0.004380659054 0 0.004394372987 0 0 0 0 0 0 0 0 0 0 0 0.004301585954 0 0 0 0.004320995078 0 0 0 0 0 0 0 0 0 0 0 0 0 0 0 0 0 0 0 0 0 0 0 0 0.004382048663 0 0 0 0 0 0 0.0008686171433 0 0 0.0009844463706 0 0 0.004226823464 0 0 0.004305509667 0 0 0 0 0 0 0 0 0 0 0 0 0 0 0.00128792604 0 0 0 0 0 0.004412955675 0 0.00436049144 0 0 0 0 0.00544676748 0 0 0 0 0 0 0.004456129138 0 0 0.004461350203 0.006007134815 0.004246759042 0 0 0.004324908354 0 0.004466912376 0 0 0 0.004200370514 0 0 0 5.385352601e-05 0 0 0 0.004320279263 0 0 0 0 0.0005186662842 0.00439486632 0 0 0 0.004273597433 0.006697816165 0 0 0 0 0 0.0042320996 0 0.004462274745 0 0 0.004442957843 0 0 0 0.004500783097 0 0.004401819129 0.004195137036 0 0 0.004344528999 0 0 0 0 0 0 0 0 0 0 0 0 0 0 0 0 0 0 0 0 0 0.004460097388 0 0 0 0.007769966352 0 0.004405045203 0.006260077658 0 0.004415960649 0 
0 0 0.004224052852 0.0007945899944 0.004222494618 0 0.006017867485 0 0 0 0.00285654852 0 0 0.004965528817 0 0 0 0 0 0 0 0.001107234042 0 0 0 0 0 0.006249828882 0 0 0 0 0.004202772949 0.004277330767 0.004413441283 0 0 0 0.004225981047 0 0 0 0 0 0 0 0.004252356752 0 0 0 0 0.004256525514 0 0 0 0 0 0.004373221818 0 0 0 0 0 0 0 0 0 0 0 0 0 0 0 0 0 0.004308534165 0 0 0 0 0 0 0 0 0 0 0 0 0 0 0 0 0 0 0 0 0 0.004368471355 0 0.004210763081 0 0.00436836535 0 0 0 0.004246264072 0.004318805691 0 0.00435659658 0.004243641007 0 0 0 0 0 0 0 0 0 0 0 0 0 0 0 0 0 0 0.0041917735 0 0 0.004323585886 0 0 0 0 0 0 0 0 0 0 0.004349143883 0 0.004386412338 0 0 0 0 0 0 0.004229217701 0 0 0 0 0 0 0 0 0 0 0 0 0 0 0 0 0 0 0 0 0 0 0 0.005085813902 0 0 0.004444212229 0 0 0 0 0.004482690432 0 0 0 0 0 0.004220700612 0 0 0 0 0 0 0 0 0 0 
0.006097101924 0 0 0 0 0 0 0 0 0.00441407972 0 0 0 0 0 0 0.004285138202 0 0 0 0 0 0 0 0 0 0 0 0 0 0 0 0 0.0002031722437 0 0 0 0 0 0 0.006530451433 0 0 0 0 0 0 0 0 0 0 0 0 0 0 0 0 0 0 0 0.004402437355 0 0 0.00448059379 0 0 0 0 0 0 0 0.0006743659501 0 0 0 0 0 0 0 0 0 0 0 0 0 0.004521309376 0.004286838131 0 0 0 0 0 0 0 0 0.004347263394 0 0 0.0044553501 0.004193732411 0.004317627509 0.004358477366 0 0 0.00165262142 0 0 0 0 0 0 0 0 0 0 0.004432637784 0 0 0 0 0 0.0007237178485 0 0 0 0 0 0 0.0003619880758 0 0.004432973111 0.004109699217 0 0 0 0 0 0 0 0 0 0 0 0 0 0.004246518803 0 0 0 0 0.005407755187 0 0 0 0 0 0 0 0 0.004479765301 0 0 0 0 0 0 0.004227858023 0 0 0 0 0.004483508432 0 0 0 0 0 0 0 0 0 0 0 0 0 0 0 0 0 0.006308779064 0 0 0 0 0 0 0 0 0.004264862012 0 
0 0 0 0 0 0.004261337407 0 0 0 0 0 0.004454415558 0.006234524854 0.004317085901 0 0 0 0 0 0 0 0 0.006269659485 0 0.004199796404 0 0 0 0.004254470021 0 0 0 0 0.0005551340016 0 0 0 0 0 0.004480294358 0 0 7.079313446e-05 0 0 0 0 0 0 0.0005203617889 0 0 0 0 0 0.0008011093507 0 0 0.004502668209 0 0 0.00438388538 0 0 0 0 0.004350455907 0 0 0.004485847718 0 0 0 0.004417941389 0 0 0 0 0 0.004420414516 0 0 0 0 0 0 0 0.004303083855 0 0 0 0 0 0 0 0 0 0 0 0.004141917066 0 0 0 0 0 0.0007721168878 0 0 0 0 0 0.004495050445 0.004240971349 0 0.004289072951 0 0.0004536443994 0 0 0 0 0 0 0 0 0 0.004345834093 0 0.0004955550093 0 0 0 0 0 0 0.004309240708 0 0.004208139105 0 0 0 0 0 0 0 0 0 0 0.004398559212 0 0 0 0 0 0 0 0 0 0 0.0003972562755 0 0.004414022839 0.0002402464078 0 0 0 0 0 0.004397207368 0.004385881446 0 0 0 0 0 0 0 0 0 0 0 0 0 0 0.004257910582 0.004238134404 0 0 0 0 0 0 0 0 0 0.004313632525 0 0 0 0 
0.004305787288 0 0.0039560006 0 0 0 0.004484381114 0 0 0.004517320216 0 0 0 0 0 0 0.004208925769 0 0 0 0 0.004438291456 0 0 0 0 0 0 0 0 0.006230499886 0.006146508411 0.004271120954 0 0 0 0 0 0.004209178571 0 0 0 0 0 0 0 0 0.004265668232 0 0 0.004268536727 0 0 0 0.004437556667 0.00625236477 0.004447243151 0 0 0.004434231842 0 0 0 0 0.004321135736 0 0.0006143118572 0 0.001790704966 0 0 0 0 0.006199264311 0 0 0 0 0.004514296413 0.006135765746 0 0 0 0 0 0 0 0 0 0 0 0 0 0 0 0 0.004343237743 0 0 0 0.004438390873 0.006165137292 0 0 0 0 0 0 0 0 0 0 0.004410842049 0.00225977915 0 0 0.004461573148 0 0.006148474509 0 0 0 0 0 0 0.004408295301 0.004303260545 0 0 0 0 0.004362860083 0 0 0 0 0 0 0 0 0 0.004525334387 0.00442189726 0 0 0 0 0 0 0 0.004393604195 0.004443700874 0 0 0 0 0 0 0 0 0 0 0 0 0 0 0 0.004391059313 0 0 0 0 0 0.00419760022 0 0 0.004231996397 0 0 0 0 0 0 0 0.004441837919 0 0 0 0 0.004338438119 0 0 0 0 0 0 0 0 0 0 
0 0 0 0 0.004411185415 0 0 0 0.004197262959 0 0 0 0 0 0 0 0 0 0 0.004213145608 0 0 0 0 0 0 0.004237056112 0.004489589907 0 0 0 0 0 0 0 0 0 0.001017558417 0 0 0 0 0 0 0.005741335674 0 0 0.004401279209 0 0 0 0 0 0 0 0 0 0.004195692778 0.004485250894 0 0.004415967771 0 0 0 0 0 0 0 0 0.004361124395 0 0 0 0 0 0 0 0 0 0 0 0 0.0005830524325 6.753387681e-05 0.004198046319 0 0 0 0 0 0 0 0 0 0 0 0 0 0 0.004282622511 0 0 0 0 0 0 0 0.004351363882 0 0 0 0.004383650176 0 0 0 0 0 0 0 0 0 0 0 0 0 0 0 0.004277549247 0 0 0 0 0 0 0.004216614921 0 0 0 0 0 0 0 0 0 0.004360700594 0 0 0 0 0.004250822627 0.004224546811 0 0 0 0 0.0004501336197 0 0 0 0 0 0 0 0 0 0 0 0 0 0 0 0 0 0.001293139542 0 0.001179800704 0 0 0 0.0003487633491 0 0 0.004210240046 0 0 0 0 0.0006805891924 0 0 0 0 0 0.000393813847 0 0.001610927539 0 0 0.004405596755 0 
0.00445349559 0 0 0.0007499789968 0 0 0 0 0 0.004465903889 0 0 0 0.004271089104 0 0 0.004259382523 0 0.004361221915 0 0.004346602284 0 0 0 0 0.004401155554 0 0.004302756948 0 0 0 0 0 0 0 0 0 0 0 0 0 0 0 0.004356459021 0 0 0.006000962048 0.004371241006 0 0 0 0.004404078429 0 0 0.002184715969 0 0 0 0 0 0 0 0 0 0.004433781444 0 0 0 0 0 0 0.004493785383 0 0.0002490011619 0 0.004325013463 0 0.004432972135 0 0 0 0 0 0 0 0 0 0 0.004219556699 0 0 0 0 0 0.0002209690461 0 0 0 0 0 0.004288831058 0 0 0 0.004376556229 0 0 0 0.0004405498866 0 0 0 0 0 0 0 0 0.0008157759146 0 0 0 0 0 0 0 0 0 0 0 0 0 0 0 0 0 0 0 0 0 0 0.005033848421 0 0.005259672618 0.004205576634 0 0.004352934156 0 0 0 0.004427713612 0 0 0 0 0 0.004269959417 0 0 0 0.0001078400142 0.004231271167 0 0.006080653606 0.004201505378 0 0 0 0 0 0 0 0 0 0.004348657415 0.004511095393 0 0 0.0004074497348 0 0 0 0 0.004347323761 0 0 0 0 0 0 0 0 0.004399345259 0 0 0 0 0 0 0.004437947708 0 
0 0.004424115868 0 0 0 0 0.004261902021 0.0001861365617 0 0.004292437464 0 0 0 0 0 0.00438358971 0.004257280796 0 0 0.004223567019 0.002533922462 0 0 0 0.004273990536 0 0 0 0 0 0 0 0 0 0 0 0 0 0 0 0 0.004365876517 0 0 0 0.00437473425 0 0 0.0006503957958 0 0 0.004329574449 0 0 0 0 0 0.004338382913 0.004219334382 0 0 0 0.0007063098751 0 0 0 0 0 0 0 0 0 0.004313518257 0 0 0 0 0 0 0 0.004346090761 0 0 0 0.004368347854 0.004521195693 0 0 0 0 0.004446656028 0.004304943633 0.005002871137 0 0 0 0.003884553466 0.004445897586 0 0.002198971827 0.0006756404786 0 0.004419593401 0 0 0 0 0 0 0.004446909214 0 0 0 0 0 0 0 0 0 0 0 0.002519703405 0 0 0 0.004343557109 0 0.004480675924 0 0 0 0 0.005147874911 0 0 0 0 0 0 0 0 0 0 0 0 0 0 0 0 0 0.004473878487 0 0 0 0.0006223170765 0 0.004525759312 0 0.004355735287 0 0 0 0 0 0 0 0 0 0 0 0 0 0.004319760816 0 0 0 0.004514993718 0 0.001983213925 0 0.004448574601 0 0 0.004410950044 0 0 0.001100708606 0.004222249237 0 0 0 0 0 0 0 0 0 0.004410502352 0 0 
0 0 0.004384059647 0 0.004330577756 0 0 0 0 0 0.004340248951 0 0 0 0 0 0 0 0 0.001218318487 0 0 0 0 0.004397618521 0 0 0 0 0 0 0 0.006233519009 0 0.004298896882 0 0 0 0 0 0 0 0 0 0 0 0 0 0 0 0 0 0 0 0 0.004499530324 0 0 0 0 0.004430009306 0 0 0 0 0 0 0 0 0 0 0 0 0 0.004416919305 0 0 0 0 0.006211934477 0.004357977691 0.0004357300273 0 0 0 0 0 0 0.0006334009356 0 0 0.004449320712 0 0.00605810713 0.004226208461 0 0.004869597255 0 0 0 0 0 0 0 0.005045922207 0 0.0004279137129 0 0 0.004415957931 0 0 0 0 0 0 0.004286511317 0 0 0 0 0 0 0 0 0 0 0 0 0 0.00447614393 0 0 0 0 0 0 0 0.006191418706 0 0 0.004316312432 0 0 0 0 0 0 0 0 0.004258056798 0.006027565855 0 0.004445897232 0 0 0 0 0 0 0.004322083811 0.004528882623 0 0 0.004494130676 0 0 0 0 0.004249569355 0.00443956924 0.002839668756 0 0 0 0 0 0 0 0 0 0 0 0 0.004510828917 0 0.00438663994 0.005717304861 0 0.004379391145 0 0 0 0 0 0.004462217099 0 0 0.004287007416 0 
0.004225882902 0 0 0 0.004478210965 0 0 0 0 0.005064783133 0 0 0.004279692101 0 0 0 0 0 0 0 0.004506894923 0.0004404443128 0 0 0 0 0.004227944127 0 0 0 0 0 0 0 0 0 0 0 0 0.004309844136 0 0 0.0009707338543 0 0 0 0 0 0.004396659147 0 0 0.004417002882 0 0 0 0.005223320004 0 0.004256135618 0 0 0 0.00439642641 0 0 0 0.004451591941 0 0.004342746678 0 0 0 0.0001523592715 0 0 0 0 0.006191584019 0 0 0 0.004205036097 0 0.004371300581 0 0.004399376357 0 0 0 0 0 0.004487112201 0 0 0 0.004352706737 0 0 0 0 0 0 0 0 0 0.004248169847 0 0.0005598015542 0 0.004244916768 0 0 0.005170306229 0 0 0 0 0.004264806701 0 0 0.0003380685848 0 0 0 0.004531705738 0.00451075409 0 0.004310625415 0 0 0 0.004231247101 0 0 0 0 0 0 0 0.004474959692 0 0 0 0.004331181625 0 0 0 0 0 0.004255532843 0 0 0.0005727251487 0 0 0 0 0 0 0 0 0.004340833302 0 0.004523550654 0 0 0 0 0 0.004245348755 0 0 0 0 0.004266836705 0 0 0 0 0 0 0 0 0 0 0 0 0 0 0 0 0 0 0 0 0 0 0 0 0 0 
0 0 0 0 0 0 0 0 0 0 0 0 0 0.004435822823 0 0 0.0006138684673 0.004265513904 0 0 0 0.004407916476 0 0 0 0 0 0 0 0 0 0 0 0.004509988367 0 0 0 0.004296584796 0 0 0 0.001034205839 0 0 0 0 0 0 0.004275729594 0 0 0 0 0 0 0.006352412474 0.004496656366 0 0 0 0.004432222202 0 0 0 0 0 0 0 0 0 0 0 0 0 0 0 0 0 0.004393764292 0 0 0 0.004343945446 0 0 0 0.004238384434 0 0 0 0.0005752887159 0.00436420911 0 0 0 0 0 0 0 0 0 0 0 0 0 0 0 0 0 0 0 0 0 0 0 0 0 0 0 0 0.004242810421 0 0 0 0.004284837513 0 0 0 0 0.004462620328 0 0.004328790505 0 0 0 0 0 0 0 0.0043488831 0 0 0 0 0 0 0 0 0 0 0 0 0 0 0 0 0 0 0 0 0 0 0 0 0.005240831812 0 0 0 0 0 0 0 0 0 0 0 0 0 0 0 0 0.001126525289 0.004205545806 0 0 0 0 0 0 0 0 0 0 0 0 0 0 0 0 0.004221042064 
0 0 0.0008108088009 0.004234905287 0 0 0 0 0 0 0 0 0 0 0 0 0 0 0 0 0 0 0 0.004272218524 0 0 0.001652036485 0 0.004481212267 0 0.00423225822 0.004327543921 0 0 0 0 0 0 0 0 0 0 0 0 0.004511390266 0.004228210197 0.0006066969161 0 0 0 0 0 0 0 0 0 0 0 0 0 0 0 0 0 0 0 0 0 0 0 0 0 0.004356401529 0 0 0 0 0 0 0 0 0.004247533446 0 0 0 0 0.00426254386 0 0 0 0 0 0.0004990940563 0 0 0 0 0 0 0.004336127068 0.004202719665 0 0 0 0 0 0 0 0 0.004522573617 0 0 0 0 0 0 0 0 0 0 0.004383934488 0 0 0 0.003869660089 0 0.004474488792 0 0 0 0 0 0 0 0.004361526914 0 0 0 0 0 0 0.0003666317891 0 0.004440434402 0 0 0.006260734518 0 0 0 0 0 0 0 0.004305025993 0 0 0 0 0 0 0.004250063761 0 0 0.004451715957 0 0 0 0 0 0 0 0 0 0 0 0 0.004451598181 0 0 0 0.0006304560958 0.004202860147 0 0 0 0.0003203577722 0 0 0 0.0001774880757 0 0.004461430811 0 0 0 0.004298521303 0 0 0 
0 0 0 0 0.0006884770077 0 0.0005106260371 0 0 0 0 0 0 0 0 0 0 0 0.000368235946 0 0 0 0.004449542056 0 0 0 0 0 0 8.821100566e-07 0 0 0 0.006052633422 0 0 0 0 0 0 0 0 0 0 0.004242207401 0 0 0 0 0 0 0.0007476245236 0 0.004247195131 0 0 0 0.0002904237599 0 0.004509414438 0 0.004477713287 0 0.004240554792 0 0.004257148001 0 0 0 0.00452753483 0 0 0.00437260719 0 0.004280339214 0.00440296657 0 0 0.002871643093 0 0 0.004424094004 0 0 0 0 0.004429980473 0 0 0.002600213803 0 0 0 0 0 0 0 0 0 0 0 0 0 0 0 0.004501853985 0 0 0 0 0 0 0 0 0 0 0.004508572684 0 0.004483810178 0 0 0 0.001103453517 0.0003015695706 0 0 0 0 0 0 0.004228856599 0 0 0 0.005375842454 0 0.005231889579 0 0 0 0.006218534448 0 0 0 0 0 0 0 0 0 0 0 0.004508409955 0.004371601283 0 0 0.004191595926 0 0 0.004384570029 0 0 0 0 0 0 0 0.004287983739 0 0 0 0 0 0 0 0 0.0042923974 0 0 0 0 0 0 0 0 0 0 0 0 0 0 0 0 0 0 0 0 0 0.0006754016754 0.004197963783 
0 0 0 0 0 0 0.004206081929 0 0 0.004212870332 0 0.004366849659 0 0.004355413717 0 0 0 0 0 0 0 0.004295664857 0 0 0 0 0 0.006244530079 0 0 0 0 0 0 0 0 0 0 0 0 0 0 0 0 0 0 0 0.00431841636 0.004469032867 0 0 0 0.004211887923 0.004297164719 0 0 0 0 0 0 0 0 0 0 0.004520650086 0 0 0 0 0.004521592807 0.006315262124 0 0.004354781874 0 0.004332674954 0 0.004319268781 0 0.006142538214 0 0 0 0 0.004432798962 0 0 0 0 0 0 0 0 0 0 0 0 0 0 0 0 0 0 0 0 0 0 0 0 0 0 0 0 0 0 0 0 0 0 0 0 0.004327774284 0 0 0.004197989302 0 0 0 0 0.004198131831 0 0 0 0 0 0 0 0 0 0 0.0001155879437 0 0 0.004307398124 0.006169009401 0 0 0 0 0 0 0 0 0 0.001096176731 0.004503174018 0 0.0004784575689 0.003560762258 0 0.004458033661 0.004485022488 0 0 0 0 0 0 0 0 0.004507938719 0 0 0 0.004283956347 0 0 0.004397230133 0.004256051955 0 0 0 0 0 0 0.004362563314 0 0 0 0 0 0 0 0 0 0.0005868801402 0 0.004460580974 0 0.00440834789 0 
0 0 0 0 0 0.004437353275 0.004285878796 0 0 0 0 0 0 0 0 0 0 0.004426749718 0.0001488967283 0 0 0 0 0 0 0 0 0 0 0 0.004245203188 0 0 0 0 0 0 0 0 0 0 0 0 0.004220172165 0 0.004337268134 0 0 0 0 0 0 0 0 0 0.004331468921 0 0 0 0.004523545963 0 0 0 0 0 0 0 0 0 0 0 0 0 0 0.004361722662 0 0 0 0.004446856732 0 0 0 0 0 0 0 0 0 0 0.0001256776106 0 0 0.004420628223 0 0 0 0 0 8.124976103e-05 0 0 0 0 0 0 6.847871122e-05 0.004439067827 0 0 0 0 0 0 0 0 0 0 0 0 0 0 0 0 0 0 0 0 0 0 0.004481933933 0.004468012497 0.004503903345 0 0 0 0 0 0 0 0 0 0 0 0 0.004395319478 0 0 0 0 0 0 0 0.006103206777 0 0 0 0 0 0.0006553678147 0 0 0 0 0 0 0 0 0 0 0 7.124352332e-05 0 0 0.004336378138 0 0 0.004249024659 0 0 0 0 0.0005956670893 0 0 0 0 0.004231350661 0 0 0 0 0 0 0 0 0.004465784672 0 0 0 0 
0 0.004297332532 0 0 0 0 0 0 0 0 0 0 0 0 0 0 0 0 0 0 0 0 0 0 0 0.005477003544 0 0 0 0 0 0 0 0 0 0 0.004387057584 0 0 0 0.004205238662 0 0 0 0 0 0 0 0 0 0.0006577819839 0 0.004319415718 0 0 0 0 0 0.001771514903 0 0 0 0 0 0 0 0 0 0 0 0.004375475025 0 0 0 0 0.004274718658 0 0 0 0 0 0 0.001625993628 0 0 0 0 0 0 0 0.004514341731 0 0 0 0 0 0.004413297463 0.004323977329 0.004454151959 0 0 0 0 0.004348897463 0 0 0.0003100691078 0 0 0.0004653406782 0 0 0.004497294301 0 0.0009585157572 0 0.006268416708 0 0.004389097436 0 0 0.004232393713 0 0 0 0 0 0 0 0 0 0.004214828684 0.004261743084 0.004207562336 0 0 0.004381051994 0 0 0 0 0 0 0 0 0 0.004338296118 0 0 0.005963312963 0 0.003335983464 0 0.0003338399616 0 0 0.0002248580249 0.004417021283 0 0 0 0 0 0 0 0 0.004289872644 0 0 0 0 0 0 0 0 0.004483909869 0 0 0 0 0 0 0.001880374366 0 0 0 0 0 0 0.004433524026 0 0 0 0 0 0 0.000515463939 0 0 0 
0 0 0 0 0 0.004385495996 0.004214669586 0 0 0 0 0 0 0 0.004208421977 0 0 0 0 0 0 0 0 0 0 0 0 0 0 0 0 0 0.003485320159 0 0 0 0.004279573732 0 0 0.0005621776267 0 0 0 0.004403211922 0 0 0.004459983597 0 0 0 0 0 0 0 0.004357679923 0 0.004463934157 0 0 0 0 0.004272975131 0 0 0 0 0 0 0.004328043954 0 0 0 0 0.004381637218 0 0 0 0 0 0 0 0 0 0.0003319697149 0.004200448302 0 0 0 0 0 0 0.004222639101 0 0 0 0 0 0 0 0 0 0 0 0 0 0 0 0 0 0 0 0 0 0.004443133394 0 0 0.004504064097 0 0 0 0 0 0 0 0.004295512607 0 0 0 0 0.003576124417 0 0 0.004450140519 0 0 0 0 0 0 0 0 0 0 0 0 0 0.00432911334 0 0 0 0 0 0 0 0.004474946967 0 0 0 0 0.004440486292 0 0 0 0 0 0 0 0 0 0 0 0 0 0 0 0 0 0 0 0 0 0 0 0 0 0 0 0 0 0 0 0 0 0 0 0.0009981684028 0 0 0 0 
0 0 0.001315852361 0 0 0 0.004447568439 0 0 0.004371483832 0 0.00428364446 0 0 0 0 0 0 0.004443889276 0 0 0.004289057372 0 0 0 0 0 0 0.004255024935 0 0 0 0 0 0 0 0 0 0 0 0 0 0 0 0.004436097607 0 0 0 0 0 0 0 0 0 0 0 0 0 0 0 0 0 0 0 0 0 0 0 0 0 0 0 0 0 0 0.004324256584 0 0 0.004343300528 0 0.004489594284 0 0 0 0 0 0 0 0 0 0 0 0 0 0 0 0 0.004439364853 0 0.004523721491 0 0 0.001222803546 0 0 0 0 0 0 0 0 0 0.004343179901 0 0.004421032209 0 0 0.004416776062 0 0 0 0.0003792287231 0 0 0 0 0 0.001045392035 0 0 0 0 0 0 0.006061807849 0.004221758959 0 0 0.004477566305 0 0 0 0 0 0 0 0 0 0 0 0.004532312959 0 0 0 0 0.004229538707 0 0 0 0 0 0 0 0 0 0 0 0 0.004213206237 0 0 0 0 0 0 0 0 0 0 0 0 0 0.000154872049 0 0 0.0008580255545 0.004443442531 0 0.000458247277 0 0 0 0 0 0 0 0 0 0 0 
0.004288815715 0 0 0 0.004283812628 0 0 0 0 0 0.004316603571 0 0 0 0 0 0.0006583698504 0 0 0 0 0 0 0 0.004424070968 0 0 0 0 0 0 0 0 0 0 0 0 0 0 0 0 0.004459830222 0 3.272528166e-05 0.004363374694 0 0 0 0 0 0 0 0.00612345344 0 0 0 0 0 0 0 0 0 0 0 0 0 0 0 0 0 0 0.005497729073 0 0.004315100846 0.004417689668 0.004275157895 0 0 0 0.004525100744 0 0.004268803757 0 0 0 0 0.00432220091 0 0.004339574102 0.004525877515 0 0 0.004248756478 0 0.004298156777 0 0 0 0.00430165615 0 0.004324597912 0 0 0.004236908305 0 0 0 0 0 0 0 0 0 0 0 0 0.006139316612 0 0 0 0.004382024548 0 0 0.004341643636 0 0 0 0 0 0 0 0 0 0 0 0 0 0 0 0 0 0 0 0 0 0 0 0 0.004225580182 0 0.00428782043 0 0 0 0.004386739874 0 0 0 0.004240007626 0 0 0 0 0 0.004457989564 0 0 0 0 0 0 0 0.006018212903 0 0 0 0 0 0 0 0 0 0 0 0 0.004214113388 0 0 0 0 0 0 0 0 0 0 0 0 0 0.004320698923 
0 0 0 0 0 0 0 0 0 5.705586148e-05 0 0 0.004350554902 0 0 0 0 0 0.004301026431 0 0 0 0 0 0 0.004517574514 0 0 0 0 0 0 0 0 0 0 0 0 0 0 0.004429735306 0 0 0.004287737532 0.004268769864 0.004471602281 0.004295154902 0 0 0.004437867106 0 0 0 0 0 0 0 0 0 0 0 0 0 0 0 0 0 0 0.004505610915 0 0.004334616698 0 0 0 0 0 0 0 0.004286932919 0 0 0 0 0 0 0 0 0.004247174792 0 0 0.004486759677 0 0 0 0 0 0 0 0 5.99116766e-05 0 0 0 0.005417466668 0 0 0.004456879936 0 0 0 0 0 0 0 0 0 0 0 0.0003174911353 0 0 0 0 0 0.0003789023555 0 0 0 0 0 0 0 0 0.0002968029362 0.004360725228 0 0 0 0 0 0 0.0003582069424 0.004221411606 0 0 0 0 0.004223332855 0 0 0 0 0 0 0 0 0 0.004486983583 0 0 0 0 0 0 0 0.000714168467 0 0 0.005143530541 0.004278087953 0.004321358027 0 0 0 0 0 0 0 0 0 0 0 0 0.004403411019 0 0 0.004365147592 0.004265206872 0 0 0 0 0 0.00419286705 0 0 0.0044451875 0 0 0 
0 0 0 0.004439509389 0 0 0 0.004527912953 0.0002313929063 0 0.004352535036 0 0 0 0.00445809837 0 0 0 0 0 0 0 0.004332300544 0 8.328561496e-05 0 0 0 0 0 0 0 0 0 0 0 0.001015819617 0 0 0 0 0 0 0 0 0 0 0 0 0 0 0 0 0 0 0 0.004449324042 0 0 0 0 0 0 0 0.004405767933 0.004451366758 0 0 0 0.0003634261386 0 0 0 0.004388485169 0.004119414007 0.004225772555 0 0 0 0 0 0 0.006215953806 0 0 0 0 0 0 0 0 0.004397557945 0.004407461403 0 0.0002595186311 0.006339014894 0 0.004405742718 0 8.489592384e-05 0 0 0 0 0 0 0 0 0.004400518597 0.004254702845 0.004532964543 0 0 0 0.0003927554803 0 0 0 0 0 0 0 0 0 0 0 0 0 0 5.15940929e-05 0 6.677261976e-05 0 0 0.006065669394 0 0 0 0 0 0 0 0 0.0004613080406 0 0 0.001169491573 0.006308412802 0 0 0 0 0 0 0.004418530788 0 0 0 0 0 0 0 0 0 0 0 0 0 0 0 0 0 0 0.004532601139 0 0 0 0 0 0 0 0 0 0 0 0 0 0.004383293704 0 0 0 0 0 0 0 0 0.004300641014 0 0.001185177998 0 
0 0.004236416583 0.00438457192 0 0 0 0 0 0 0 0 0 0 0.004270186606 0 0 0.004407959634 0 0 0 0 0 0.004298373205 0 0 0.00450746857 0 0 0 0 0 0 0 0.00439943727 0 0.0008623697206 0 0 0 0 0 0 0.004217435318 0.0007043101325 0 0 0 0 0 0 0.004345546912 0 0 0 0 0 0 0 0 0 0 0 0 0 0.0005469725239 0.004260686573 0 0.004265481621 0 0 0 0.004378368047 0.004467344449 0.00449221323 0 0 0 0 0.004266704609 0 0.004215438683 0 0 0 0 0 0 0 0.0006895256239 0 0 0 0 0 0 0 0 0.004309882328 0.0002242807067 0 0 0 0 0 0 0 0 0.004327067099 0 0 0 0 0.004484250443 0 0.00425338148 0 0.004526051158 0 0.004374578822 0.004417265629 0 0 0 0 0 0 0 0 0 0 0 0 0.006288507424 0.001557680564 0 0 0 0 0 0 0 0.001209908015 0 0 0.004468150922 0.0003754793032 0 0 0 0 0 0 0.006323177487 0 0 0 0.004190459754 0 0 0 0 0 0 0 0 0 0 0 0 0 0.005276428257 0 0 0 0 0 0 0 0 0.004375548193 0 0 0.004316489641 0 0 0 0.004235628125 0 0 0 0 0 0 0 0 0 0 0.004891110377 0 0 
0 0 0.004390026157 0.004350525396 0 0 0 0 0 0 0 0 0.006338210297 0 0 0.00444590297 0.004527976217 0 0.002071534083 0.004202922736 0.004237302255 0 0.006241931237 0 0 0 0 0 0.006263866247 0 0 0 0 0 0 0 0 0 0 0 0.004286901361 0 0 0.004287063584 0 0 0 0.004429937246 0 0 0 0 0 0 0 0.0006523262688 0 0 0 0 0 0 0 0 0.004234543398 0 0 0 0 0 0 0 0 0 0 0 0 0.0004142040496 0 0.004393846521 0 0 0 0 0 0 0 0 0.001201867356 0 0.0002408152355 0 0 0.006102681438 0 0 0 0 0.004512979604 0.004344103738 0.004434913544 0.004471906568 0.0007446932978 0 0 0 0 0 0.004333056266 0 0 0.00424578355 0 0.004464080423 0.0002439055641 0 0 0.004316754091 0 0.001529812605 0.00423514565 0 0 0 0.001159797848 0.004246590364 0 0 0 0 0 0 0 0 0 0 0 0 0 0 0 0 0 0 0 0 0.004339410672 0 0 0 0 0 0 0 0 0 0 0 0 0 0 0 0 0 0 0.004252746544 0 0 0 0 0 0.002938689053 0 0 0 0 0.00433002816 0 0.004292930486 0 0.0003589781242 0 0 0 0 0 0 0 0 0 0 0 0 0 0 0 0.000112730364 0 0 0.004477207082 
0 0 0 0 0 0 0 0 0 0 0 0 0 0 0 0.004468355479 0.004467692532 0 0 0 0 0 0 0 0 0 0 0 0.004448431283 0.005173678854 0 0 0 0 0 0 0 0 0 0.004364016965 0.004460745869 0 0 0 0 0 0 0 0 0 0 0 0 0.004512956481 0 0.0006836347163 0 0 0 0.005230376943 0.004223860251 0.004432533779 0 0.0003411169736 0.004303752262 0 0 0 0 0 0 0 0.006253007133 0 0 0 0.004519030948 0.006407145035 0 0.004321165567 0.004256325302 0 0 0 0.004332951114 0 0 0 0 0 0 0 0 0 0 0 0 0 0.0008846073158 0 0 0 0 0.000407427006 0 0.004412611736 0 0 0 0 0 0 0 0 0 0 0 0 0 0 0 0 0.004494897816 0 0 0 0 0 0 0 0 0 0 0 0 0 0 0 0.002558733034 0.0002110850945 0 0 0 0 0 0 0 0 0 0.004190469809 0.004520793592 0 0 0 0.004312917571 0 0 0 0 0 0 0.004374762403 0 0.004506299545 0 0 0 0.004380331362 0 0 0 0 3.634809984e-05 0 0 0 0 0 0.0005065805405 0 0.004525703752 0 0 0 0.004236830534 0.005031897326 0 0 0 0 0.004526212376 0 0 0 0 0.004517276634 0.004308909809 0 0 0 
0 0 0 0 0 0.004344788558 0 0 0.004508579825 0.001037841776 0 0 0 0.006304255915 0 0.006246335639 0 0 0 0.004515016955 0 0 0.006120940754 0 0 0 0.005053403394 0.004530388555 0 0 0 0 0 0 0 0 0 0 0 0.004412070198 0.004287709251 0 0 0.004404348068 0 0 0 0.004269948624 0 0 0 0 0 0 0 0 0 0 0 0 0 0.004330904415 0 0.004282611882 0 0 0 0 0 0 0.004520793813 0.004510099817 0 0 0.004377005212 0 0 0 0.004255017409 0 0.0006620056167 4.721522149e-05 0 0 0.00449282596 0 0.00450800964 0 0 0 0.00746193255 0 0 0 0.004469773116 0 0.004351637772 0 0 0 0 0 0 0 0.0002419644619 0 0 0 0 0 0 0.004442732796 0 0.0008683418747 0 0 0 0 0 0 0 0 0 0 0 0.004342035593 0 0 0 0 0 0 0 0.0004816990798 0 0.004521537407 0 0 0 0 0.0003808514903 0 0 0 0 0 0 0 0 0 0 0.004512762799 0.004522342105 0.004190551899 0 0 0 0 0.0043052162 0 0 0 0 0.004342159169 0 0 0.0005563506615 0 0 0 0 0 0 0 0 0 0 0 0 0 0 0 0 0 0 0 0 0 0 0 0 0 0.006197101323 0 0.004294816089 0 0.004424552947 0.004250358839 0 0 
0 0 0 0 0 0 0.004233978846 0 0 0 0 0 0 0 0 0 0 0 0 0.006366119881 0 0 0 0 0 0 0 0 0 0.00433804127 0 0.004444950308 0.00123651474 0.004471534187 0 0 0.006106857307 0 0 0 0 0 0 0 0 0 0.004495043316 0.00451517137 0 0.004334048529 0 0 0 0 0 0 0 0 0 0.005058266887 0 0 0 0 0 0 0 0 0 0 0 0 0 0.001435851306 0 0 0 0 0 0.00608366559 0.001159177997 0 0 0 0 0 0 0 0 0.004448707356 0 0 0 0 0 0 0.00428174151 0 0 0 0 0 0 0 0 0 0 0 0.004305839577 0 0 0 0.004268508871 0.004336601424 0 0 0 0 0 0 0.004199806825 0.00449836735 0.004417783575 0 0 0 0 0 0 0 0 0 0.004226054333 0 0.0002546257589 0 0 0 0 0 0 0 0 0.005006020438 0 0 0.004307319345 0.004230149853 0.004253083356 0 0.0003436914829 0 0 0 0 0 0 0 0 0 0 0.004401603172 0 0 0 0 0 0 0 0 0 0 0 0 0.004319534031 0.004314811915 0 0.004289922801 0 0 0 0.004308229624 0 0 0 0 0 0 0 0.000809462793 0 0 0 0 0 0 0 0 0 0 
0 0 0 0.004452915766 0 0 0 0.0009957576018 0 0 0 0.004404382233 0 0 0 0 0 0 0.00441946938 0 0 0 0 0 0 0 0 0 0 0.00450797363 0 0.004423229465 0 0 0 0 0 0 0 0.00443045087 0 0 0.004507548477 0 0 0 0 0 0.004373643486 0.004379268328 0 0 0 0 0 0.004338208845 0 0 0.0008925474654 0 0.006018398238 0 0 0 0 0 0 0 0 0 0.004390505986 0.00442097373 0 0.004407812648 0 0 0 0 0 0 0 0 0 0 0 0 0 0 0 0 0 0.004503618217 0 0 0 0 0.006142072912 0 0 0 0 0 0 0.002147340901 0 0 0.006189121396 0 0 0 0.004931556313 0 0.004461289976 0 0 0 0 0 0 0.004217524716 0 0 0 0 0 0 0 0 0 0 0 0 0.004205262878 0 0.004228039409 0 0.004518626371 0 0 0 0 0 0 0 0.004392283022 0 0 0 0 0.004340880388 0 0 0 0 0.00426057673 0 0 0 0 0 0 0.00434353206 0 0 0 0 0.000143538309 0 0 0 0 0 0 0 0 0 0 0.004491871963 0 0 0 0 0 0.004286397809 0 0 0 0 0 0 0 0 0 0 0 0 0 0.004244156705 0.004524414503 0 
0 0 0.004474571567 0.004415442672 0 0 0 0.004393338968 0 0.004310065934 0 0 0 0 0 0 0.004519662996 0 0 0 0 0.004329962537 0 0 0 0.004519683801 0 0 0.0008440350255 0.004324365136 0 0.004475729988 0 0 0 0.00433583561 0 0 0 0 0 0 0 0 0 0.004487641951 0 0 0.004343465496 0 0.004294226448 0 0 0 0 0 0 0 0 0 0 0 0 0 0.004436542061 0 0 0.004500451525 0 0 0 0.0005192541991 0 0 0 0 0 0 0.004281168958 0.004491072737 0 0.004527879936 0.006164554934 0 0 0 0 0 0 0.0001104860889 0 0.006113972893 0 0 0 0 0 0 0 0 0 0 0 0 0 0.005192387688 0 0 0.0006642553775 0.004194530481 0 0 0 0.004413645337 0 0 0 0 0 0 0 0 0 0 0 0 0 0 0.00420341208 0 0 0 0 0 0 0 0 0 0 0.004395663336 0 0 0.004337212879 0 0.004496871316 0 0 0.004308575773 0 0 0 0 0 0 0 0 0 0 0 0 0 0.004265998323 0 0 0 0 0 0 0 0 0 0 0.004231315142 0 0 0 0 0 0 0 0 0 0 0 0 0 0 0 0 0 0.004365160121 0.004368820903 0.004490272113 0 0 0 0.0001776009122 0.004532240106 0 0 
0 0 0 0 0 0 0 5.712959995e-05 0.006142834744 0 0 0 0 0.004305308628 0 0.004427428757 0.004209865697 0 0 0 0 0 0 0 0.004486524633 0 0 0 0 0.004292787889 0 0 0 0 0 0.004485164376 0 0 0 0 0 0 0 0 0 0 0 0 0 0 0 0 0 0 0 0 0 0 0.004346576395 0 0 0 0.00438099469 0 0 0.006042689663 0 0 0 0 0 0.004263652462 0 0.004416614323 0.0005091949185 0 0 0 0 0 0 0 0 0 0 0 0 0 0 0 0 0 0 0.004273612635 0 0 0 0 0 0 0.004339061355 0 0.004513521833 0 0 0 0 0 0 0.004199547184 0 0 0 0 0 0 0 0.004467325768 0.001418601286 0 0 0.006347933033 0 0.004217825876 0 0 0 0 0 0 0 0.004279240006 0 0 0 0 0 0 0 0 0.004429850374 0.0006667094297 0 0 0 0.004213723705 0 0 0 0 0 0 0 0 0 0 0.0001094978576 0 0 0 0 0 0 0.004412589133 0 0 0 0 0 0 0 0 0 0 0 0.001021425151 0 0 0 0.004507247011 0 0 0 0 0 0 0 0.00419286696 0 0 0 0 0.002593861487 0.0004422956189 0 0.0007877487467 0 0 0 0.00434051877 
0 0.004370351655 0.0002672815071 0 0 0.004503334588 0.004359192863 0 0 0 0 0 0.004261854507 0 0 0.004251704011 0 0 0 0.004376365261 0 0 0 0 0 0 0 0.004343847656 0.0001804969249 0 0.004493323171 0.004453044801 0 0 0 0.004350556806 0 0.004508658377 0 0 0 0 0 0 0 0 0.004488470652 0 0 0 0 0 0 0 0 0 0 0 0 0 0 0 0 0 0 0 0.00424799018 0 0 0 0 0 0 0 0 0 0 0 0 2.227325033e-07 0 0 0 0 0 0 0.004215962963 0 0 0 0 0 0 0.006167681354 0 0 0 0 0 0.004424637819 0 0 0 0.004513025229 0 0 0 0 0 0 0 0 0 0 0 0.004494937589 0.004239106881 0.00424860676 0 0.002800911262 0.004301495969 0 0.004495604637 0 0 0 0 0 0 0 0.00427215862 0 0 0 0.006513959436 0 0 0 0.006101073278 0 0 0 0 0 0 0 0 0 0 0 0 0.00434863672 0 0 0 0 0.005192463199 0.004318597766 0.001677781611 0 0 0 0.004313471711 0 0 0 0 0 0 0 0 0.004243412473 0 0.004527580368 0.0003491828521 0.00748755071 0 0 0 0 0 0 0 0 0 0 0 0 0 0.00441837536 0 0 0 0 0 0 0 0 0 0 
0 0 0 0 0 0 0 0 0 0 0 0 0 0 0 0 0 0 0 0 0 0 0 0.004470576415 0 0 0 0 0 0 0 0 0.004266909616 0 0 0 0 0 0 0 0.004472282777 0 0 0.004520798269 0 0 0 0 0 0.0007058514634 0 0 0 0 0 0 0.004251022517 0 0 0 0 0 0 0 0 0 0.004242771925 0.004457134437 0 0 0 0 0 0 0.004383896825 0 0 0 0 0 0 0 0 0 0 0 0 0 0 0 0 0 0 0 0 0 0 0 0 0 0 0.004411438165 0 0 0.004216643994 0 0 0 0 0 0 0.00430497256 0 0 0 0 0.004339149547 0 0.007421225327 0 0 0.0006036193086 0 0.005307129856 0 0 0 0 0 0 0 0 0.004265739963 0.004458114379 0 0.004329089089 0 0 0 0.006136778883 0 0 0 0 0 0.005286870239 0 0 0 0.004239638955 0.004435612798 0 0.004384183977 0 0 0.005182494411 0 0 0.004461926686 0 0.004444553132 0 0.0042113614 0 0 0 0.005321325763 0 0 0 0 0.004263049659 0.004222185576 0 0 0 0 0 0 0 0 0 0 0.00427691932 0 0.004329122658 0 0 0 0 0 0 0 0.004486011798 0 0 0 0.006334067104 0 0 
0 0 0 0.004447935418 0.0009833217357 0 0 0.00171555973 0 0 0 0 0 0 0 0 0 0.004313270089 0 0.004340511039 0.0004327474583 0.00420742197 0 0 0 0 0 0 0 0 0 0 0 0 0 0 0.004412262173 0 0 0 0.004340849413 0 0 0 0 0.004496804401 0 0.004306672637 0 0 0 0 0 0 0.004276379465 0 0 0 0 0.00056483884 0.00422570724 0 0 0 0 0 0 0.004451536486 0 0 0 0.004501172631 0 0 0 0 0 0 0.004389655181 0 0 0 0 0 0 0 0 0 0 0.004528098637 0 0.004230239791 0 0 0 0 0 0 0 0 0 0 0 0.0002949668583 0.004371903891 0 0 0 0 4.742106654e-05 0 0.004331148303 0 0 0 0 0 0 0 0 0 0.004219406157 0 0 0 0 0 0 0 0 0 0 0 0 0 0 0 0 0 0 0 0 0 0 0 0 0 0 0 0 0 0 0 0 0 0 0 0 0 0 0 0 0 0.0002321579752 0 0 0 0 0 0 0 0 0.004200266825 0 0 0.004307067854 0 0 0 0.004525095117 0.004495985611 0 0 0 0 0 0 0.004258185649 0.004282449051 0 0 0 0.004469053617 0 0.00447957876 0.0001019501674 0.00432114304 0.0001474562172 0 0 
0 0 0 0 4.618761533e-05 0 0 0 0 0 0 0 0 0 0 0 0 0 0 0 0.004523795431 0 0 0.004477019067 0 0 0 0.00440297486 0 0 0 0 0 0 0 0 0 0 0 0.001951576635 0 0.00446971067 0.004219272599 0 0 0 0 0 0 0 0 0 0 0 0 0 0 0.00421344905 0.005304046726 0 0 0.004210077402 0 0 0 0 0.004358599272 0.004221087458 0 0 0 0 0 0.004216432896 0 0 0 0 0 0 0 0 0 0 0 0 0.001192170698 0 0 0 0 0 0 0 0 0 0.00446250745 0 0.006055687725 0 0.001539658892 0 0 0 0 0 0.0006263547611 0 0 0.00448704273 0 0 0 0 0 0 0.004259047773 0 0 0 0 0.004527587613 0.004494842601 0 0.004302750626 0 0.004333722835 0.004230706447 0 0 0.004507033431 0 0.006185793893 0 0 0 0 0 0 0.004518877639 0 0 0 0 0 0 0 0 0 0 0 0 0 0 0.004429663963 0 0 0 0.00156246025 0 0 0 0 0 0 0.006002609259 0 0 0 0.004481543212 0 1.060556614e-05 0.004461023214 0 0.004226446823 0 0 0 0 0 0 0 0.004520971733 0 0 0 0 0 0 0 0 0 0 0 0 0 0 0 0 0.004480522149 
0 0 0 0 0 0 0 0.004489361598 0 0 0 0 0 0 0 0 0 0 0 0 0 0 0 0 0 0 0 0.004492097969 0 0 0.004207044505 0 0 0.004246692386 0 0 0 0 0.001287056737 0 0 0.004298939632 0.004460633133 0 0.004348708876 0 0 0 0 0 0 0 0 0.00451467161 0 0 0 0 0 0 0 0 0 0 0 0 0 0 0 0 0 0.004482446133 0 0 0.0004715716522 0 0.004458365149 0.004409727783 0 0 0 0 0 0 0.004245793406 0.00434609767 0 0.004351422018 0 0 0 0 0 0 0 0 0.000752989484 0 0 0.004310626895 0 0 0 0 0.004353059625 0.000755991738 0 0 0.00434778381 0 0 0 0 0 0 0 0 0 0 0 0 0 0 0 0 0 0 0 0 0 0 0.004227036373 0 0 0 0.004356363862 0 0 0.006112466226 0 0 0 0 0 0 0 0 0 0 0 0 0 0 0.004347471529 0 0 0 0 0 0 0 0 0 0 0.0005600574776 0 0 0 0 0.004499081943 0 0 0 0 0 0 0 0 0.004463806441 0 0 0 0 0.004503414941 0 0 0 0 0 0 0 0 0 0 0.004453095051 0 0 0.004266623666 0 0 
0 0 0 0 0.00428261493 0 0.004337005615 0 0 0 0.001141009424 0 0 0 0 0 0 0.004435864226 0 0 0 0 0 0 0.004477062494 0 0 0 0 0 0 0 0 0.00438278941 0.004260777951 0 0.004245078082 0 0 0 0 0 0 0 0 0 0 0 0 0 0 0 0 0 0 0 0 0.004240181506 0 0 0 0 0 0.004447824084 0 0 0 0 0 0 0 0.00449136906 0 0 0 0 0 0 0 0 0 0.004281978706 0.004257516381 0 0 0 0 0 0 0 0 0 0 0.005551597861 0.000283732001 0.004458401432 0 0 0 0 0 0 0 0 0 0 0 0 0 0.004308127106 0.004282310613 0 0.0002426738088 0 0 0 0 0 0 0.0007234511192 0 0 0.005252799828 0 0 0 0.004435549711 0 0 0 0 0 0 0 0 0.004257259172 0.004495197677 0 0 0 0 0.004228079871 0 0 0.004399205417 0 0 0 0 0 0 0 0.004526338435 0.004231651715 0 0 0.004238020499 0 0.004200413575 0 0 0 0 0 0 0 0.004454576291 0 0.004525757299 0 0 0 0 0 0 0 0 0 0 0 0 0 0 0.004252238215 0 0 0 0 0 0 0 0.004309784866 0 0 0 0 0 0 0 0.004287314725 
0 0.004429134397 0 0 0 0 0 0 0.004474917152 0 0 0 0 0 0 0 0 0 0 0 0 0 0 0 0 0.004273477829 0 0 0 0 0 0 0 0 0 0.004421641021 0.004279614189 0 0 0 0 0 0 0 0 0 0 0 0 0 0.005341643782 0 0 0 0 0.004253330539 0 0 0 0 0 0 0 0 0 0 0 0.004418269843 0.004434825099 0 0.004326108336 0 0.00451382634 0 0 0.001168607722 0.00427449628 0 0 0 0 0 0 0 0 0.004392790185 0 0 0.004451915133 0 0 0 0 0 0 0 0 0 0.004219045151 0 0 0 0 0 0 0 0 0 0 0.004234109821 0 0 0 0 0 0 0 0 0 0 0 0 0 0 0 0 0.004223126826 0.004202413032 0 0 0 0.004498788238 0 0.004406196107 0 0 0 0.004303170265 0 0 0 0 0.004217725949 0 0 1.760311322e-05 0 0 0 0 0 0 0 0 0 0.001062364622 0 0 0.0043571664 0 0.004323489591 0.004477292489 0 0.004513645413 0 0 0 0 0 0 0.00432219631 0.004241005591 0 0 0 0 0.004204799938 0.004346815238 0 0 0 0 0 0 0 0.0006121391051 0 0 0 0 0 0 0 0 0 0 0 0.004344684255 0 0 
0 0 0 0 0 0 0 0 0 0.004268609112 0 0 0 0 0 0 0 0 0 0 0 0 0 0 0.006098202031 0 0 0 0 0 0 0 0 0 0 0 0 0 0 0 0.004473220886 0 0 0.001015497425 0 0 0.0006733485364 0 0 0 0.004459729403 0.0002485789151 0 0 0 0 0 0.006173491014 0 0.00445938001 0 0 0.001225606563 0 0 0 0 0 0 0.004414663471 0 0 0 0 0 0 0 0 0 0 0.004412624227 0 0 0 0 0 0.002414380412 0 0.004447744765 0 0 0 0 0.00446685905 0 0 0.004465495601 0 0 0 0 0 0 0 0 0 0 0 0 0 0 0 0 0.004347859121 0 0 0.004458165189 0.004498805282 0 0.001026242135 0 0 0 0 0 0 0 0.004409457868 0 0 0 0.004494576284 0.006062256063 0 0 0 0 0.004530760763 0 0 0 0 0 0.004232539306 0.004289978863 0 0.00422093888 0 0 0 0 0 0 0 0 0 0 0 0 0 0 0 0 0.006025354683 0 0.004219747407 0 0 0 0.004418214273 0 0 0 0 0 0 0 0 0 0.004416291256 0 0 0 0.004219496235 0 0.004242058533 0 0.006161120704 0.00424439825 0 0 0.0002576267039 0.004434210367 0.00125622865 0 0 0.000704701411 0 0 0 
0.004263284157 0 0 0 0 0 0 0 0.004281750644 0 0 0 0 0 0 0 0 0 0 0.004521633067 0 0 0 0 0 0.004238749343 0 0 0.0006230203746 0 0.00452114392 0 0 0 0.004265947793 0 0.004468597417 0 0 0 0 0 0 0 0 0 0.00430956124 0 0.004311506667 0 0 0 0.00447965694 0 0 0.00444311327 0 0.004488276873 0 0 0 0 0 0.004237584398 0 0 0 0 0.004195484518 0 0 0 0 0 0 0 0 0 0 0 0.004235668024 0 0 0 0 0 0 0 0.004227241371 0 0 0 0 0 0 0 0 0 0 0 0 0 0.004406310712 0 0 0.005330041892 0 0 0 0 0.00433479381 0 0 0 0 0 0 0 0 0 0 0 0 0 0 0 0 0.002129124164 0.004392731454 0 0 0 0 0 0 0.004433332799 0 0 0 0 0.004196793106 0 0 0.004369092231 0 0.004195128239 0.0007352973921 0 0 0 0.004519061457 0 0 0 0 0 0 0 0 0 0 0 0 0 0.004308312624 0 0 0 0 0 0.0008598628758 0 0 0 0 0.004348344972 0 0 0 0 0 0 0 0 0 0 0 0 0 0 0 0 0.004433094831 0.004392462689 0 0 0 0.004233414903 0.00427038079 0 
0 0 0.006130157351 0 0.0002447231251 0 0.004528823215 0 0 0 0 0 0 0 0 0 0 0 0 0 0 0 0 0.004362314177 0.004399768115 0 0 0 0 0 0.004205859411 0 0 0.004271872875 0.004436208983 0 0 0 0 0.004525329862 0 0.004478503683 0 0 0.004513772244 0 0 0 0 0 0.004279769458 0 0 0 0.004443303844 0 0 0 0 0 0 0 0 0 0 0 0 0.004445826766 0 0 0 0 0 0 0 0 0 0 0 0 0 0 0 0 0.000162326186 0 0 0 0.004495875652 0 0 0 0 0 0 0 0 0 0 0 0 0 1.782664224e-05 0.004200045279 0 0 0 0 0.006073435497 0 0 0 0 0 0 0 0 0.0001046118139 0 0 0 0 0 0 0 0.004351650186 0 0 0 0 0 0 0 0 0.004324842205 0 0 0 0 0 0.004303149537 0 0 0 0 0.004463718606 0 0.004501118825 0 0 0 0 0 0 0 0 0 0 0 0 0 0.004507604025 0.0007972552795 0 0 0 0 0 0 0 0 0.004355500412 0 0 0 0 0 0 0 0 0 0 0.004445869117 0 0.0005694774084 0 0 0 0.004338761928 0 0.004402363001 0 0 0 0 0 0 0.004203896595 0 0 
0 0 0.004272604455 0 0.004289652631 0 0 0 0 0 0.001422134719 0 0 0 0 0.004253767771 0.004197510579 0 0 0 0.004390046953 0 0 0 0 0.001226191572 0 0 0 0 0.004230267366 0.004199764725 0 0 0 0 0 0 0 0 0 0 0 0 0.006018396713 0 0 0 0 0 0 0 0 0 0 0 0 0 0 0 0 0 0 0.004271243744 0.004224940573 0 0 0 0 0 0 0.004417413574 0 0 0 0 0 0 0 0 0 0.005199894651 0.004278477371 0 0 0 0 0 0 0 0 0.0008981302031 0 0.001062132845 0 0 0 6.730223197e-05 0 0 0 0 0 0 0 0 0 0 0 0 0 0 0.004253612043 0 0 0 0 0.004250607033 0 0 0 0.004509884568 0 0 0 0 0 0 0 0 0 0 0 0 0 0.004325566956 0 0 0 0 0 0 0 0 0 0.004440105869 0 0 0 0 0 0 0 0 0 0 0.000382917025 0 0 0 0 0 0 0 0 0 0 0 0 0 0.004290867238 0 0 0 0 0 0 0 0 0 0 0 0 0 0 0 0 0 0 0 0.004195685019 0 0 0 0.004283159537 0 0 0 0 0.004330471992 
0 0 0 0 0 0 0 0 0 0 0.004207678083 0.004358314849 0 0 0 0 0 0 0 0 0 0.004379097498 0.004383787899 0 0 0 0 0 0 0 0 0 0 0 0 0.004311094972 0.004362144186 0 0 0.004457422618 0 0 0 0 0 0 0 0.006074783761 0 0 0 0 0 0 0 0 0.0008460703181 0 0 0 0.00423311316 0 0 0 0.004493784612 0.0001514050273 0.006319869147 0.004351451579 0.004425408492 0 0 0 0 0 0 0 0 0 0 0 0.004201446975 0 0.004443696752 0 0 0 0 0.004197909255 0 0 0 0 0 0 0 0.005279546094 0 0 0 0 0 0 0.004307393949 0 0.0003537743598 0 0 0 0 0 0.004511674139 0.004508785157 0.006010069965 0.004499539444 0 0 0 0 0 0 0 0 0 0 0 0.004461900579 0 0 0.004197802204 0 0 0 0 0 0 0 0 0 0 0 0 0 0 0 0 0 0 0 0.004510855538 0 0.00616233839 0.004287747732 0 0 0 0.004344571956 0 0 0 0 0 0 0 0 0 0.004469933439 0 0 0.00617730392 0.004454693421 0 0 0 0 0 0 0.004442498116 0 0 0 0 0 0 0.004209304739 0.004204578518 0 0 0 0.004354424624 0 0 0 0 0 0 0 0 0 0 0.004353545065 
0 2.54067221e-05 0 0.00447092853 0.002469385912 0 0 0 0 0 0 0 0.004274308626 0 0.004337223443 0 0 0 0 0 0 0.004334679924 0 0.0004945090768 0 0.004520860998 0 0 0 0 0 0 0 0.004208338699 0 0 0 0 0 0 0.0001772905671 0 0 0.0004376302064 0 0 0 0 0 0 0.004361686466 0 0 0 0 0 0 0 0 0 0 0.004217268292 0 0 0 0 0 0 0 0.0043703002 0 0 0 0 0.004473577214 0 0 0.004517835574 0 0 0 0 0 0 0 0 0 0 0 0 0 0 0 0.004269644531 0 0 0 0 0 0 0 0 0 0 0 0.004395858096 0 0 0 0 0 0 0 0 0 0 0 0.004337998865 0 0.004508721782 0 0 0 0 0.004373969407 0 0 0 0 0 0 0.00439818931 0 0 0.004525929033 0 0 0 0 0.00426665117 0 0 0.006272625778 0 0 0 0 0.004340362128 0 0 0.004468261617 0 0 0 0 0 0 0 0 0 0 0 0 0 0 0.004280081025 0 0 0 0 0 0 0.004488795763 0.00443117537 0 0 0.004458209618 0 0 0 0 0 0.004214647876 6.177573267e-05 0.004295207271 0 0 0 0 0 0 0 0 0 0 0 0 0 0 0 
0 0 0 0 0.004475256794 0 0 0 0 0 0 0 0 0.004287155144 0 0 0 0 0 0 0.004271078093 0.0001869571382 0 0 0 0.0003463038932 0 0 0.004241523716 0 0 0 0 0 0 0 0 0 0 0 0 0.004443688431 0 0 0 0 0 0 0 0 0 0.004234100974 0 0 0 0 0 0 0 0 0 0.0007081221236 0.0007535294591 0 0.00517906093 0 0 0 0.004194831109 0 0 0 0 0 0 0.006089128038 0 0 0.006082269961 0 0.0007731832961 0 0 0.004351673965 0 0 0 0 0.007488959116 0 0 0 0 0.004219952165 0 0 0 0 0.004278415037 0 0.004502565566 0 0 0.006014991976 0.004438397131 0 0 0 0 0.00429187717 0 0.004524862443 0 0 0 0.004341518897 0 0 0 0 0 0 0 0 0.0001974801435 0 0 0.004339003184 0 0 0 0 0 0 0 0 0 0.004299727919 0.001346287283 0 0.006041179652 0 0 0 0 0 0 0 0 0.0002169588919 0 0 0 0.004457038595 0 0 0 0 0 0 0 0 0 0 0.004207519979 0 0 0 0 0 0 0 0.004268888608 0 0 0 0 0 0 0 0.0004627248064 0 0 0 0 0 0 0 0 0 0 0 0 0 0 0 0 0.004429364385 0 0 
0.0004856347059 0 0 0 0 0 0 0 0 0 0 0 0 0 0 0 0 0 0.004508414966 0 0 0.004225822433 0 0 0 0.004513298257 0 0 0 0 0 0 0.004299443602 0 0 0 0.004407610324 0.00422605141 0 0 0 0 0 0 0 0 0 0 0.004251613086 0 0 0.00425569191 0 0 0 0 0 0 0 0 0 0.004436313507 0 0 0 0 0 0 0 0 0.004371883655 0 0 0 0 0.004398775254 0 0.001675940751 0 0.004474548562 0.004300058669 0 0 0 0.004243073558 0.004289427378 0 0 0 0 0 0 0 0 0 0 0 0 0.004214710296 0 0.004233845835 0 0 0 0.004216873217 0 0 0 0 0 0 0 0 0 0 0 0.004405161974 0 0.0006256184002 0 0 0 0 0.004466686354 0 0 0 0 0 0 0 0 0 0 0.004523173747 0 0.004442743269 0 0 0 0 0 0 0.004345632896 0 0 0 0.004219731131 0 0 0 0.0001370111228 0 0.004518932719 0 0 0.004291543938 0 0 0 0 0 0.004403334616 0.004305101207 0 0 0 0.0008867502288 0 0 0.006211392235 0 0 0.004385260544 0 0 0 0.004313484767 0 0 0 0 0 0 0 0 0 0 0 0 0 0 0 0.0009685707319 0 0 0 0 0 0.004470999797 
0 0 0 0 0 0 0 0 0 0 0 0 0.004291965757 0 0 0 0 0 0 0.004482607858 0 0 0.004027532994 0 0.004453636246 0 0.006086218065 0 0 0 0 0 0 0 0.004262591312 0 0 0 0 0.004284997876 0 0 0 0 0 0 0 0 0 0 0 0.004199651667 0.004345022447 0 0.004359707283 0 0 0 0 0 0 0 0 0 0 0 0 0 0 0 0 0 0 0 0 0.0009395098915 0 0 0 0 0 0.004384806881 0 0 0 0 0 0 0 0 0 0 0 0 0 0 0 0.004255983027 0 0 0 0 0 0 0 0 0 0 0 0 0.002011873646 0 0 0 0 0 0 0 0 0 0 0.004304937822 0.004501497604 0 0.004372401361 0.004368738959 0 0 0 0 0 0 0 0 0 0 0.00448488697 0 0 0 0 0 0 0 0 0 0 0 0 0 0 0 0 0 0 0 0 0 0 0 0 0.00436095959 0.004288591034 0 0 0.00426856509 0 0 0 0 0 0 0 0 0 0 0 0.004464798404 0 0 0 0 0 0 0 0 0 0.004490964284 0 0 0 0 0.004190390131 0 0 0 0.004210463649 0.004304353256 0 0 
0.004212658185 0 0 0 0 0 0 0.004376371847 0 0 0.004273088189 0 0 0 0 0 0 0 0 0 0.004466886461 0.00059880178 0 0 0 0 0 0 0 0 0 0 0 0 0.0006707431099 0 0 0 0 0 0 0 0 0 0 0 0 0 0 0.004283389021 0 0 0 0 0 0 0 0 0 0 0 0 0 0 0 0 0.004245507602 0.00618812188 0 0.0001259477266 0 0 0.004262269691 0.004345181475 0 0.00049819805 0 0 0 0.006015663112 0 0.0006806196714 0 0.004388777906 0.004465354324 0 0 0 0 0.004468442429 0 0.004442571851 0 0 0 0 0 0 0.006475394856 0 0 0 0 0 0 0 0 0 0 0 0 0.004372920916 0 0 0.0009623784497 0 0 0.006147583473 0 0.004360049623 0.001213191737 0 0 0 0 0 0 0 0 0 0 0 0.004470373999 0 0 0 0 0 0 0 0 0 0 0 0 0.004365295983 0 0.004270597295 0 0 0 0 0 0 0 0 0 0.002884230028 0 0 0 0.00432796382 0 0 0 0 0 0.004405954692 0 0 0 0.004220803034 0 0 0.00423725289 0.004502949364 0 0 0 0 0.0005684492181 0 0 0 0 6.33226795e-05 0 0 0 0 0.004458409619 0 0 0 0.00420061077 0 0.00435710553 0 0.004255791438 0 
0.004233109779 0 0 0 0.0002810893561 0 0 0 0 0.00428350069 0 0 0 0 0 0 0 0 0 0 0 0 0.004199534847 0 0 0 0 0 0 0 0 0.004378429532 0 0 0.004218648226 0 0 0 0.004337096795 0 0 0 0 0 0 0 0 0.004312408261 0 0 0.004395815413 0 0 0 0 0 0 0 0 0 3.161976959e-05 0 0 0 0 0 0 0 0 0.004267899597 0 0 0 0 0 0 0 0 0 0.004482102534 0 0 0 0 0 0 0 0 0 0 0 0 0 0 0 0 0 0 0 0.004390856646 0 0 0 0.004432943692 0 0.0003668011961 0 0 0 0 0 0 0 0.006384759903 0 0 0 0 0 0 0 0 0 0 0 0 0 0 0 0 0 0 0 0 0.004250179012 0 0.001067460268 0 0 0 0 0 0 0 0.004275273904 0 0 0 0 0 0.004378892332 0 0 0 0 0 0 0 0 0.004313285803 0 0 0 0 0 0 0 0 0 0 0 0.004443650955 0 0 0 0.004282363756 0.004515717965 0 0 0 0 0 0.0008984678588 0.004223504828 0 0 0 0 0 0 0 0 0 0 0 0 0 0 0 0 
0 0 0 0.004260245342 0.006351838817 0 0 0 0 0 0 0 0 0 0 0 0 0 0 0.004223147172 0 0 0 0 0 0 0 0 0.004428110603 0.004204573905 0 0 0 0.004305370751 0 0 0 0.004209044718 0 0 0 0 0 0 0 0 0.001392420599 0 0 0 0.0002160863417 0 0 0 0 0 0 0 0 0 0 0 0 0 0 0.004321855772 0.00448038319 0 0.004413180472 0 0 0 0 0.004312646361 0 0 0 0 0 0 0 0.004343582592 0 0 0 0 0 0 0 0.000634742609 0 0 0 0 0 0 0 0 0 0 0 0 0 0 0 0.004504460276 0 0 0 0.005171164822 0.004424616503 0 0 0 0 0 0.004305976142 0.0009515763799 0.004309113652 0 0 0 0 0 0 0 0 0 0 0 0 0 0 0 0 0.004467232548 0 0 0 0.004470071562 0 0 0 0 0 0 0.004207111434 0.004362324562 0 0 0.0008105620744 0 0 0 0 0 0.004412527061 0 0.004508729593 0 0 0 0 0 0 0 0 0 0 0 0 0 0 0 0 0.0008493795701 0 0 0 0 0 0 0 0 0 0 0 0.004274515872 0.004347813606 0 0 0 0 0 0.006085701268 0 0 0.00433918416 0 0 
0.004366461639 0.004282727987 0 0 0 0 0 0 0.006078276152 0.004501339858 0 0 0 0 0 0 0.004454846787 0 0 0 0 0 0 0 0 0 0 0 0 0 0 0 0 0 0 0 0 0 0.004387148242 0 0.0006538875474 0 0.001774412145 0 0 0 0 0 0 0 0 0 0 0 0.004279007439 0 0.0004146566752 0 0 0 0 0.00425233512 0.004466752209 0 0 0 0 0 0 0.004390134226 0 0 0 0 0 0 0 0.006107319234 0 0 0 0.004449574979 0 0 0 0 0.001460415649 0 0 0 0 0 0 0 0 0 0 0 0 0.004271448634 0.0004342833554 0 0 0 0.004484411848 0 0 0 0 0 0 0 0 0 0 0 0 0.0001585445281 0.004358496001 0 0 0 0 0 0 0.004511357749 0 0 0 0 0 0.006110376357 0 0 0 0 0 0 0 0 0 0 0 0 0 0.004388558765 0.004418675311 0.004466444344 0.004368463542 0 0 0 0 0 0 0 0 0.004333131326 0 0.0004020246131 0 0 0 0 0 0 0.004369558086 0 0 0.004340945715 0 0.006086529501 0 0 0.004444922395 0 0.00452630954 0 0 0.004249067136 0 0 0 0 0 0 0 0.004489516907 0.004227248915 0 0.0001849017482 0 0 0 0.004291668087 0 0 0 0 0 
0 0.00444368322 0 0 0 0 0 0 0 0 0.004199057136 0 0 0 0 0.004438262389 0.004306522502 0 0 0 0 0 0.006281518505 0 0 0 0.004486142362 0 0 0 0.004218173085 0 0 0 0.004368813605 0 0 0 0 0 0 0.004356203566 0.004393858991 0.0002187095483 0 0.004446037664 0 0 0 0 0 0 0 0 0 0 0.000179196388 0 0.005327104793 0 0 0 0 0 0 0 0 0 0 0 0.00615379928 0 0 1.444375468e-05 0 0.004360862549 0 0.004470005202 0.0002398544025 0.004282090402 0 0.004206280406 0.006253052136 0 0 0 0 0 0 0 0 0 0 0 0 0 0 0.004228266181 0 0.004446347966 0 0 0 0 0 0.004238667458 0 0 0 0 0 0 0.004218529556 0.004416177262 0 0 0 0 0.004399914278 0.0009668738661 0 0 0 0.004204145132 0.004302244912 0 0 0 0 0 0.0001211458556 0 0 0.0004294566821 0.004417723936 0 0 0 0.004437324455 0 0.004223928567 0 0 0.004320184463 0.0009080716296 0 0 0 0 0 0 0 0 0 0.006079519279 0 0 0 0 0 0 0 0 0 0 0 0 0 0 0 0 0 0 0 0.004256867668 0 0 0 0 0 0 0.004514169604 0 0.005966829022 0 0 0.006122419211 0.004350000893 0 0 0 0.004240739485 0 0 0 0.004434785133 0 0.004243189484 0 0 
0.004429640787 0 0 0 0 0 0 0 0 0 0 0 0.004350464853 0 0 0 0.00447648351 0.002334364201 0.004246063923 0 0 0.0008335751528 0.004274557448 0 0 0 0 0 0 0 0 0 0 0 0 0 0 0 0 0.004286770898 0 0 0 0 0.004411437338 0 0 0 0 0.00544727007 0 0 0 0 0 0 0 0 0.0006860649607 0.004523905327 0 0.004380921403 0 0 0 0 0 0 0 0 0 0.006028521812 0 0 0 0 0 0 0 0 0 0 0 0 0 0 0 0 0 0 0 0.004406679555 0 0 0 0 0 0 0.001180743944 0 0 0 0 0 0 0 0 0 0 0 0 0 0 0.004226015145 0 0 0 0 0.004530574474 0 0 0 0 0 0 0 0 0 0 0 0.004214836638 0.004479868082 0 0 0 0 0 0 0 0 0 0 0 0 0.004460001754 8.01838854e-05 0.00445802932 0 0 0 0.004502508124 0 0.004505365073 0 0 0 0.00450405906 0 0.0043729606 0 0 0.004488593158 0 0 0 0 0 0 0 0.006236156987 0 0 0 0 0 0 0 0 0 0 0 0 0 0 0 0 0.004293333889 0 0 0 0 0 0 0 0 0 0 0 0 0 
0 0 0 0 0 0 0 0.004243468612 0 0 0 0.00427049279 0 0 0 0 0 0 0.004316300111 0 0 0 0 0 0.004467846723 0 0 0 0 0 0.004250662408 0 0 0 0 0 0.0001407889071 0 0 0 0 0.00429767237 0 0 0.004473685703 0.004272231149 0 0 0 0 0.004310412125 0 0.004450336995 0 0 0.004379902584 0 0.004451449549 0.006010384255 0 0 0 0 0 0 0.004217987961 0.004296516842 0 0 0 0 9.26984312e-05 0 0 0 0 0 0 0 0 0 0.004235810897 0 0 0 0 0 0 0 0 0 0 0 0.004217057298 0.0001157852994 0 0 0 0 0 0 0.004355809817 0 0.004353092285 0 0 0 0 0 0.004531605083 0 0 0 0 0 0 0.004445884964 0 0 0.0005505918889 0 0 0 0 0 1.071028744e-05 0 0 0 0 0 0 0 0 0 0 0 0 0.0007468729519 0.004197962951 0.0004289178249 0 0.004425507117 0 0.004298836205 0 0 0.004522732596 0 0 0.004356267689 0 0 0.0001325540187 0 0 0 0.004454142936 0 0 0 0.005374110481 0 0 0 0 0.004483586272 0 0 0 0 0.004396388459 0 0 0.00421190828 0.004404932297 0 0 0 0 0 0 0 0 0.004379441637 0.0001157155523 0 0 0 0 0.004252292871 0.004530453925 0 0 0 0 0 0.004470905098 0 0 
0 0 0.004530795053 0 0.00447265597 0.004402314813 0 0.004240240431 0 0 0 0 0 0 0 0.0006809889591 0 0.004256251512 0 0 0 0 0 0 0.0002882071395 0 0 0.004405381971 0 0.002168825363 0 0 0.0001233162751 0 0 0.006068987773 0 0 0.004427861221 0 0 0.004212823549 0 0 0 0 0 0 0 0 0 0.0003605795422 0 0 0 0 9.622406607e-05 0 0.004346956439 0 0 0 0 0 0.006303372367 0 0 0.0005458342369 0 0 0 0 0 0 0.005250651771 0 0 0 3.683442247e-06 0.004463423258 0 0 0.004266691955 0.000929912743 0.0004085019052 0 0 0.004393231103 0 0 0 0 0 0 0 0 0 0 0 0.004456006693 0 0 0 0 0 0 0 0 0 0 0.004226121039 0 0 0 0 0 0 0 0 0 0 0 0 0 0 0 0 0 0 0 0.004493100925 0 0 0 0 0.004370021808 0 0 0 0 0 0 0 0 0 0 0.00128140326 0.004266801186 0.004471102599 0 0 0.0003856046679 0 0 0.004212761377 0 0 0 0 0 0 0 0 0.001155535266 0 0 0 0 0 0.001335516983 0 0 0.004501651062 0 0 0 0 0 0 0 0 0 0 0 0 0 0.004254627986 0.002947459048 0 0 0 0 0 0 0 0 0 0 0 1.021768492e-05 
0 0 0 0 0 0 0 0 0 0.004499317645 0 0 0 0 0 0.004380483983 0 0 0 0 0 0 0.00446244355 0 0 0 0 0 0 0 0.0008939143233 0 0 0 0.004196210406 0 0 0 0.006153943613 0 0 0 0 0 0 0 0.004378295574 0 0 0 0 0 0 0 0.004512063664 0 0 0 0.004365860094 0 0.004398417938 0 0 0 0 0 0 0 0 0 0 0 0 0 0 0 0 0 0.004324920634 0.004296207181 0 0 0 0 0 0 0.004250348344 0 0 0 0 0 0.004210363224 0 0 0 0 0 0 0 0 0 0 0 0 0.004423983128 0 0 0 0 0 0 0 0 0.004328367815 0.004214977449 0 0 0 0 0.00450562548 0 0 0 0 0 0.004366022825 0 0 0 0 0 0 0 0 0.004486219231 0 0 0 0 0 0 0 0 0 0 0 0.006103941387 0 0 0 0 0 0 0 0.004482698581 0 0 0 0 0 0 0.004299662765 0 0 0 0 0 0.004402956518 0 0 0 0 0 0 0 0 0 0 0 0 0 0 0 0 0 0 0 0 0 0 0 0.004454836476 0 0 0 0 0.004465225552 0 0 
0 0.005148901459 0 0 0 1.194427571e-05 0 0 0.004350046713 0 0 0 0.004432212134 0.0008006885763 0 0 0 0 0 0.005355905819 0 0 0 0 0.004328152389 0 0 0 0 0 0 0 0 0 0 0 0.004221299086 0 0 0 0 0 1.493347978e-05 0 0 0 0 0 0 0 0 0 0 0.0005756777354 0 0 0.004225885155 0 0.004489257271 0 0 0 0 0.004335286837 8.166688106e-06 0 0 0 0 0.004466697808 0 0 0.004527195591 0 0 0 0 0 0 0 0 0 0 0 0.004246597109 0 0 0 0 0 0 0 0.004293994043 0 0.00427634766 0 0.004449799155 0 0 0 0.0006090423594 0 0 0 0 0 0.004257658522 0 0 0.001645486958 0 0 0.004247988925 0 0 0 0.0006290855531 0 0 0.004329919503 0 0 0 0 0 0.004196423408 0 0 0 0 0 0.0009573303396 0 0.004357002304 0 0 0 0 0 0.004291561062 0.004267121945 0 0 0.001935491677 0 0 0 0 0 0 0 0 0 0 0 0 0 0 0 0.004276309327 0 0 0 0 0 0 0 0 0 0 0 0 0.004237663411 0 0 0 0 0 0.004272858067 0 0 0 0 0 0 0 0 0.0001643860388 0 0 0 0 0 0 0.001342456305 0.004319438642 0 0 0 0.004513745653 
0 0 0 0.004363934902 0 0 0.004455164542 0 0 0 0.004402793061 0 0 0 0 0 0.004471085075 0.004312576005 0.001066691719 0.004424149476 0 0 0.004516619376 0 0.004520679258 0 0 0.005802709636 0 0 0 0 0 0 0 0 0 0 0 0 0 0 0 0 0 0 0.004524794666 0.004302327958 0 0 0 0 0 0 0.004218863733 0 0 0.004257601941 0 0 0 0 0 0 0.004328182128 0 0 0.004306164109 0 0 0 0 0 0.00439020735 0 0 0 0 0 0 0 0 0 0.004224465525 0 0 0 0.004270810568 0 0 0 0 0.004210418799 0 0 0 0 0 0 0 0 0 0 0 0 0 0 0 0 0 0 0 0 0 0 0 0 0 0 0 0.004243143142 0 0 0.004454161194 0 0 0 0.0042062009 0 0 0 0.004206257887 0.004421378808 0 0 0 0 0 0 0 0 0 0 0 0 0 0 0 0.004382392805 0 0 0.0002736667224 0 0.00439884514 0 0 0 0 0 0 0 0 0 0.004502797414 0 0 0 0.004357778975 0 0 0 0 0 0 0 0 0.004257297231 0.004194882153 0 0 0.004328128585 0 0 0 0 0.00450036703 0 0 0 0 0 0 0 0.004260689783 0 0 0 0 0 0 
0.004983356266 0 0.00443232553 0 0 0 0 0 0 0.004506402144 0 0 0 0 0.004218380708 0 0.004302266081 0 0 0.004313118585 0 0 0 0 0 0.004482988173 0.004413532609 0 0 0 0 0 0 0 0 0.004231461688 0 0 0 0 0 0 0 0 0 0 0 0 0 0 0.004337851022 0 0 0 0 0 0.004328961976 0.004502995263 0 0.006274851303 0.001426848972 0 0 0 0 0 0 0 0 0 0 0 0.004496321186 0 0.001382012532 0.005413511248 0 0.004436977899 0 0 0 0 0 0.004342841634 0 0 0.004340891008 0 0 0.004320266211 0 0 0.004502186799 0.005493078371 0 0.004226639858 0.004439466946 0 0 0 0 0 0 0 0 0 0 0 0 0.004304063814 0 0 0 0 0 0 0.003212615179 0.004460018094 0 0.004198571717 0 0 0 0 0 0 0 0 0 0 0 0 0 0 0 0 0 0.0042848579 0.004414895832 0 0 0 0 0 0 0 0 0.004222903575 0 0 0 0 0 0 0 0.004330814337 0 0 0 0 0 0 0 0 0 0 0 0.006233500475 0 0 0 0 0 0 0 0 0 0 0 0.004220032232 0 0 0 0 0 0.004474429086 0 0 0 0 0 0 0 0 0 0 0 0 0.004245193062 0 
0 9.235991255e-05 0 0 0 0 0 0 0 0 0.004517346833 0.0006116813618 0 0 0.001790542807 0.00432870079 0 0 0 0 0 0 0 0 0 0 0 0 0 0 0 0 0.001226460615 0 0.004402951907 0 0 0 0 0 0 0 0 0.005377606195 0 0 0 0 0.004403303998 0 0 0.004195830704 0 0 0 0 0 0 0 0 0 0 0 0 0 0.004508925182 0 0 0 0 0.004222474864 0.004248688688 0 0 0 0 0 0.00450594923 0 0 0 0.004196590302 0 0 0 0 0 0 0 0 0 0 0 0 0.004509891263 0 0 0 0 0 0 0.00452636064 0 0.004267963893 0 0.000957823303 0 0 0.004275891912 0 0.004209406497 0 0 0 0 0 0 0 0.004439671119 0 0 0 0.004499658528 0.004301171295 0 0.004202030022 0 0 0 0.004207776279 0 0 0 0 0 0.004267902763 0 0 0 0 0.004422819882 0 0 0 0 0 0 0.00634937637 0 0 0 0 0 0 0 0 0 0 0 0 0 0 0 0 0 0 0 0.004395330396 0 0 0 0 0 0.004295667296 0.004381436066 0.004282928675 0 0 4.028648511e-05 0 0 0 0 0 0 0 0 0 0 0 0 0 0 0.004263072993 0 0 0 0 0 0.006072724665 
0 0 0 0.004197415535 0 0 0 0 0 0 0 0 0 0 0 0.004425931247 0 0 0.006288589107 0 0 0 0 0 0 0 0 0.004407655888 0 0 0 0 0 0 0 0 0 0 0 0 0 0.004206399572 0 0.006318101669 0.004235086612 0 0.004362325686 0.004259418239 0 0.004213470752 0 0 0 0 0 0.007695376733 0 0 0 0.000530099907 0 0 0 0 0 0 0 0 0 0 0 0 0 0 0 0 0.004461099256 0 0 0 0 0.004286040035 0.004418980902 0 0 0 0 0 0 0 0 0.004291055752 0 0 0 0.004513436925 0 0 0 0.001065659167 0.004355381919 0 0 0 0 0 0 0 0 0 0 0 0 0 0.004281303826 0 0 0 0 0 0.0001399832801 0 0 0 0 0 0 0 0 0 0 0 0 0 0.004441484042 0 0 0.004425595601 0 0 0 0 0 0 0 0.004524766823 0 0 0 0 0 0 0.004330405692 0.004475036335 0.0007395488308 0 0.004190698799 0 0 0 0 0 0 0 0 0 0 0 0.004492716709 0 0 0 0 0 0 0 0 0 0 0 0.004299204661 0 0 0.004445332464 0.004272035738 0.004473769509 0 0 0.004301818605 0 0 0 0 0 0 0 0 0 0 0 
0 0 0 0 0 0 0 0 0 0 0 0 0 0 0 0.001940056131 0 0 0 0 0 0 0 0 0 0 0 0 0 0 0 0 0 0 0 0.004334199439 0 0 0 0 0 0.004318379393 0.004507539414 0 0 0 0 0 0 0 0 0.0001194024037 0 0 0 0 0 0 0 0 0 0 0 0 0 0.006322573556 0.001279427769 0.004527655779 0 0 0 0 0 0 0 0 0 0 0 0 0 0 0 0 0 0.004406167203 0 0 0 0 0.004301069308 0 0 0 0 0 0 0 0 0 0.005309210446 0 0 0 0.004395871462 0.0006624817654 0 0 0.004412765738 0 0 0.00448472954 0 0 0 0 0 0 0.006524355805 0 0.004211866207 0 0 0 0 0.004191859901 0 0 0.004405545992 0 0 0.004382532651 0 0 0 0 0 0 0 0 0 0.004202392144 0 0 0 0 0 0.004287916559 0 0.004370771933 0 0 0 0 0 0 0.00452357459 0 0 0 0 0 0 0 0.004415479374 0 0 0 0 0 0 0 0 0.004293008742 0 0 0 0 0 0.004481237759 0 0 0 0 0 0 0 0 0 0 0.004242667659 0 0 0 0 0 0 0.004392482047 0 0 
0 0 0 0 0 0 0 0 0 0 0 0 0.004330964877 0 0 0 0 0 0 0 0 0 0 0 0 0 0 0 0 0 0.004289819365 0.0009040854107 0 0 0.00420767873 0 0 0 0 0 0 0 0 0 0 0 0 0.008636122372 0 0 0.004322563199 0 0 0 0 0 0 0 0 0 0 0.004268869684 0 0 0 0 0 0 0 0 0 0.004502374186 0 0 0.004285774978 0.004326968519 0 0 0 0.0001843337599 0 0 0 0 0.001098315985 0 0 0 0 0.004382008533 0.0004583935728 0 0.0003172942111 0 0.004326695314 0 0 0 0 0.004474539143 0 0 0.006497409258 0 0 0 0 0 0 0 0 0 0 0 0.006256715015 0.001039515698 0 0 0 0 0 0 0 0 0.004393873572 0.00423456031 0 0 0 0 0 0 0 0 0 0 0 0 0 0.0003160921327 0 0.004298135776 0 0 0 0 0 0 0 0.006266578323 0 0 0 0 0 0 0 0 0 0 0.00424135839 0 0 0 0.004457835921 0 0 0 0 0 0 0 0.004523064844 0 0 0 0 0 0 0 0 0 0 0 0 0 0 0 0 0 0.004317020695 0 0.004369406965 0 0 0 0.004416487046 0 0 0 
0 0 0 0 0 0 0 0 0 0 0 0 0.0007658150225 0.006276708204 0 0.006256981576 0 0.0002885019614 0 0 0 0 0 0 0 0 0.001226384213 0 0.00427562909 0 0 0 0 0.00431190121 0 0 0 0 0 0.004519522129 0 0.004455049832 0 0 0 0.004430651082 0 0 0 0 0 0 0 0 0 0 0 0.00428093747 0 0 0 0.004264672822 2.26443054e-05 0 0 0.004403031753 0 0 0 0 0 0 0 0 0.004477410901 0 0 0 0 0 0 0 0 0 0.001030275549 0 0.004326017438 0 0 0 0 0 0 0 0 0.004261007739 0 0 0 0 0.004498980813 0 0 0 0 0 0 0 0 0 0 0.004429793972 0 0 0.0001668399094 0.004209753977 0 0 0 0 0 0 0 0 0.004283308163 0 0 0.004429572598 0 0 0.0005449785759 0 0 0.004259119153 0 0 0 0 0 0 0 0 0 0.004350286945 0 0 0.004339739365 0 0 0 0 0 0.0003977607992 0 0 0 0 0 0 0 0 0 0 0 0 0 0 0 0 0.004425671957 0 0 0 0 0 0 0 0.001362373647 0 0 0 0 0.002528104073 0 0 0 0 0 0 0 0.001213962536 0 0 0 0 0 0 0 0 0 
0 0 0 0 0 0 0 0 0 0 0.004529262349 0.006239261755 0 0 0 0.004530033243 0 0 0 0 0.0001075019176 0.004327940494 0.004390702195 0.004404535131 0 0.0002360481412 0 0 0 0 0 0 0 0 0 0 0 0 0 0 0.004387133038 0 0 0 0 0 0.004389366998 0 0 0 0 0 0.005098338754 0 0 0 0 0 0 0 0 0.004431725361 0 0 0 0.004277996198 0.004327287235 0 0 0 0 0 0 0 0 0 0.004359308297 0 0 0 0 0 0 0 0 0.0008449363752 0 0 0 0 0 0 0 0 0.0001420534202 0 0 0 0 0 0 0.00431514534 0.004367739 0.004328024543 0 0 0 0 0 0 0 0 0 0 0 0 0 0 0 0 0.00218996417 0.006560026429 0 0 0.001071741967 0 0.0001919153349 0 0 0.004352602687 0 0 0 0 0 0 0.00187167118 0 0.004406718332 0 0 0 0 0 0 0 0 0.005223981686 0 0 0 0 0 0 0 0 0.0004038000759 0 0 0 0.004382295459 0 0 0.004205913241 0 0 0.004354755735 0 0 0 0 0 0 0 0 0.004512232263 0 0.004451867479 0.0005438865984 0 0 0 0.00451476862 0 0 0 0 0 0 0 0 0 0 0.004524387921 0 0 0 0.004399231625 0 0 
0 0 0 0 0 0 0 0 0 0 0 0 0 0 0 0.006193789942 0 0 0 0 0 0.004279218337 0 0 0 0 0 0 0.004393151213 0 0 0 0 0 0 0 0 0.0003540953546 0 0 0.004261275163 0 0 0.004338085332 0.004223894443 0 0 0 0 0 0 0 0 0 0 0 0 0 0.004446651083 0 0 0 0.004226958736 0.00433245306 0 0 0 0 0 0 0 0 0.004425939403 0.004500485371 0 0.00427340408 0 0 0 0 0 0 0.004255099384 0 0 0 0 0 0 0 0 0 0 0 0.004441966281 0 0.004300925189 0 0 0 0 0.004311498291 0 0 0 0.004311682533 0 0 0.004286999211 0.00430426983 0 0 0 0 0 0.004435707853 0 0 0 0 0 0.004399442183 0 0 0 0 0 0.0001188844616 0 0.004247981638 0 0 0 0.004480281525 0 0 0 0 0 0 0 0 0 0 0 0 0 0 0 0 0 0 0 0.004381634207 0 0 0 0 0 0 0 0 0 0 0 0.004356774648 0 0 0 0 0 0.006092360972 0 0 0.004406005818 0 0 0 0 0 0 0 0 0 0 0 0.0001231334204 0 0.004417521113 0.004392348403 0 0 0.004388972516 0.00428349015 0 0 0 0 0 0 
0 0 0.001415844042 0 0 0 0.004377180807 0 0 0.004490299398 0 0.0007653777791 0 0 0 0 0 0 0 0 0 0 0 0 0 0 0.005245096894 0 0 0 0 0 0 0 0 0 0 0 0 0 0 0 0 0 0 0 0 0 0 0 0 0 0.0005356091641 0 0 0 0 0 0.004393944058 0 0 0 0 0 0 0.001019657947 0 0 0 0 0 0 0 0.006124111865 0 0 0 0 0 0 0.004216533705 0 0.0007217397145 9.683245743e-05 0.0002774940175 0 0.004485960741 0 0 0 0.0003977380201 0 0.004353398238 0 0 0 0 0 0 0.004204005919 0 0.004207552011 0.004513931865 0 0 0 0.006173760742 0 0 0.004367825499 0 0 0 0 0 0.003990111821 0 0.004237053123 0 0 0 0.004513336516 0 0 0 0 0 0 0 0 0 0 0 0 0.004409998961 0.004267313929 0.004468770357 0.001218083703 0 0 0 0 0.004520043219 0.004330211182 0 0.004511950808 0 0 0.00453143672 0 0 0 0.004282177025 0 0 0 0.004393061153 0 0.004323743658 0 0 0 0 0 0.004260592597 0 0 0 0 0 0 0 0 0 0 0 0 0 0.005071424245 0 0 0 0.002550015503 0 0 3.168429031e-05 0 0 0 0 0 0.004429202996 0 0 0 0 0 0 0 0.004507262663 
0.004344049073 0 0 0.004500972343 0 0.004514219361 0 0 0 0 0 0 0 0 0 0 0 0 0 0.004316682304 0 0 0 0.004308907319 0 0 0 0.004415409852 0 0 0 0 0 0 0.004283029953 0 0 0 0 0 0 0 0 0.004500225566 0 0 0 2.878362346e-05 0.001034740891 0 0 0 0 0 0 0 0 0 0 0 0 0.004318825247 0.00432887724 0 0.0006284499309 0 0 0 0 0 0.004471111327 0 0 0 0 0 0 0 0 0 0 0 0 0.004472723047 0 0.004233847032 0 0 0 0 0 0 0 0 0 0.004426221517 0.00452210229 0 0 0.0001778693166 0 0 0 0 0 0 0 0 0 0 0 0 0 0.004207515252 0.004349850264 0 0 0 0 0 0 0 0 0 0 0 0 0 0 0 0 0 0 0 0 0 0 0 0 0 0 0 0 0 0 0 0 0 0 0 0 0 0 0 0 0 0 0 0 0 0.004216520083 0 0.0001131577402 0 0 0 0 0.006122233119 0.006303003035 0 0 0 0 0.004297320115 0.006295079945 0 0 0 0 0 0 0.004246106678 0 0 0 0 0 0 0 0.004515576924 0 0 0 0 0 0 0.004199774186 0 0.004351825858 0 
0 0 0 0 0 0 0 0 0 0 0 0 0.004222523617 0 0 0 0 0 0.004252204863 0 0 0 0.004458593012 0 0.005256135764 0 0 0 0 0 0 0.004528911723 0 0 0 0.004369235019 0 0 0 0 0 0 0 0 0 0 0 0 0 0 0.004532866508 0 0 0 0 0.004217882483 0 0 0 0 0 0 0 0 0 0 0 0 0 0.004486274113 0 0 0 0 0 0.004426721111 0.004326364208 0 0.004484160414 0 0 0 0.006201114836 0 0 0 0.00120129716 0 0 0 0 0 0.004213857821 0.004431213625 0 0 0 0 0 0 0.00425522213 0 0 0 0 0 0 0 0 0 0 0.00100697392 0 0 0 0 0.006155621186 0 0 0 0 0 0 0 0 0 0.001359626024 0 0 0 0 0 0 0 0 0 0 0.004326985866 0 0 0 0 0 0 0 0.004210871485 0 0.002337038867 0 0 0 0 0 0 0 0 0 0 0 0 0 0 0 0 0 0 0 0 0 0 0 0.004410694271 0 0.004253902248 0 0.004429007852 0 0 0.004516191387 0 0 0 0 0 0 0 0 0.0002382665813 0 0 0.004486016343 0 0.0009592133609 0 0 0 0 0 0 0 
0 0 0 0 0 0 0.004450562601 0.004406442999 0 0.004264565839 0.00448963381 0 0 0 0 0 0 0 0 0 0 0 0.000618428777 0 0.004257832507 0 0 0 0 0 0 0.001148042328 0 0.004370486363 0.00448118337 0 0 0 0 0 0 0 0 0.005522677273 0 0 0 0 0 0 0.004498000226 0.004417902454 0 0 0 0 0 0.006244623577 0 0 0 0.004425678213 0 0.004254722114 0 0 0 0 0 0 0 0 0 0 0 0 0 0 0 6.271940629e-05 0 0 0.0006911849999 0 0 0 0 0 0 0 0 0 0 0 0 0 0 0 0 0 0 0 0 0 0 0 0 0 0 0 0 0 0 0 0 0 0.004304716209 0 0 0 0 0 0 0 0 0 0.004312155136 0 0 0 0 0 0.004264462736 0 0 0 0 0 0 0 0 0 0 0 0 0 0 0 0 0 0 0 0 0 0.004299003427 0 0 0.004399860872 0.004442757571 0.004199278655 0 0 0 0 0 0 0 0 0 0.00440134808 0 0 0.0006104144005 0 0 0 0 0.004341492298 0.004245100422 0 0 0 0 0 0 0 0 0.00425256817 0 0.003379019811 0 0 0 0.004491312064 0 0.004442758142 0 0 0 0 
0 0 0 0.0004765638802 0 0 0 0 0 0 0 0 0 0.00427616394 0 0 0 0 0 0 0 0 0 0 0 0 0 0 0 0.004473874022 0 0 0.004972185771 0 0 0 0 0.004205490451 0 0 0 0 0 0.006144841317 0 0 0.004459838242 0 0 0 0 0 0 0.004228783493 0 0.004317734167 0 0 0 0 0 0 0 0 0 0 0.004374583613 0 0.004198392695 0 0 0.006168668089 0 0 0 0 0 0 0.003082447471 0 0 0 0 0 0 0 0 0 0 0.0004777376746 0 0.004234523544 0 0 0 0 0 0 0.004421802971 0 0 0 0.004529204259 0 0 0 0 0 0 0 0 0.004339292951 0 0 0 0 0.005205470519 0 0 0.004396639477 0 0 0 0 0.004309623064 0 0.004256673575 0 0.0043869538 0 0 0 0.00431715125 0 0 0 0 0 0 0 0 0 0 0 0 0 0 0 0 0 0 0 0 0 0 0 0 0 0 0 0 0.001010933047 0 0 0 0 0 0 0.004526075313 0 0 0 0 0.0003983235581 0.004280279601 0 0.004306669297 0 0 0.004273762135 0 0.004201620222 0 0 0 0 0 0 0 0 0 0 0 0 0 0 0 0 0 0 
0 0 0 0 0 0 0 0.004410697698 0.004479704485 0 0 0.004474164268 0 0.004278775954 0.004378015453 0 0 0 0 0 0 0 0 0 0 0 0 0 0 0.006008287528 0 0 0.004476866437 0 0.004221917317 0 0.004263843712 0 0 0 0 0 0 0 0 0 0 0 0.004465553748 0.004272597853 0 0 0 0.005235091447 0 0 0 0 0 0 0 0 0.004227233201 0 0.004361486633 0 0.00423069915 3.717155095e-05 0 0 0 0 0 0 0 0 0 0 0 0 0 0 0 0 0 0.006217464055 0 0 0 0.000929332062 0 0 0 0.001370845033 0.0001181969521 0 0.004276202247 0 0.004381830627 0 0.0008415818355 0 0 0 0 0.004240676404 0 0.004491148456 0.004520874096 0.004307269456 0 0.004399398723 0.0007136855848 0 0 0 0.0004790723575 0.004259763632 0.004460511575 0.004415804494 0 0.004220987055 0 0 0 0 0 0 0 0 0 0 0 0.004518997249 0.004346257254 0 0 0 0 0 0 0 0 0 0 0 0 0.004468350577 0 0 0 0 0 0.0002036673722 0 0 0 0 0 0 0 0 0 0 0.006184484972 0 0.006321680768 0.00443205058 0 0 0 0 0 0 0 0 0 0 0 0.004247585105 0 0 0.002654919632 0 0.005206897931 0 0.0008722589281 0.001173974469 0 0 0 0 0 0.004319917423 0 0 0 0 0 0 
0.0004741246553 0 0.0003726598364 0 0 0 0 0 0 0.004467912444 0 0.004344776535 0 0.00422725937 0 0 0 0 0 0 0 0.004374852348 0 0.004200099232 0.004418917389 0 0 0 0 0 0 0 0 0 0 0 0.001027390393 0 0 0 0.006072642609 0 0 0 0 0.004459950124 0 0 0 0 0.004389153863 0 0 0 0 0 0 0 0 0.001125197072 0 0 0.004346667606 0 0 0 0 0.000461119372 0 0 0.004521584542 0 0 0.004475799143 0 0 0 0 0 0 2.339283756e-05 0 0.0003475128369 0.004205607434 0.002181735757 0.004371246698 0 0.004331645145 0.00512895014 0 0 0.00434617787 0 0 0 0 0 0 0 0 0 0 0 0.00423299212 0 0 0.0001752640948 0 0 0.004327770081 0.0001780952435 0 0.004263337647 0 0.004478163502 0 0 0 0 0 0 0 0 0.001151298825 0 0 0 0 0 0 0.0001437100717 0 0.004508860442 0 0 0 0 0 0.004476843595 0.004375950649 0 0 0 0 0.004219062516 0 0 0.004321342815 0 0 0.006141991822 0 0 0 0 0 0 0 0 0 0 0.003827130826 0.004446696505 0 0 0 0 0 0.005165537025 0 0 0 0 0 0 0 0 0 0.004278299647 0 0 0 0 0 0 0 0.0001528562041 0 0 0.004255797464 0.004395594296 0 0 0.004327757099 0.00433110956 0 0 0 0 0 
0 0 0 0 0.00452988938 0 0 0 0 0 0.001894792401 0 0 0 0 0 0 0 0 0 0 0 0 0 0.004412737635 0.0007087963117 0 0 0 0 0 0.004511080722 0 0 0 0 0 0 0.004336526007 0.0002207208848 0.004313522108 0 0 0 0.004220396925 0 0 0 0 0 0 0 0.004355949967 0 0 0 0 0 0 0 0 0 0.006036315066 0 0 0 0 0.004221593796 0.004214129055 0 0 0 0 0.004478033016 0.004451954014 0 0 0 0 0 0 0 0 0 0 0 0 0 0 0.004368103345 0 0 0 0 0 0 0 0.004337726733 0 0 0.006527134856 0 0.006072328798 0 0 0 0.00433635336 0 0 0 0 0 0 0 0 0.006170704736 0 0 0 0.004226655474 0 0 0 0 0 0 0 0 0 0.004246753068 0 0 0 0 0 0 0 0 0 0 0.004459683793 0 0 0 0 0.0006462553464 0 0 0 0 0 0 0 0.004406561537 0 0 0 0 0 0 0 0.004324106302 0.005141805006 0.004245827131 0 0 0 0 0.004515602872 0 0 0 0 0.004199889964 0 0 0.004487121336 0 0 0 0 0 0 0.004473857242 0 0 0 0 0.004360874431 0.001290263158 0 0 0 0 0 0 0 0.00444745973 0 0 
0 0.004306733586 0 0 0.004301463996 0 0 0 0 0 0 0.00429629362 0.006063750508 0.004368041689 0 0 0 0 0.0006653238842 0 0 0 0 0 0 0 0 0 0 0 0 0.004531807167 0 0 0 0 0 0 0 0 0.005994274356 0 0 0 0.004410825231 0 0 0.00452150318 0 0.006216297017 0 0.004452195395 0 0 0 0 0.00437421683 0.004494580084 0.004454098677 0 0 0 0 0 0 0 0 0 0 0 0 0 0 0 0 0 0 0 0 0 0 0 0.004221116947 0 0 0 0.004521808779 0 0.004202304809 0 0 0 0 0 0 0.004285586835 0 0 0.004455424598 0 0.004292425482 0 0 0 0 0 0 0 0 0 0 0 0 0.004526942571 0 0 0 0 0.00445094106 0 0 0 0 0 0 0 0 0 0 0 0 0 0 0 0 0 0.004300619343 0.004209492118 0 0.004989243089 0 0 0 0 0.004482663514 0 0.006333121683 0 0.004192214051 0 0 0.004209334781 0 0 0 0 0 0.0005818840827 0 0 0 0.004304477171 0 0 0 0.004443898352 0.004329247927 0 0 0 0 0 0 0 0 0 0 0 0.0004932342888 0 0 0.001315891987 0 0.004231231051 0.0008203924654 0.0006145127766 0 0 0 0 0.004332163625 0 0 0 0 0 0 0 0 0 
0 0 0 0 0 0 0 0 0 0.004424147895 0 0 0 0.004349967403 0 0 0 0 0 0 0.0005333289637 0 0 0 0 0 0 0 0 0 0 0 0.0006624030569 0 0 0 0 0 0 0 0 0 0 0.004265703289 0 0 0 0.00422768467 0 0 0 0 0 0 0 0 0 0.004321260466 0.004332642915 0 0.004389564768 0 0 0 0.004451220427 0 0 0 0 0.006196613769 0 0 0 0 0.0001786667116 0 0 0.004450428426 0 0 0 0 0 0 0 0 0 0.004283802199 0 0 0 0 0 0.0004563950251 0 0 0.006276510127 0 0 0 0.004294063626 0.00450945731 0 0 0 0 0 0 0 0 0 0 0 0 0 0 0 0 0 0 0 0 0 0 0 0 0 0 2.579685675e-05 0 0 0.00526710999 0 0 0 0 0.004304948969 0 0 0 0 0 0 0 0 0 0 0 0 0.0003201415358 0.0001153818328 0 0 0.00494135737 0 0 0 0 0 0 0 0.004464470493 0 0.004258625733 0 0.006250921518 0 0.004214402527 0 0 0.004369435528 0.004385431693 0.0004248600022 0 0 0 0 0 0 0 0 0.004403864434 0 0 0 0 0.004284953176 0 0 0 0 0 0 0 0 0 0 0 0 0 
0 0.004351418815 0 0 0 0 0.004217780053 0 0 0 0 0 0 0 0 0 0 0 0 0.004362186209 0 0 0 0.004207559329 0 0 0 0 0 0 0 0 0 0 0 0 0 0.004294540194 0 0 0 0 0 0 0 0 0 0 0.004220678862 0.004214068085 0 0 0 0 0 0 0 0 0 0 0.006202378831 0 0 0 0 0 0 0.004926189751 0 0 0.004409985654 0 0.004227520439 0 0 0 0 0 0 0 0 0 0 0 0.004279644127 0 0 0 0 0 0 0 0.004474657729 0 0.0006281226506 0 0 0 0 0 0.0043170798 0.004260619916 0 0 0 0 0 0 0 0 0 0 0 0 0 0 0.004313972822 0.004304856451 0 0.004530009915 0 0 0 0 0 0 0 0 0 0 0.004491388627 0 0 0 0 0 0.0043319946 0 0 0 0 0 0 0 0 0 0 0 0.004371704106 0 0 0.004531332558 0 0 0 0 0 0 0.0006660777463 0 0 0 0 0 0.004478406839 0 0 0.005321107414 0.004403873442 0 0 0 0 0 0 0 0.004282097086 0 0 0.004350589598 0 0.004403659866 0 0 0.001975942811 0 0 0.004411231269 0 0 0 0 0 0 0 0 0 0 0.004189831873 0 
0 0.004323577927 0 0.0007796018 0 0 0 0 0.001031350079 0 0 0 0 0 0.001244939399 0 0 0.006224204418 0 0 0 0 0 0 0 0 0.004226094835 0 0 0.000139459656 0 0 0 0.004257274041 0.004447214765 0.004226784923 0 0.004310591019 0.0005919641758 0.004488708738 0 0 0 0 0 0.004210669919 0 0 0 0 0 0 0 0 0 0 0 0 0 0.00420789775 0 0 0 0 0 0 0 0 0 0 0 0 0.0005912874722 0 0.00189936442 0 0 0.001456445863 0 0 0 0 0 0 0.0002962735925 0 0 0.004365666166 0 0 0 0 0 0 0 0 0 0.004457168322 0 0 0 0 0 0 0.0002595325017 0 0.004207714339 0.00444861175 0 0 0 0 0 0 0 0 0.0002491728147 0 0 0 0 0.004345829613 0 0 0 0 0 0 0.0001941598133 0 0 0 0.004272319394 0 0 0 0 0 0.0003059155541 0.006080531152 0 0 0 0 0.004312914287 0 0.004314460631 0 0.0003027369609 0 0 0 4.49440028e-05 0 0 0 0 0 0 0.006211180319 0 0 0 0 0 0 0 0 0 0 0 0 0 0 0 0.004443948089 0.004283982609 0.004292076541 0 0 0 0 0 0 0 0 0.004481812242 0 0 0 0.000282508727 0.004475339766 0 0.004353746334 0 0 0.004191324458 0 0.004456712158 0 
0 0 0 0 0 0 0 0 0.0005960192205 0.004218596856 0.004338217774 0 0 0 0 0 0 0 0 0.004282310938 0 0 0 0 0.004213754963 0.004308210839 0 0 0 0 0 0 0 0 0 0.004349323837 0 0 0 0 0 0 0 0 0.004220463568 0 0 0 0 0.004218124212 0 0 0 0.004428646872 0 0 0 0 0 0 0 0.004489815531 0 0 0 0.004351039555 0.004225856725 0 0 0 0 0.004498597509 0 0.004430310559 0 0 0 0 0 0 0 0 0 0 0.004304794416 0 0 0.0002405189609 0.001822884691 0 0 0 0 0.00438980684 0.004342292726 0 0 0 0 0 0 0 0.004228425586 0 0 0.004350634883 0 0 0 0 3.867454185e-05 0 0.004205392549 0 0 0 0 0 0 0 0 0 0 0 0 0 0.004404180454 0 0.004517619941 0 0.004354848969 0 0 0.004500031527 0 0 0.004293354062 0 0 0 0 0 0 0 0 0 0 0 0 0.004409067832 0 0.006134754197 0 0.004363030873 0 0 0 0 0 0.004386391304 0 0.004191241727 0 0 0 0 0 0 0 0 0 0 0 0 0 0 0.001444012251 0 0 0 0.005004121849 0.0007541673707 0 0 0.004214065026 0 0 0 0 0 0 0 0.00429155429 0.00430339999 0 0.006341924132 0 0 0 0 
0 0.004524632718 0 0.004350881677 0 0 0 0 0 0 0 0 0 0 0 0 0.004237463722 0 0 0 0 0 0.004318279532 0 0 0 0 0 0 0 0 0 0 0 0 0 0 0 0 0 0 0 0.004232481403 0.006109522373 0 0 0.007458169156 0 0 0 0.0006193025592 0 0 0 0 0 0 0 0 0 1.63482821e-05 0 0 0 0 0 0 0 0 0 0 0 0 0 0 0 0 0 0.0008600872455 0 0 0 0.004200726311 0 0 0 0 0 0 0 0 0 0 0 0 0 0 0 0 0 0 0 0 0 0 0 0 0.0006514429174 0 0 0.004260745099 0 0.00446491651 0 0 0 0 0 0 0 0 0 0 0 0 0 0 0 0 0 0 0 0 0 0.004240466725 0 0 0 0 0 0 0 0.004217532555 0 0 0.004204408168 0 0 0 0.004525368503 0.001149364319 0 0 0 0 0 0 0.004485191429 0 0.006164586055 0.004232789217 0 0 0 0.004200984294 0 0 0 0 0 0.004494075155 0 0.004512157409 0 0.004242143925 0 0.0007836890344 0 0 0 0 0 0.004396267194 0 0 0 0 0 0 0 0 0 0 0 0.004301747602 0 0 0 0 0.004381310817 
0 0 0 0 0 0 0 0 0 0 0 0.0001290629131 0.001461414646 0.004425977236 0 0 0 0 0 0 0 0 0 0 0 0 0 0 0 0 0 0 0 0.004265426109 0 0 0.004232940702 0 0 0.004480719488 0 0.004391930044 0 0 0 0 0 0 0 0 0 0.004269038722 0 0 0 0 0 0 0 0 0 0.004464456627 0 0.004349467387 0 0 0.004359777635 0 0 0.00544223893 0 0 0 0 0.00625075323 0 0 0 0 0 0.004206303736 0 0 0 0 0 0.004252536243 0 0 0 0 0 0.004400734154 0.004286326897 0 0 0 0.004447711957 0 0 0 0 0 0 0 0 0 0 0 0 0.004333483687 0 0.00424410642 0 0 0 0.004507218587 0 0 0 0 0 0.00442974606 0 0 0 0 0 0 0.004285584007 0 0 0 0 0 0 0 0 0 0 0 0 0 0 0.004275130483 0 0 0 0 0.004379769284 0 0 0 0 0 0 0.004339876995 0 0 0 0 0 0 0 0 0 0 0 0 0 0.004342943884 0 0 0 0 0 0 0.0003742459018 0 0 0 0 0 0.001302217691 0 0 0 0 0 0 0 0 0 0 0 0 0 0 0.000287170252 0 
0 0.004508443152 0 0 0 0.004340331374 0.0001066530129 0 0 0 0 0 0 0 0 0 0 0 0.004485993061 0.004393193523 0 0 0 0 0 0 0 0 0 0 0.004262876386 0 0 0 0 0.006006498998 0.00637696934 0 0 0 0 0 0 0 0 0 0 0 0 0 0 0 0 0 0.004254504368 0 0 0 0 0 0 0 0 0.004516601385 0 0 0 0 0.004237656589 0 0 0 0 0 0.004424128037 0 0 0 0 0.0002309459822 0 0 0 0 0 0 0 0 0 0 0 0.004314822768 0 0.004471903927 0.004371289443 0 0 0 0.004377964762 0 0 0 0 0 0 0 0.004260825806 0 0 0 0 0 0 0 0 0 0 0 0.00425471989 0 0 0.004396499883 0 0 0 0 0 0 0 0 0 0.004412366903 0 0 0 0.004523479094 0 0.004235084919 0 0 0 0 0 0 0.004500026494 0.004255586568 0 0 0 0 0 0 0 0 0 0.004513311892 0 0 0 0.004347500603 0.004262026338 0 0.004434833753 0 0 0 0.004486641012 0 0.004388948037 0 0 0 0 0 6.345830111e-05 0 0 0 0 0 0 0 0 0 0 0.004292237653 0 0 0 0 0 0 0.00436980577 0 0 0.0007741181283 0 0 0 0 
0 0 0 0.006075093611 0 0.004387389316 0.0007266204289 0 0 0 0 0 0 0 0 0.004432675137 0.004532220693 0.004306988817 0 0 0.004380732092 0 0 0 0.004366994907 0 0 0 0 0 0 0.004322448008 0 0 0 0 0.004265908705 0 0 0 0.004454006297 0 0 0 0.004254700798 0 0 0 0 0 0 0 0 0 0 0 0 0 0 0 0.004486493483 0 0 0 0 0 0 0 0 0 0 0 0.004231266582 0 0 0 0 0 0 0 0 0.0006509427898 0.004441354731 0.004223283002 0 0 0 0 0.006057429638 0 0 0 0 0 0 0 0 0 0 0 0 0 0.004440846591 0 0 0.004360379145 0 0.000537732633 0 0 0 0 0 0 0 0.004433973809 0 0 0 0 0 0 0 0.004508204469 0.00451988077 0 0 0 0.004314470397 0 0 0 0 0 0 0 0.004239361181 0 0 0 0 0 0 0 0.004360336474 0 0.004438925131 0.004276280712 0.0003288608724 0.001715321776 0 0.004524933469 0.004229764578 0 0.004308298478 0 0 0.00444564606 0 0 0 0 0.004449403404 0 0 0 0 0 0 0 0 0 0.004397915383 0 0.004391653426 0.00427632632 0 0.004317779546 0 0 0 0 0.004419146871 0 0.004412961562 0.004264800008 0 0 0 0 0 0 0 0 0 0 0 0 0 0 
0 0.005056904411 0 0 0 0.00452622547 0 0 0.002620781883 0.006072317382 0 0.0005791533787 0 0 0 0.004329556164 0 0.0002660347301 0.00640433725 0 0 0 0 0 0 0 0 0 0 0.00420310357 0.004415484245 0 0.004260215761 0 0 0 0 0.004472202994 0.004482845738 0 0 0 0 0 0 0.004302044298 0 0 0 0 0 0 0 0 0 0 0 0 0 0 0.00109034398 0 0.004333995003 0 0 0.004482026188 0 0 0 0 0 0 0 0 0 0 0 0 0 0 0.004251074614 0 0 0 0 0 0 0 0 0 0 0 0.0001908472613 0 0 0 0 0 0 0 0 0 0 0 0 0 0 0 0 0.006181554105 0.004449250039 0 0 0 0 0.004513493305 0 0 0 0 0 0 0.004219444248 0 0.0004592641236 0 0 0 0 0 0 0 2.57839111e-05 0 0.00433164728 0 0 0 0 0 0 0 0 0 0 0.004240967329 0 0.0007480056135 0 0 0.004203776664 0 0 0 0 0 0 0 0.004455815067 0 0 0 0 0 0 0 0.006344788458 0 0 0.004217366562 0 0 0 0.004390573962 0 0.004244685784 0 0 0 0 0 0 0 0 0 0 0 0 0 0 0 0 0 0.004244603851 0 0 0.004254234789 0.006226025265 0.004485176784 0.004481298434 
0 0 0 0 0 0 0 0 0 0 0.004457299256 0 0 0 0 0 0 0 0 0 0 0.004213361462 0 0.006182744703 0.004196402306 0 0.004486446648 0 0 0.004236906168 0 0 0 0 0.004390240681 0 0 0 0 0 0.006152974391 0 0 0 0 0.004357523627 0 0 0 0 0 0 0.004528492665 0 0 0.0002519393849 0 0 0 0 0 0 0 0 0.004336427661 0 0 0.004477585094 0 0.0006282603056 0 0 0 0.004215990782 0 0 0 0 0 0 0.001428316534 0 6.033928529e-05 0 0 0 0 0 0 0.00436888781 0.004384046955 0 0 0 0.004346130816 0 0 0 0 0 0 0 0.004472853792 0 0 0 0 0 0 0 0.004317373807 0.00436226107 0 0 0 0 0 0 0 0 0 0 0 0 0 0 0 0 0 0.004231814905 0 0 0 0 0 0.004210077535 0 0 0.004323290365 0 0 0 0.0001252638397 0 0 0 0 0 0 0 0.004391865514 0 0 0.004497965164 0.006171100126 0 0 0.004285858196 0.0001635410383 0 0 0 0.004498642024 0 0 0 0 0.001031737066 0 0 0 0 0 0 0 0 0 0 0 0 0 0 0.004460568515 0 0 0 0 0 0 0 0 0 0 0 0 0.004463068364 0 0 0 0 
0 0 0 0 0 0 0 0 0 0.0009838187769 0 0 0 0.004368591052 0.005345518136 0 0.004197113571 0 0 0 0 0.004414767341 0 0 0 0.004326852783 0 0 0.0005180779048 0 0 0 0 0 0 0 0 0 0 0.004305279916 0 0 0 0 0 0 0 0.001419614824 0 0 0.004331344907 0 0 0 0 0.004532975038 0 0 0 0.00443815618 0 0 0 0 0 0 0 0 0.004339566905 0 0 0.001330623253 0 0 0 0 0.004249867748 0 0 0 0 0 0.005031610996 0 0 0 0 0 0.004474503772 0 0 0 0 0.0002728533861 0 0 0 0.00428130232 0 0 0 0 0.001603133482 0.004406015836 0.004370496633 0 0 0 0 0 0 0 0 0.00445646316 0 0 0 0 0 0.004364326215 0.006231063625 0.0003435024785 0 0 0 0 0 0.00030567791 0 0 0.004462374432 0 0 0.004504802869 0 0 0 0 0 0 0 0 0 0 0.004267075007 0 0 0 0 0 0 0.004344412524 0.001817653856 0 0 0 0 0 0 0.00420854561 0 0 0 0 0 0 0 0 0 0 0 0 0 0.004192241978 0 0 0 0 0.00433172837 0 0 0 0.006125566833 0 0 0 0 0.00431624902 0 0 0 0.004510105586 0 0.00434255421 0 0.006194939258 0 0 0 0 
0 0 0 0 0 0 0 0 0 0 0 0 0.004308461455 0.00426479342 0 0 0 0 0 0 0 0 0.00619873457 0 0 0.004231268135 0 0 0.004198696181 0.0007246531627 0 0 0 0 0 0 0 0 0 0 0 0.004310308593 0 0 0 0.004492814118 0 0 0.005433307536 0 0 0 0 0 0.004227659244 0 0 0 0 0 0 0 0 0 0.004451250696 0 0 0 0 0 0 0 0 0 0.00442680737 0 0 0 0 0 0 0 0 0 0.004288085138 0.005204218442 0 0 0 0 0 0 0 0 0 0 0 0 0 0 0.001070541667 0 0.004208184014 0 0 0 0 0 0 0 0 0 0 0 0.004384239841 0.004491859116 0 0 0.006113669446 0 0 0 0 0 0.004440853444 0 0.004357501338 0 0 0 0 0 0.0006322301676 0 0.004414147272 0 0.0008316214613 0 0 0 0.00436703636 0 0 0 0 0 0 0 0.004301976932 0 0 0 0 0 0 0.004349119672 0 0 0 0 0 0 0.004304744432 0 0 0 0 0 0 0.004456019252 0 0 0 0 0 0 0 0 0 0 0.001911135888 0 0 0 0 0 0 0.0008530108559 0 0 0 0 0 0 0.004253687535 0 0 0 0 0 
0 0 0 0 0 0.004373370446 0.004400572393 0 0 0 0 0.0062049082 0 0 0 0 0 0.006202194905 0.004254852708 0 0 0 0.004421604094 0 0 0 0 0 0.004250194924 0 0 0.00434640298 0 0 0 0.004237392455 0.004354838241 0 0 0 0 0 0 0 0 0 0 0.004530383373 0 0 0 0 0 0 0 0 0 0 0 0 0 0 0 0 0.004429144879 0 0 0 0 0 0 0.0003901625699 0.004272173397 0 0 0 0 0 0.004267312569 0 0 0.004317741206 0 0 0 0 0 0 0 0 0 0 0 0 9.918389737e-05 0 0.004438920902 0 1.642487289e-05 0 0 0 0 0 0 0 0 0 0 0 0.004314991728 0 0.004293851329 0 0 0 0 0 0.0006863615609 0.004491313064 0 0 0 0 0 0 0.004429609058 0 0 0 0 0 0.004300835692 0 0 0 0 0.004516562036 0.004419367588 0 0 0 0.006176199637 0 0 0 0 0 0 0 0 0 0 0 0 0 0 0 0 0 0 0 0 0 0 0.004329466049 0 0 0 0 0 0.004358669137 0 0.004494867779 0 0 0 0.004369160669 0 0.004475076609 0 0 0 0 0 0 0.004381657191 0 0 0 0 0.0006977895239 0.004515168088 0 0 0.004337239462 0 0 0 0 
0 0 0 0 0 0.004506319529 0 0 0.004515289745 0 0 0 0 0 0.004273297027 0.00439978125 0 0.004262893805 0 0 0 0 0.004455314071 0 0 0 0 0 0 0 0 0 0 0 0 0 0 0 0.003083155073 0.0044747664 0 0.004504843003 0.004256355108 0 0 0 0 0 0 0 0 0 0 0 0.001131731856 0 0.004425361092 0 0 0 0 0 0 0 0 0 0 0 0 0 0.004359470461 0 0 0 0 0 0 0 0 0 0 0 0 0.004491609671 0.004523504743 0 3.339622547e-07 0 0 0 0 0.005978313618 0 0 0 0 0 0 0 0 0.005249713163 0 0.004397333534 0 0 0 0 0 0 0.004333591256 0.004332957786 0 0 0 0 0.001026440282 0.004900543728 0 0 0 0 0 0 0 0 0 0 0 0 0 0.004301111608 0 0.0045306186 0.004227460212 0 0 0 0 0 0.004379605439 0 0 0 0 0 0 0 0 0 0 0.004441617625 0 0.004238257612 0 0 0 0 0 0 0 0 0 0 0 0.004272192434 0 0 0 0 0 0 0 0 0 0 0 0 0 0 0 0 0.004398105769 0 0 0 0 0 0 0 0 0.004240309416 0 0.0002468671152 0.0008724530764 0.004260726975 0 0 0 0 0 
0 0 0 0 0.004483272221 0 0.004499805764 0 0 0 0 0 0.004417443384 6.125239094e-06 0 0 0 0 0 0 0.004370147051 0 0 0 0 0 0 0 0 0 0 0 0 0 0 0 0 0 0 0 0 0 0 0 0 0.0006871182031 0 0.004480634233 0 0 0 0 0 0 0 0 0 0 0 0 0 0 0 0.0001400583243 0.0008773779953 0 0.00431453152 0 0 0 0 0 0 0 0 0 0 0 0 0 0 0 0 0 0 0 0 0 0 0 0 0.004391873933 0 0 0 0 0 0 0 0 0 0 0 0.004458859428 0.00446607118 0.004222515112 0 0 0 0 0 0 0 0 0 0 0 0 0 0.0006443648752 0 0 0 0 0.004198963851 0 0 0 0 0 0 0 0 0 0 0 0 0 0 0 0 0 0 0 0 0 0 0 0 0 0 0 0 0 0 0 0 0 0 0 0 0 0.004189429517 0.004269554046 0 0 0 0 0 0 0 0 0 0 0 0 0 0 0 0 0 0 0 0 0 0.004504075382 0 0 0 0 0.0004816846432 0 0 0.004218766329 0 0 0 4.738278095e-06 0 0.004233309022 
0 0 0 0 0 0 0.00429786908 0 0 0.004495464352 0.004197957281 0 0 0 0 0 0 0 0 0 0 0.004394399564 0 0 0 0 0 0 0.004362912206 0.004278317165 0 0 0 0 0.006301524629 0 0 0 0 0 0 0 0 0 0 0 0 0 0 0 0 0 0 0 0 0.004393700431 0 0 0 0 0 0 0 0 0 0 0.004251087535 0 0 0 0 0 0 0 0 0 0 0 0.004334578377 0.004331870015 0 0 0 0 0 0.004292401899 0.004347507803 0 0 0 0.006319562867 0 0 0 0 0 0 0 0 0 0 0 0 0 0 0.004192399241 0 0 0 0 0 0 0 0 0.004392433313 0 0 0 0.0008154758717 0 0 0 0 0 0 0 0 0 0.0001177381483 0 0.004307051552 0 0 0 0.004356482329 0 0 0 0 0 0 0 0 0.004315380057 0 0.004276523295 0 0 0.004510422689 0.004371717706 0 0 0.004247935199 0 0.00428950348 0 0 0 0 0 0 0 0 0 0 0 0 0 0 0 0.004290518081 0 0 0 0 0.004416601442 0 0 0 0 0.001319846072 0 0 0 0 0 0 0 0 0 0 0.00441170668 0 0 0 0 0 0 0 0 
0.004447535625 0 0 0 0 0 0 0 0 0 0 0 0 0 0 0 0.004450104106 0 0 0 0 0.004421174451 0 0 0 0 0 0 0 0 0 0 0 0 0 0.004301595409 0 0 0 0.00429838323 0 0.0009461188271 0 0.001510200185 0 0 0 0 0 0 0 0 0 0 0 0 0 0 0 0 0 0 0 0 0 0 0 0.004430096391 0 0 0.0044530292 0.004465926929 0 0 0 0 0.004289501059 0 0 0 0 0 0 0 0 0 0 0 0 0 0 0 0.004510007132 0.0005368133031 0 0 0 0 0 0 0 0.00445529395 0 0.00437497191 0 0.006063931164 0 0 0 0 0 0.006658618926 0 0 0 0.004461804718 0 0.004322375762 0 0 0 0 0 0 0 0.004460149945 0 0.004266154774 0 0.004385905596 0 0 0 0 0 0 0 1.59762421e-05 0 0 0 0 0 0 0 0 0 0 0 0 0.004233002641 0 0 0 0 0 0 0 0 0 0 0 0 0 0 0 0.004259652106 0 0 0 0.004492840326 0 0 0.004286241259 0.004461045482 0 0.004311281635 0 0.001199120095 0 0 0 0 0 0 0 0 0 0 0 0 0 0.004269586452 0 0 0 0 0 0 0 
0 0 0.004360984861 0 0 0.004286474774 0 0 0 0.004513107479 0 0 0.004212571738 0 0 0 0 0.004247938744 0.0003790430321 0.004334900532 0 0 0.006302886867 0 0.00277844219 0.0002374567547 0.004278040795 0 0 0.001089564497 0 0 0 0 0 0.0008305268597 0 0 0 0 0 0 0 0 0.0004196469907 0 0 0.004433903372 0 0 0 0 0 0 0 0 0 0 0 0 0 0 0.004400434541 0 0 0.0005521173949 0.004240315459 0 0.0008515803137 0 0 0 0 0 0 0 0 0 0 0 0 0 0 0 0 0 0 0 0 0 0 0 0 0 0 0 0 0 0 0 0 0 0.004214891487 0.004341832958 0 0 0 0 0 0.004372606528 0.00440723393 0 0 0 0 0 0 0 0 0 0 0 0 0 0 0 0.004228616427 0.004240205139 0 0 0 0.004323325057 0 0 0 0 0 0 0 0 0 0 0 0 0 0.004464198272 0 0 0 0 0 0.004497567915 0.004236222296 0 0 0 0 0.004359221498 0 0 0 0 0 0 0 0.004257735421 0 0.004334244655 0 0 0 0 0.00642801487 0 0 0 0.004297522928 0.004209597465 0 0 0 0 0 0 0 0 0 0 0.004394008379 0.004359723672 0.004225283383 0 0 0 0.004218790236 0.001185970268 0 0 0.004431429562 0 
0 0 0 0 0 0 0.0006870806336 0 0 0.004248220753 0 0 0 0 0 0 0 0 0 0 0.004320327374 0.00436805092 0 0 0 0 0 0 0 0 0 0 8.582276208e-05 0 0 0.004531010118 0 0 0 0 0 0 0 0 0 0 0 0 0 0 0 0.004323063673 0 0 0 0 0 0 0 0 0 0 0 0.004455109065 0 0 0 0 0 0.006242404139 0 0 0 0 0.005369316896 0.005197252299 0 0.004467163584 0.004278571538 0 0 0 0 0 0.004466481647 0 0.004295642298 0 0 0 0 0.004258212707 0.001227144056 0.006038876772 0 0 0 0 0 0 0.004327533257 0 0 0.004525757664 0 0 0 0 0.004447268981 0 0 0 0 0 0.004197123529 0 0 0 0 0 0 0 0 0.004436909284 0 0 0 0 0.004946510314 0 0 0 0 0.0004778543285 0 0 0 0.004527737732 0 0 0.0001375967222 0 0 0.00420281533 0 0 0 0 0 0 0 0 0 0 0 0 0 0 0 0 0 0 0 0.00510132971 0.004330951787 0 0 0 0.0007771844318 0 0.004391302094 0 0 0.004262532372 0.004338508236 0 0 0 0 0 0 0 0.004409450559 0 0 0 0 0 0 0 0 0.004249916437 0 0 0 0 0 0 0 0 
0 0 0.004417110863 0.006444705663 0 0 0 0 0 0.004337196594 0 0 0 0.004492469611 0 0 0 0 0.004504030534 0.00447107991 0 0 7.616314916e-05 0 0 0 0 0 0.001185877471 0 0 0 0 0 0 0.004458267653 0 0 0 0 0 0 0 0 0 0.0004315728243 0 0 0 0 0 0.004503877474 0.00423599311 0 0.004405924061 0 0 0 0 0 0 0 0 0.004529528658 0 0 0 0 0 0 0 0 0 0 0 0 0 0 0 0 0 0 0 0 0 0 0 0 0.00432262144 0.004524192641 0.002145809161 0 0.004517091148 0 0.004491868571 0 0 0 0.004247059428 0.004320482622 0 0 0 0 0.005138549366 0 0 0 0 0 0.004258465512 0 0 0 0 0 0 0 0 0 0 0 0 0 0 0.001160033725 0 0 0 0 0 0 0.004384516013 0 0.001212724513 0 0 0.004448104369 0 0 0 0 0 0 0.004416140363 0 0 0 0 0 0.004291683814 0 0.0005086194184 0 0 0 0 0 0 0 0 0 0 0 0 0.0002246637549 0 0 0 0 0 0 0 0 0.004445933614 0 0 0 0 0 0 0 0 0 0.004222890517 0.006264986683 0 0 0 0 0 0 0 0 0 0 0 0 0.004356005844 0 
0 0 0 0 0 0 0 0 0.004434776491 0 0 0 0 0 0 0 0 0 0.005388056054 0 0 0 0 0.0005560398605 0 0 0.004215173645 0 0 0.0004629628581 0 0 0.004509526796 0 0 0.004286297868 0 0 0.000258890135 0 0 0.004422291119 0.004442044345 0.004490918675 0 0 0 0 0.004462805444 0 0 0 0 0.004292080472 0 0 0 0 0 0.004318703058 0 0 0.005335577496 0.006058448242 0 0.00438087364 0 0 0 0 0 0 0 0 0 0 0 0 0 0.004533843114 0.000614434912 0 0.004404080842 0 0.004320142538 0 0 0 0 0 0 0 0.0005123258942 0 0 0 0 0 0 0 0 0 0 0 0 0 0 0 0.004453742121 0 0 0 0 0 0 0 0 0 0 0 0 0 0.0042789457 0 0 0.004373811441 0 0 0 0 0 0.004203002358 0.004213135838 0 0 0 0 0 0.0001742912685 0.004488433395 0 0 0 0.004380420473 0 0 0 0 0 0 0 0 0 0 0 0 0.004275812308 0.004295096531 0 0 0 0 0 0 0 0 0.004305185957 0 0.00446030022 0 0.004248540079 0.004408011073 0 0.0006480053037 0 0 0 0 0 0 0 0 0 0 0 0 0 0 0 0 0 0 0 0 0 0 0 0 0.0009299141426 0 
0.004291252344 0 0 0 0 0 0 0 0 0 0 0 0.00433446508 0 0 0 0 0 0 0.0008900391011 0 0 0.004220000826 0.004273045137 0 0 0 0 0 0 0 0.004477099372 0 0 0 0 0 0 0 0 0 0 0.006285657313 0.002122610239 0 0 0 0 0 0 0.004514562145 0 0 0 0.00654534272 0 0 0 0 0 0 0 0 0 0 0 0 0 0.004418792775 0 0.004375894109 0 0.004350086592 0 0 0.0007048872786 0 0 0.004307670708 0 0.004261217761 0 0 0 0 0 0.006180845895 0 0 0 0 0 0 0 0 0 0 0 0 0 0 0.004227350045 0 0 0 0 0 0 0 0 0 0 0 0 0 0 0 0.005203711845 0 0 0 0 0 0 0 0.00443285889 0 0 0.00516728205 0 0 0 0 0 0 0 0 0 0 0 0.004330750746 0 0 0 0 0 0.004206855626 0 0 0.004403177686 0 0 0 0 0 0 0 0 0 0 0 0 0 0 0 0.004351721614 0.004206173224 0.004451865305 0 0 0 0 0 0 0 0 0 0 0 0 0 0 0 0 0 0 0 0.004266224715 0 0 0 0 0.004888287156 0 0 0.004484426003 0 0 0 0 
0.0008279153115 0 0 0.004507482941 0.004210421068 0 0 0.004346705184 0 0 0.004483506518 0 0 0 0 0 0 0 0.004504101919 0.00431550365 0 0.0006465483067 0.006235170785 0.000505138671 0 0 0.004292908172 0 0 0 0.004297170647 0 0 0 0 0 0 0.00430332638 0 0 0 0 0.007692070184 0 0 0 0 0 0 0 0 0 0 0 0 0 0 0 0 0 0.004342543007 0 0 0 0 0 0 0 0.006114916647 0 0 0 0 0 0 0 0 0 0 0 0 0 0 0 0 0 0 0 0 0 0 0 0 0 0 0 0 0 0 0.0004605331849 0 0 0 0.00419292999 0 0 0 0 0 0 0 0 0 0.00740424069 0 0 0 0 0 0 0.002648849869 0 0.004460858324 0 0 0 0 0.005443862205 0 0 0 0 0 0 0.004527351899 0 0 0.005978488272 0.004278037196 0 0.004491986785 0 0 0 0.004227194824 0 0 0 0 0 0 0 5.350376882e-06 0.00430324589 0 0 0 0 0 0 0 0 0.004477391343 0 0 0 0 0 0.004372727155 0 0 0 0 0 0 0 0 0 0 0 0.00433763978 0.004253852888 0 0 0 0 0 0.001142451973 0 0 0 0.007505331856 0 0 0.004508816209 0 0 0 0 0 
0.004372529496 0 0 0 0.004358973461 0 0 0 0 0 0 0 0 0 0 0.00440856643 0 0 0 0 0 0 0 0 0 0 0 0 0 0 0 0 0 0 0 0 0 0 0 0.004335558742 0 0.004225310251 0 0.004407313103 0 0.004375152925 0 0 0 0 0 0 0.006155617977 0 0 0 0 0 0 0 0 0 0 0 0.004490847025 0.005126719538 0 0.004358115526 0 0 0 0.004231392178 0 0 0.004292752038 0 0 0 0 0.004484515551 0 0 0 0 0 0.004271749196 0 0.004212934066 0 0 0 0 0 0.004438988014 0 0.00617304167 0 0 0.001090891523 0 0 0 0 0 0 0 0.004353879756 0 0.004349661639 0 0.004257602728 0 0 0 0 0.00450298576 0.004509851576 0.004397716968 0 0 0 0 0 0 0.004297387837 0 0 0.001812547935 0 0.005253793455 0 0.004366423758 0 0 0.002827680408 0 0 0 0 0 0 0 0 0 0 0 0 0 0 0 0 0.004442637264 0 0 0 0 0 0.004437203553 0 0 0 0.004387563396 0 0 0 0 0 0 0.007572745846 0 0 0 0 0 0.004258434504 0 0 0 0.004260012945 0 0 0 0.006276668317 0 0 0 0 0 0 0 0 0 0.004478355568 0.004210678056 0 1.202935311e-05 0 0 0 0 
0 0 0 0 0.004374245945 0 0 0 0 0 0.001090449251 0 0 0 0 0 0 0.004305228338 0 0 0.004401584577 0 0 0 0 0 0 0 0 0 0.004463766684 0 0.004286355762 0 0 0 0 0 0 0 0 0 0 0 0 0 0 0 0.00430909665 0 0 0 0 0.004281526098 0 0 0 0 0 0 0 0 0.004411489415 0 0 0 0 0 0 0 0 0 0 0 0 0.004381679118 0 0 0 0 0 0 0.00520824439 0.004497353844 0.004524202551 0 0 0 0 0 0 0 0 0 0 0 0 0 0 0.004327259844 0 0 0.00419269346 0 0 0 0 0 0 0 0 0 0 0 0 0 0 0 0.004272628232 0 0.0002936961505 0 0 0 0 0.004332982846 0 0 0 0.004223771853 0.004356148171 0.004335445259 0.0006321440414 0 0 0 0 0 0.001621988191 0.004434372263 0 0 0 0 0 0 0.006170376021 1.573143477e-05 0.001375968879 0 0 0 0 0.004232502193 0.004325469861 0 0 0 0.00446086526 0 0 0 0 0 0 0 0 0.004463236916 0.006086416437 0 0 0 0 0 0 0 0 0 0.004375824041 0 0 0 0 0 0 0 0 0 0.0009731331087 0.004194597797 0 0 0 0 0.00437558731 0.004474654892 0 0 0.000196062943 0.004295037089 
0 0 0 0 0 0.004377559527 0 0 0 0 0.0008653336692 0 0 0 0 0 0 0 0 0 0 0 0.004334966515 0 0 0 0 0 0 0 0 0 0 0 0.004371024142 0 0 0 0 0 0 0 0 0 0 0 0 0 0 0 0 0 0 0 0 0 0.001317585961 0 0 0 0 0.004332413592 0 0 0 0 0 0.004223611905 0.004231560101 0 0.004204605622 0 0.004475281015 0.004458833551 0 0 0 0 0.004295490159 0 0.004214461881 0 0 0 0 0 0 0 0 0 0 0.004527530188 0 0 0 0.004471822742 0 0.001256917747 0 0.004479453231 0 0 0.004285158426 0 0 0 0.004405473517 0 0 0 0 0 0.004428346286 0 0 0 0 0.004194766959 0 0 0 0 0.004257547327 0 0 0.004330264474 0 0 0 0 0 0 0 0.004282840904 0 0 0 0 0.00118169071 0 0 0 0 0 0 0.004279506646 0.004446469033 0 0 0 0 0.00444221559 0 0 0 0 0 0 0 0 0 0 0 0.002779580124 0 0 0 0 0 0 0 0 0 0 0 0 0 0.004249281781 0 0 0 0 0 0 0.001144712064 0 0 0 0 0.004527640343 0 0 0.004449556748 0.001917478113 0.001496263217 0 0 0 0 0 
0.004266266772 0.004271795632 0 0 0.004219727047 0 0.00434056436 0.004234157877 0 0 0.004497100901 0 0.0009946936464 0 0 0 0 0 0 0 0 0 0.004344047893 0 0 0 0 0 0 0 0 0.00428555601 0 0 0 0.0009458967132 0.001765893831 0 0 0 0 0 0 0 0 0 0 0.006132227345 0.0006631640082 0.004474859072 0 0 0 0 0.004420837585 0 0 0 0 0 0 0 0.0001452091487 0 0 0 0 0 0 0 0 0 0 0 0 0 0 0 0 0 0.004473806267 0 0 0 0.004403377812 0 0 0 0 0.004261673067 0 0.004337795978 0 0 0 0 0 0 0 0 0.004280795972 0 0 0 0 0 0 0.004452568436 0 0.004267386302 0.004434566155 0 0 0 0 0 0 0 0 0 0 0 0 0 0 0 0 0.004330276465 0 0.004224076398 0 0.004508785383 0 0 0 0 0 0 0 0 0 0 0 0 0 0 0 0 0 0.004457819697 0 0 0 0 0 0 0 0 0 1.741832488e-05 0 0.00429817626 0 0.004349960947 0.004500669387 0 0 0.004230924419 0 0 0.004454429383 0 0 0 0.001289496367 0 0 0 0 0 0 0 0 0 0 0 0 0 0 0 0 0 0 0 0 0 0 0 0 0 
0.004443471738 0 0 0 0 0.0044353295 0.006289030086 0 0 0 0 0.00426475915 0 0.00434776716 0 0.0060280773 0 0 0 0.004252917333 0 0 0 0.0003326558734 0 0 0 0 0 0 0 0.004248878271 0 0 0 0 0 0 0 0 0 0 0 0 0 0 0 0 0.001497538329 0 0 0 0 0.004496585809 0 0 0.004268016207 0.004243011322 0 0 0 0.004331892625 0 0 0 0 0 0.004232389515 0 0.004431217473 0 0 0 0 0 0 0 0 0 0 0 0 0 0.004273803967 0 0 0 0 0 0 0 0 0 0.004328207194 0 0 0 0 0 0 0.004481197107 0.0001047572366 0 0.004432983575 0 0 0.0003275454627 0 0.004310652304 0 0 0 0 0 0.004407830618 0 0 0.004401615954 0 0 0 0 0 0 0.004455105597 0.004301994724 0 0.004445073669 0.004316470349 0 0 0.004260915823 0 0 0 0.004251528734 0 0.00444425405 0 0 0 0 0 0 0 0 0 0 0 0 0 0 0.004409843068 0 0 0 0 0 0 0 0.004302374097 0.004290032175 0 0 0 0 0 0 0 0 0 0.004272857928 0 0.0006049866414 0 0 0 0.0006207051361 0 0.00624466655 0 0 0 0.004267513893 0 0 0.004400912424 0 0 0 0 0 0.004308747112 0 0 0.004318750301 0 0 0 0 
0 0 0 0.0009009637127 0 0 0.004433454859 0 0 0 0 0 0 0.00616545788 0 0 0 0 0 0 0 0 0 0 0 0 0 0 0 0.00424588092 0 0.004462828982 0 0 0 0 0 0 0 0 0.004425527943 0 0 0 0 0.004328484924 0 0 0 0 0 0 0 0 0 0 0 0 0 0 0 0 0 0 0 0 0 0 0 0 0.004222156063 0 0 0 0 0.00430527325 0 0.0006033195302 0 0 0 0 0 0 0 0 0.004358664285 0 0 0 0 0 0.004375995727 0 0 0.004320172741 0 0 0 0 0.006119288373 0 0 0 0.0006956393598 0.004307510531 0 0 0 0 0 0 0 0 0.004225176042 0 0 0 0 0 0 0.004353296988 0 0.004515736724 0 0 0 0 0 0 0 0 0.004455019534 0 0 0 0 0 0.004289923448 0 0 0 0 0 0 0.004266186034 0 0.005394025267 0 0 0.0042229124 0.00134760369 0 0.0003590879782 0 0 0 0 0.004407376061 0 0 0 0 0 0 0 0 0 0.004391710194 0 0.004202151079 0 0 0 0 0 0 0 0 0.004339145844 0 0.00430988434 0 0 0 0 0 0 0 0 0.006316608478 0 0 0.004428287714 0.00422349055 0 0 0 0 0.00439925365 
0 0 0.0003728131194 0 0 0 0 0.00434692342 0 0.004334585569 0 0 0 0 0 0 0.005144318006 0 0 0 0.004523232749 0 0 0 0 0 0 0 0 0 0 0.006569905867 0 0 0.0002584381152 0.004341897776 0 0 0 0 0 0 0 0.004293321848 0 0 0 0 0 0.004521187754 0 0 0 0.004410010409 0.004416828088 0 0.004298550691 0 0 0 0 0.006345417211 0 0 0 0 0 0 0 0.004425028549 0 0 0 0 0 0 0 0.0002902753072 0 0 0 0 0 0.004205302326 0 0 0 0 0 0 0 0.004481555738 0 0 0 0 0.006238989749 0.00434097909 0 0 0 0 0 0 0 0 0 0 0 0 0 0 0 0 0 0 0.004511946278 0 0 0.004498547315 0.004261682086 0.004402162908 0 0.004455610202 0 0 0 0.004219022142 0 0 0 0 0 0.004191427342 0 0 0 0 0 0 0 0 0 0 0 0.006182545723 0 0 0.0007783679339 0 0 0 0 0.004481561003 0 0.001168012922 0 0 0 0 0 0 0 0 0 0 0 0 0.004264416738 0.004403406964 0 0 0 0 0.0005300541816 0 0 0 0 0 0 0 0 0 0 0 0 0 0 0 0 0 0 0.004445291787 0 0 0 0.004436933715 0 0.004195862736 
0 0 0 0 0 0 0 0 0 0 0 0 0 0 0 0.0006885987945 0 0 0 0 0 0.004219232759 0 0.004224609426 0 0.0003183186298 0 0 0 0 0.004268414309 0 0 0 0 0 0.004470574659 0.004525654674 0.004198470529 0 0 0 0 0.0001581440438 0.004255018331 0 0 0 0.00426593281 0 0 0 0 0 0 0 0 0 0 0.005133682067 0 0 0.004363838084 0 0 0 0 0.004276897963 0 0 0 0 0 0 0.004378517937 0 0 0 0 0.004477601002 0.004312722187 0 0 0 0 0 0 0 0 0 0 0.005113809231 0 0 0 0 0.00433619273 0 0 0.00432467141 0 0 2.08427644e-05 0 0.004249774983 0 0 0 0 0 0 0 0 0.006093485911 0 0 0 0 0 0 0 0.004292361549 0 0 0 0 0 0 0.00434824633 0 0 0 0 0 0 0 0 0 0 0 0 0 0 0 0 0.004302891995 0 0.004323412832 0 0 0 0 0 0 0 0 0 0.004405932421 0 0 0 0 0 0 0 0 0 0 0.0009464378157 0 0.004307345299 0.004485358445 0 0 0 0 0 0 0 0 0 0.004425206002 0 0.003992968941 0 0 0 0.004500953944 0 0 0.0002112115325 0 0 0 0 0 0 0.004360463155 0 0 
0 0 0 0 0 0 0 0.004513755117 8.580521467e-05 0 0 0.004438732875 0 0 0 0 0.0007036941026 0 0 0 0.00605432282 0 0 0 0 0 0 0 0 0 0 0 0.004505833907 0 0.004423780462 0 0.004300217496 0.004231822975 0 0 0.004331136675 0 0.0002372889725 0 0 0 0.0002540104185 0 0 0 0 0 0 0 0 0 0 0 0 0 0 0 0.004210105884 0 0 0 0 0 0 0 0 0 0.004331181414 0 0 0 0 0 0 0 0 0 0 0 0 0 0 0 0 0 0 0 0 0.004290339834 0 0 0 0 0 0 0 0 0 0 0.004308782042 0 0 0 0 0.004423475752 0 0 0.0007808518658 0.004353167496 0 0 0 0 0 0 0 0 0 0 0 0 0 0 0 0.004427814876 0 0.004444741072 0 0 0.004225373533 0 0 0.004359352249 0 0 0.005251049075 0.00426031559 0 0 0 0 0 0.004277759425 0 0 0 0 0 0 0 0 0 0 0 0 0 0 0 0 0 0.00419377681 0 0 0 0 0 0 0 0 0.005357024835 0 0 0.004457716295 0 0 0 0 0 0 0 0 0 0 0 0 0 0 0.006069531718 0 0 0 0 0 0 0 
# Events [psd_det/post_det.dat] N:
0 0 0 0 1 0 1 0 0 0 0 0 0 0 0 0 1 0 0 0 0 0 0 2 0 0 0 0 0 0 0 0 0 0 1 0 1 0 0 1 0 0 1 0 0 0 0 0 0 0 0 1 0 0 0 0 0 0 1 0 0 0 0 2 0 0 0 0 0 0 0 1 0 1 0 0 0 0 1 0 0 2 0 0 1 0 0 0 0 0 0 0 2 1 0 0 2 0 0 0 0 1 0 0 2 1 1 0 0 0 0 0 0 0 0 1 2 0 0 0 0 0 2 0 0 1 0 1 0 0 0 1 0 0 0 0 2 0 0 0 0 0 3 0 0 0 0 0 0 0 0 0 0 0 0 0 0 0 0 0 1 1 0 0 0 0 0 0 0 0 0 0 2 0 1 0 0 0 0 1 0 0 0 0 0 1 0 0 1 0 0 0 0 1 0 1 0 0 0 0 
0 0 0 0 0 0 0 0 1 0 1 0 0 0 1 0 0 0 1 0 0 0 1 1 0 0 0 0 0 0 0 0 1 0 0 0 1 0 1 0 0 0 0 0 0 0 0 0 0 1 1 2 1 0 0 0 0 0 1 1 0 0 0 0 0 0 1 0 0 0 0 0 0 0 0 1 0 0 1 0 0 0 0 0 1 0 0 0 0 0 0 0 0 0 0 0 1 0 1 0 0 1 0 0 0 0 0 0 0 0 0 0 0 1 1 0 1 0 0 0 0 0 0 0 0 0 0 1 0 0 0 1 1 0 0 0 0 0 0 0 2 0 0 0 0 0 0 0 0 0 0 0 0 0 0 0 0 0 0 1 0 0 0 0 0 0 0 0 0 0 0 1 0 0 0 0 0 1 1 0 0 0 0 0 0 0 0 0 0 0 0 0 0 0 1 0 0 0 0 0 
0 0 0 0 0 1 0 0 0 0 0 0 0 0 0 0 1 0 2 0 0 0 0 0 0 0 1 0 0 0 0 0 0 0 0 0 0 0 0 0 1 0 0 0 1 0 0 0 0 0 0 0 1 0 1 0 0 0 0 0 0 0 0 1 0 0 0 0 0 0 0 0 0 0 1 0 0 1 0 0 1 0 0 0 0 0 0 0 0 0 0 0 0 1 0 0 2 0 0 0 0 0 1 1 1 0 0 0 1 0 0 0 0 0 0 0 0 0 0 0 0 0 0 1 0 0 0 1 0 0 0 0 1 1 0 0 0 0 0 0 0 0 0 0 0 1 1 0 0 0 0 0 0 0 0 1 1 0 0 0 0 0 1 1 0 0 0 1 1 0 1 0 1 0 0 0 0 0 1 0 0 0 0 0 0 0 0 0 1 0 0 0 0 0 0 0 0 0 0 0 
0 0 0 0 0 2 1 0 0 0 0 0 0 0 0 0 0 1 0 0 1 0 0 0 0 0 0 0 0 0 0 0 0 0 0 0 0 0 1 0 1 0 0 0 0 0 1 0 2 0 0 0 1 0 0 0 1 0 1 0 0 0 0 0 0 0 1 0 0 0 1 0 1 0 0 1 1 0 0 0 0 0 1 0 1 1 0 0 1 1 0 0 1 0 0 1 0 0 0 0 1 1 0 1 0 0 0 0 0 0 0 1 0 0 0 0 0 0 2 0 0 0 0 0 1 0 0 0 0 1 1 0 0 0 0 0 0 0 0 0 2 0 1 0 0 1 0 0 0 0 0 0 0 0 0 0 0 0 0 1 0 0 0 0 0 0 1 0 1 0 0 0 0 0 0 0 0 0 0 0 0 0 0 0 0 0 0 1 0 1 0 0 1 0 0 1 2 0 0 1 
0 0 0 0 0 0 0 0 0 1 0 0 0 1 0 0 0 0 0 2 0 0 1 0 0 1 0 0 0 0 1 0 1 0 0 0 0 1 0 0 1 0 0 0 0 0 1 0 0 0 0 0 0 1 1 1 0 0 0 0 0 0 0 0 1 0 0 0 0 1 0 0 0 0 1 0 1 0 0 0 0 0 1 0 1 1 0 0 0 1 1 0 1 0 0 0 0 0 0 0 0 1 0 0 0 0 0 0 0 0 1 0 1 0 0 0 0 0 0 0 0 0 0 0 2 0 0 0 0 0 0 0 0 0 0 0 0 0 0 0 0 0 1 0 0 0 0 1 0 0 1 0 0 0 0 0 0 0 0 0 1 0 2 1 0 0 0 0 1 0 1 0 0 1 0 2 0 0 0 0 0 0 0 0 0 1 0 0 1 0 0 0 1 0 0 0 0 0 0 0 
0 0 0 1 1 1 0 0 0 0 0 0 1 0 1 1 0 0 0 0 1 1 0 1 0 1 0 0 1 1 0 0 0 0 0 0 0 0 0 0 0 0 0 2 1 2 0 0 0 1 1 0 1 0 0 0 0 0 0 0 0 0 0 0 0 0 0 0 0 0 1 0 0 0 0 0 0 0 0 1 0 0 1 0 0 0 0 0 0 0 0 1 0 0 0 1 0 1 0 0 1 0 0 0 0 0 0 0 0 0 0 0 0 0 0 0 0 0 0 0 1 0 0 0 0 1 0 0 0 0 0 0 0 1 0 0 0 1 0 0 1 0 0 0 0 0 0 1 0 1 0 0 0 0 1 0 0 0 0 1 0 0 0 0 0 0 0 0 0 0 0 0 0 0 0 0 0 1 0 0 1 0 0 0 0 0 1 0 0 0 0 0 0 1 0 0 0 0 1 1 
0 0 0 1 0 0 1 0 0 1 0 1 0 0 0 0 0 0 0 0 1 0 0 0 0 0 0 0 0 0 1 1 0 0 0 0 0 1 0 0 0 1 0 0 0 0 1 1 1 0 0 0 0 0 0 0 0 0 0 1 1 0 0 0 0 0 0 0 0 0 0 0 0 0 0 0 0 0 0 0 0 0 0 0 0 0 0 0 0 0 0 0 0 0 0 0 0 0 0 0 1 0 0 0 0 0 0 1 0 0 0 1 0 0 0 0 0 0 1 0 0 1 1 0 0 0 1 0 0 0 0 0 0 1 0 1 0 0 0 0 2 0 2 0 0 0 0 0 0 1 1 0 0 1 0 0 0 0 0 0 0 0 0 0 0 0 0 1 0 0 1 0 0 0 1 0 0 0 0 0 0 0 0 0 0 0 0 0 0 0 0 0 0 0 0 0 1 0 0 0 
0 0 1 0 0 0 1 0 0 0 0 1 0 0 0 0 0 1 0 0 0 0 0 0 0 0 0 0 0 0 0 0 0 0 0 0 0 0 0 0 2 0 1 0 0 1 0 1 0 1 1 0 0 0 0 1 1 1 0 1 1 0 0 1 0 0 0 0 0 1 0 0 1 0 0 0 0 0 0 0 0 0 0 0 0 0 1 0 1 0 1 1 0 0 0 0 0 0 0 0 0 0 2 0 1 1 0 0 1 0 1 1 0 0 0 1 1 0 0 1 0 0 0 0 1 0 0 0 0 0 0 0 0 0 0 1 0 0 1 1 0 2 1 0 0 1 0 0 1 0 2 0 0 0 0 1 0 0 0 0 0 0 0 0 0 0 0 0 0 0 0 0 0 0 0 0 0 0 2 1 0 0 0 1 1 0 0 0 0 0 1 0 1 0 0 0 0 0 0 0 
0 0 0 0 1 0 0 1 0 0 0 0 0 0 0 0 0 0 0 0 1 0 0 0 0 0 0 0 0 1 0 0 1 1 0 0 0 0 0 0 0 0 0 0 0 0 0 1 0 0 2 0 0 0 0 0 0 1 0 1 0 1 0 0 1 0 0 0 0 0 0 0 0 0 0 0 1 0 1 0 0 0 0 0 0 0 0 0 0 0 1 0 0 0 0 1 1 0 0 0 0 0 1 1 0 0 0 0 2 1 1 0 0 0 1 0 0 1 0 1 0 1 0 1 0 1 0 1 1 2 1 0 1 1 0 1 0 1 0 0 0 0 1 0 0 0 0 1 0 0 0 1 0 0 1 0 0 0 0 0 0 0 0 1 0 0 0 0 2 0 0 0 0 1 0 1 0 0 0 0 0 0 0 0 0 0 0 0 0 0 0 1 1 0 3 0 0 0 0 0 
1 0 0 0 1 0 1 0 0 0 0 0 1 0 0 0 1 0 0 0 0 0 1 0 0 0 0 0 1 0 0 1 0 0 1 0 1 0 0 0 1 0 0 0 0 0 1 0 1 0 0 0 0 0 0 0 1 0 0 2 1 0 0 0 0 0 0 0 0 0 1 0 1 0 0 0 0 0 1 1 0 0 0 0 0 0 0 0 1 0 0 0 0 0 0 0 0 0 0 0 0 0 0 0 0 0 0 0 0 0 1 0 0 0 0 0 0 0 0 0 1 0 0 0 0 0 0 0 0 0 0 0 0 0 0 0 0 1 0 0 0 0 0 0 0 0 0 0 1 0 0 0 0 1 0 0 0 0 0 0 0 0 0 0 0 0 1 0 0 0 1 0 0 1 0 0 0 0 1 0 0 0 0 0 0 0 1 0 1 0 1 0 0 0 1 0 1 0 0 0 
0 0 0 0 0 0 1 0 0 3 0 0 1 0 0 0 0 1 0 0 0 0 0 1 0 0 0 0 0 0 0 0 0 0 0 0 0 0 0 0 0 0 0 0 0 0 0 0 0 0 0 0 0 0 0 0 0 1 0 0 0 0 1 0 1 0 0 0 0 0 0 0 0 0 0 0 0 0 1 0 0 0 1 1 0 0 0 0 0 0 0 0 0 1 0 0 0 0 0 1 0 1 0 0 0 0 0 0 0 0 1 0 0 0 1 0 1 0 0 0 0 0 0 0 0 0 0 0 0 0 0 0 0 0 0 0 0 0 0 0 0 0 0 0 1 0 0 0 0 0 0 0 0 0 0 0 0 0 0 0 0 0 0 0 0 0 0 0 0 0 0 1 0 1 1 0 0 1 0 0 0 0 0 0 0 0 0 0 1 0 0 0 1 0 0 0 0 0 0 2 
0 0 0 0 0 0 0 0 0 1 0 0 1 1 0 0 0 1 0 0 0 1 0 0 0 0 0 0 0 0 0 1 0 1 0 0 1 0 0 0 0 0 0 0 0 0 0 0 0 0 1 0 0 0 0 1 0 0 0 0 1 0 0 1 0 0 0 0 1 0 0 0 0 0 1 0 0 1 0 1 0 0 0 0 0 0 0 1 0 0 0 0 0 0 0 0 0 0 0 1 0 0 0 0 1 0 0 0 0 0 1 1 0 1 0 0 0 1 0 0 0 0 0 0 0 0 0 0 1 0 0 0 0 0 1 0 0 0 0 0 0 0 0 0 0 0 0 0 0 0 0 0 0 1 0 0 0 1 1 1 0 1 1 0 1 1 0 0 0 0 0 0 0 0 0 0 0 0 0 0 0 0 0 0 1 1 0 0 0 1 0 0 0 0 0 0 0 0 0 0 
0 0 0 0 0 0 0 0 1 1 1 0 0 0 0 1 0 0 1 0 1 0 0 0 0 0 0 0 0 0 0 0 1 0 0 0 0 0 0 0 0 1 0 0 1 0 0 0 0 0 1 0 0 0 0 0 0 1 0 1 0 0 0 0 0 0 1 0 0 0 0 0 0 0 0 0 0 0 0 0 0 0 0 0 0 1 0 2 0 0 0 0 0 1 0 0 0 0 0 1 0 0 0 0 1 2 0 0 0 1 0 0 0 1 0 0 1 0 0 0 0 0 0 0 0 0 0 0 0 1 0 0 0 0 1 0 0 1 0 2 0 1 0 0 1 1 0 0 3 0 2 0 0 1 1 0 1 0 0 0 0 0 0 0 0 0 0 0 0 0 2 0 0 1 0 1 0 0 0 0 0 1 0 0 0 0 0 0 0 0 0 0 1 0 0 0 0 0 0 0 
0 0 0 0 1 0 0 0 0 0 0 0 0 0 0 0 1 1 0 0 0 0 0 0 0 1 0 0 0 1 0 0 0 0 0 0 0 0 1 0 0 0 0 0 0 0 0 0 1 0 0 0 0 0 0 0 0 0 0 1 0 0 0 0 1 0 0 0 0 1 0 0 2 0 0 0 0 0 0 0 0 1 0 0 0 0 0 0 0 0 0 0 1 0 0 0 0 0 1 0 0 0 1 0 0 0 0 0 0 0 0 0 0 0 0 1 0 1 0 1 0 0 0 0 0 0 0 0 0 0 0 0 0 0 0 0 0 2 0 0 0 0 0 0 0 0 0 0 0 0 0 0 0 1 0 0 0 0 0 0 0 0 0 0 1 0 0 0 1 0 0 0 1 0 0 1 0 0 0 0 2 0 0 1 0 1 2 0 0 1 0 1 1 0 1 0 0 0 0 0 
0 0 0 0 0 0 0 1 0 0 0 0 0 1 0 1 1 1 1 0 0 0 0 0 0 0 1 0 2 1 0 0 0 0 0 0 1 0 0 0 0 1 0 0 0 0 2 0 0 0 0 0 0 0 1 0 1 0 0 0 0 0 0 1 0 0 0 0 0 0 0 0 0 0 0 1 0 0 0 0 0 0 0 1 0 0 1 0 0 0 0 0 0 1 0 0 0 0 0 0 2 0 0 0 0 0 1 0 0 0 0 0 0 0 0 0 0 1 0 0 0 2 0 0 0 1 0 0 0 0 0 0 0 0 0 0 0 2 1 0 0 0 0 0 1 1 1 0 0 1 0 0 1 0 0 0 0 0 0 0 0 1 0 0 0 0 0 0 0 0 1 0 0 0 0 0 0 0 1 0 0 0 1 1 1 0 0 0 0 1 0 1 0 0 0 0 0 0 0 0 
0 0 0 0 0 0 0 1 0 0 0 0 0 0 0 0 1 0 0 0 0 0 0 0 1 0 0 0 0 0 1 0 0 0 0 0 0 0 0 0 0 0 0 0 0 0 0 0 0 0 0 0 0 0 0 0 0 0 0 0 0 0 0 0 1 0 0 0 0 0 0 0 0 0 0 0 0 0 0 1 0 0 0 0 1 0 0 0 0 0 0 0 0 0 0 0 0 1 0 0 0 0 0 0 0 0 0 0 0 0 0 0 0 0 0 0 0 1 2 2 0 0 1 0 0 0 1 0 0 0 0 0 0 0 0 0 0 1 0 0 1 1 0 1 1 0 2 0 0 1 0 0 0 1 0 0 0 0 0 0 0 0 0 0 0 2 0 0 0 0 0 0 0 0 0 0 0 0 0 0 0 0 0 0 0 0 0 0 0 0 0 0 0 0 0 0 0 0 0 0 
0 0 0 1 1 0 1 1 0 0 0 1 2 0 0 0 0 1 0 0 0 2 0 0 0 0 0 0 0 0 1 1 0 1 0 1 0 0 1 0 0 2 0 0 0 0 0 1 0 0 0 0 0 0 0 0 0 0 0 0 1 0 0 0 1 0 0 0 0 0 0 2 0 0 0 0 0 0 0 0 0 1 1 0 0 0 0 0 0 0 1 0 0 0 0 0 0 0 0 1 0 1 1 0 0 0 0 0 0 0 1 0 0 0 0 0 0 1 0 0 0 0 0 1 0 0 0 0 0 0 0 0 0 1 0 0 0 0 0 0 0 0 1 0 0 0 1 0 1 0 0 0 0 1 0 1 1 0 0 0 0 0 0 0 1 0 0 0 1 0 0 0 0 0 0 1 0 0 0 0 0 0 0 1 0 0 0 0 0 0 1 1 0 0 0 0 0 0 0 0 
0 0 0 0 0 0 2 0 0 0 0 0 0 0 0 0 0 0 0 0 0 0 1 0 1 1 0 0 0 0 0 0 1 0 0 1 0 0 0 0 0 0 0 1 0 1 0 0 0 1 2 0 0 0 0 0 0 0 0 0 0 0 0 0 0 0 0 0 0 0 1 0 0 1 0 0 1 0 0 0 2 0 1 0 0 0 0 0 2 0 0 0 2 0 0 1 0 0 0 0 0 0 0 0 0 1 0 0 0 0 0 1 1 0 0 0 0 0 1 0 1 1 0 0 0 0 0 0 0 0 0 0 0 1 0 0 0 0 0 0 0 0 1 0 0 0 0 0 0 0 0 0 1 0 0 0 0 1 0 0 1 0 0 0 0 0 0 0 0 0 0 0 1 0 0 0 0 0 1 0 0 0 1 0 1 1 0 0 0 0 1 0 1 0 0 1 0 0 0 0 
0 0 0 0 1 0 1 1 0 0 1 1 0 0 0 0 0 1 1 0 0 0 0 0 0 0 0 1 0 0 0 0 0 1 0 0 0 0 1 0 0 0 0 0 0 0 0 1 0 0 0 1 0 0 0 0 0 0 1 1 0 0 1 0 0 0 0 0 0 0 2 0 0 0 0 0 0 0 0 0 1 0 0 0 0 0 0 1 0 0 0 0 0 0 0 1 0 0 0 0 0 0 2 0 0 1 1 0 0 0 0 1 1 0 1 0 0 0 0 0 0 0 0 0 0 0 0 0 0 0 1 0 0 0 0 0 0 0 0 0 0 0 1 0 0 0 0 0 0 1 0 1 1 0 1 0 1 0 0 1 0 0 0 0 0 0 1 1 0 1 0 0 0 0 1 0 0 0 0 0 0 1 1 0 0 0 0 0 0 0 0 1 0 0 0 1 0 0 0 0 
0 0 0 1 1 0 0 0 1 0 1 0 0 0 2 0 0 0 0 0 0 0 0 1 0 0 1 0 0 0 0 0 1 1 0 0 1 0 0 0 0 1 0 0 0 0 0 0 0 0 0 0 0 0 0 0 1 0 0 0 0 0 0 0 0 0 0 0 0 0 0 0 0 1 0 0 0 1 0 0 2 2 1 1 0 0 0 1 0 0 0 0 1 0 0 0 1 0 0 0 0 0 0 0 0 0 0 0 0 0 0 1 0 0 0 0 0 0 0 0 1 0 0 0 0 0 1 1 0 0 1 0 0 1 0 0 2 0 1 0 0 0 0 0 0 1 1 0 0 0 0 0 0 0 1 0 0 0 0 0 0 0 1 1 0 0 0 0 0 0 1 0 0 0 0 0 0 0 0 0 0 0 0 0 0 0 0 0 0 0 0 0 0 1 0 0 0 0 0 0 
0 0 0 0 0 1 0 0 0 1 0 0 0 0 0 1 0 0 0 0 0 0 0 0 0 0 1 0 1 0 0 0 0 0 0 0 0 0 0 1 0 0 0 0 0 0 1 0 0 1 0 0 0 0 0 0 0 0 1 0 1 0 1 0 3 0 0 0 0 0 0 0 0 1 0 0 1 0 1 0 1 0 1 1 0 1 0 0 0 0 0 0 0 0 0 0 1 0 0 1 0 0 0 1 0 0 1 0 0 0 0 0 2 0 0 1 1 0 0 0 0 1 0 0 0 0 0 0 0 1 0 0 0 0 0 0 0 1 0 1 0 0 0 0 2 0 0 1 0 0 0 0 0 0 0 0 0 0 0 0 0 0 0 0 0 0 0 1 0 0 0 0 0 1 0 0 0 1 0 0 0 0 1 1 1 1 0 0 0 0 0 0 0 0 0 0 0 0 0 0 
0 0 0 0 0 0 0 0 1 0 0 0 0 0 0 2 0 0 0 1 0 0 0 0 0 0 0 0 1 0 0 2 0 0 0 0 1 0 0 0 0 0 1 0 0 0 0 0 0 0 0 0 0 0 0 0 1 0 0 0 0 0 0 0 0 2 0 0 0 0 0 0 0 0 1 0 0 0 1 0 1 0 0 0 0 0 0 0 0 0 0 0 0 0 0 0 1 0 0 0 0 0 0 1 0 0 0 0 0 1 0 0 1 1 0 0 0 0 0 0 0 0 1 0 0 0 0 0 0 1 0 0 0 1 0 0 2 0 0 0 0 0 0 0 0 0 1 1 0 0 0 0 0 0 0 1 1 0 0 0 0 0 0 0 0 0 0 0 0 0 0 0 0 0 0 0 0 0 0 0 0 0 1 0 0 0 0 0 0 0 0 0 1 0 0 0 1 0 0 0 
0 0 0 0 1 0 0 1 0 1 0 0 0 0 0 0 0 0 1 0 0 1 0 1 0 0 0 0 0 0 2 0 0 0 0 0 0 0 0 0 0 0 0 1 0 0 0 0 0 0 0 0 0 0 0 0 1 0 1 0 0 0 1 1 0 0 0 0 0 0 0 0 0 0 0 0 0 0 0 0 0 0 0 0 0 0 0 0 0 0 1 0 0 0 0 0 0 1 0 0 1 1 0 0 0 0 0 0 1 0 0 0 0 0 0 0 0 0 2 0 0 0 1 0 0 0 0 1 1 0 0 0 0 0 0 0 1 0 0 1 0 0 0 0 0 0 0 0 0 0 0 0 0 0 0 0 0 0 0 1 0 0 0 0 0 2 0 0 0 0 1 0 1 0 0 0 0 1 0 0 0 0 0 1 1 1 2 0 0 0 0 0 0 0 0 1 1 1 0 0 
0 0 0 1 1 1 0 0 0 1 0 0 0 0 1 2 0 0 0 0 1 0 0 0 0 1 0 0 0 1 0 0 0 0 0 1 0 0 0 0 0 0 0 0 1 0 0 0 0 0 0 0 0 1 0 0 0 0 1 0 0 1 0 0 0 0 0 0 0 0 2 0 1 0 0 0 0 0 0 0 0 0 0 0 0 0 0 1 0 0 0 0 0 0 1 0 0 0 0 0 1 0 0 1 0 0 1 0 0 0 1 0 0 0 0 1 0 0 0 0 0 0 1 0 0 0 0 0 0 0 0 0 1 1 0 0 0 0 0 1 0 0 0 0 0 0 0 0 0 1 0 1 0 1 0 0 0 0 0 0 1 0 1 0 0 0 0 0 0 0 0 0 1 0 2 0 0 0 1 0 0 0 0 0 1 2 0 0 0 0 0 0 0 1 0 0 0 1 0 0 
0 1 0 0 0 0 0 0 0 0 0 2 0 1 0 0 0 0 0 0 0 0 0 0 0 0 0 0 0 0 0 0 1 0 0 1 0 0 1 0 1 0 1 0 0 0 0 0 0 1 1 1 0 1 0 0 0 0 0 0 0 0 0 0 0 0 0 1 0 0 0 0 1 0 0 0 0 0 0 0 0 0 0 0 0 3 0 0 0 0 0 0 1 0 0 0 1 0 0 1 0 0 0 0 0 0 0 0 0 0 0 0 0 0 0 0 1 0 1 0 0 2 0 1 1 0 0 0 1 0 0 0 1 0 0 0 0 0 0 1 0 0 0 0 0 0 0 0 0 0 0 0 0 1 1 1 1 0 0 0 0 2 0 0 0 1 0 0 0 1 0 0 0 1 0 0 0 0 0 1 0 0 1 0 1 0 1 0 0 0 1 1 0 0 0 0 0 0 0 0 
1 0 0 0 0 0 0 0 0 0 0 0 0 0 0 1 0 0 0 0 0 1 0 0 0 0 0 0 1 0 0 0 0 1 0 0 1 0 0 1 1 0 0 0 0 0 0 0 0 1 1 0 1 0 0 0 0 0 0 0 0 0 0 0 0 0 0 0 0 0 0 0 1 1 2 2 1 0 0 0 0 0 3 0 0 1 0 0 0 0 1 0 0 0 0 0 0 1 0 0 0 1 1 0 0 0 0 0 0 0 0 0 0 0 0 0 0 0 0 0 0 0 1 0 0 0 0 0 0 0 0 0 0 0 0 0 0 0 0 0 0 0 1 0 0 0 0 1 2 0 0 2 0 0 0 2 0 0 0 0 1 1 0 0 0 0 0 0 1 1 0 0 0 0 0 0 1 0 0 0 0 0 0 0 0 0 0 0 0 0 0 1 0 0 0 0 0 1 1 0 
0 0 0 0 1 0 0 0 0 0 0 0 0 0 0 0 0 0 0 0 0 0 0 0 0 0 0 0 0 0 0 0 0 0 0 0 1 0 0 0 0 0 0 0 0 0 0 2 0 0 0 0 0 0 0 0 1 0 0 0 1 1 0 0 0 0 0 0 0 0 0 0 0 0 1 0 0 0 0 0 0 0 0 0 0 0 0 0 0 0 0 1 0 0 0 0 1 0 1 0 0 0 0 0 0 0 0 0 0 0 0 0 0 0 0 0 0 0 0 0 0 0 1 0 0 1 0 0 0 1 0 0 0 0 1 0 0 1 0 0 0 1 0 0 0 0 1 0 0 1 0 0 0 0 0 0 1 0 0 0 0 0 0 0 1 0 0 0 0 0 0 1 0 0 0 0 0 0 1 0 0 0 1 0 1 0 0 0 0 0 0 0 0 0 0 0 0 0 0 0 
0 0 1 1 1 0 0 0 1 1 0 0 2 0 0 0 0 0 0 0 1 0 1 1 0 0 1 1 1 1 0 0 0 0 0 0 0 0 0 0 0 1 0 0 0 0 0 0 0 0 1 0 0 1 0 0 0 0 0 0 0 1 0 1 0 0 1 0 1 0 1 1 1 0 0 0 0 0 0 0 0 0 0 0 0 0 0 0 0 0 0 0 1 0 0 0 0 0 1 0 0 0 1 0 0 1 0 0 2 1 0 0 0 0 1 0 0 0 0 1 0 1 0 0 0 0 0 2 1 1 0 0 0 0 1 0 0 0 0 0 1 0 1 0 2 0 0 0 0 0 0 1 0 0 0 0 0 0 0 0 1 0 1 1 0 1 0 0 1 0 1 0 2 1 1 0 0 0 0 0 1 0 1 0 0 0 1 0 0 1 0 0 0 1 1 0 0 0 0 0 
0 0 0 0 0 0 2 0 0 0 0 0 0 0 0 1 1 0 1 0 0 0 1 0 1 0 0 0 0 0 0 0 0 0 0 0 0 0 0 0 0 1 0 0 0 1 0 0 0 0 1 0 1 0 0 0 0 0 0 0 0 1 2 0 1 0 1 0 0 0 0 0 0 0 0 0 0 0 0 0 0 0 0 0 0 0 0 1 1 0 1 0 0 0 0 0 0 0 0 0 1 0 0 0 0 0 0 0 0 0 0 0 0 1 1 0 0 0 0 0 0 0 0 0 0 0 0 0 0 0 1 0 1 0 1 0 0 0 1 0 1 0 1 0 0 0 0 0 0 1 0 0 0 0 0 0 0 0 0 0 0 1 0 0 0 0 1 0 1 0 0 0 0 0 2 0 0 0 0 0 0 1 0 0 0 0 0 0 0 0 0 0 0 1 0 0 0 2 0 0 
0 2 0 0 0 0 0 0 0 0 0 0 0 0 0 0 0 0 0 0 0 0 0 1 0 0 1 1 0 0 0 0 0 0 0 1 0 0 0 0 0 0 2 0 0 0 0 1 0 0 0 0 0 0 0 0 0 0 0 0 0 1 0 0 0 0 0 0 0 0 0 0 0 1 0 0 0 0 0 0 0 0 0 1 0 1 0 0 0 0 0 0 0 0 1 0 0 0 0 0 0 0 0 0 0 0 0 0 0 0 0 1 0 0 0 0 0 1 1 0 1 0 1 0 0 0 0 0 0 0 1 0 0 0 2 0 0 1 0 0 0 0 0 0 0 1 0 0 1 1 0 1 0 0 0 1 0 0 1 0 0 0 1 0 0 2 0 0 0 0 0 0 0 0 0 1 0 0 0 0 0 0 0 0 0 0 0 0 1 0 0 0 1 0 0 0 0 0 2 0 
0 0 0 1 0 0 0 0 0 1 0 0 0 0 0 1 0 0 0 0 0 0 0 0 0 0 0 0 0 1 1 0 1 0 0 1 1 0 0 0 0 0 0 0 0 0 0 0 0 0 0 0 0 0 0 1 1 0 0 0 1 0 0 0 0 0 1 0 0 0 0 1 0 0 0 0 0 0 0 0 0 0 0 0 0 0 0 0 0 0 1 0 0 1 0 0 0 0 0 0 0 0 0 0 0 0 0 0 0 0 0 0 0 0 1 0 1 0 0 1 0 0 0 0 0 0 0 0 0 1 0 0 0 1 0 1 0 1 2 0 0 0 0 0 0 0 0 0 0 1 0 0 0 1 1 0 1 0 0 0 0 1 0 0 0 1 0 0 0 0 0 0 0 0 1 0 1 0 0 1 0 0 0 1 0 0 0 0 0 0 0 0 0 0 0 0 0 0 1 0 
0 0 0 0 1 0 0 0 0 1 0 0 1 0 0 1 0 2 0 0 0 1 1 0 1 0 0 0 0 0 0 0 0 0 0 0 0 1 0 0 0 0 0 2 0 0 0 0 0 0 0 0 0 0 0 0 0 0 0 0 0 0 0 0 0 0 1 0 1 0 0 2 1 0 1 0 0 0 1 0 0 0 0 0 1 1 1 0 1 0 1 0 1 0 0 0 0 0 0 0 0 0 0 0 0 0 0 0 0 0 0 0 0 0 0 0 0 0 1 1 0 0 0 0 0 0 0 0 1 0 1 0 0 0 0 0 0 0 1 1 0 0 0 0 0 0 0 0 0 0 1 0 0 0 0 0 1 0 1 0 0 0 0 1 1 1 0 1 0 0 0 1 0 0 0 0 1 1 0 0 0 0 1 0 0 0 0 0 0 0 1 0 1 0 0 0 0 0 0 0 
0 0 0 0 1 0 0 1 0 1 0 1 0 1 0 0 0 1 0 0 0 0 1 1 0 0 0 1 0 0 0 0 0 0 0 0 0 1 1 0 0 1 0 1 0 0 0 1 0 0 0 0 0 0 0 0 1 0 0 0 0 0 0 0 1 0 1 0 0 0 0 0 0 0 0 0 0 0 0 0 0 0 1 0 0 0 0 1 2 0 0 0 0 0 0 0 0 0 0 0 0 1 1 0 0 0 0 1 0 0 0 0 0 1 0 0 0 0 0 1 0 0 0 0 0 1 0 0 1 0 1 1 0 0 2 0 0 0 0 0 0 1 1 0 0 0 0 0 0 0 0 0 0 0 0 0 1 0 0 0 0 0 0 0 0 0 1 0 0 0 0 0 0 0 0 2 0 0 0 0 0 0 0 0 0 0 2 2 0 0 1 0 0 0 1 0 0 0 0 0 
0 0 1 0 0 0 0 0 0 1 0 0 0 0 0 0 0 1 2 1 0 0 0 0 0 0 0 0 0 0 1 0 0 0 1 0 0 0 0 1 0 0 0 1 0 1 2 0 0 0 0 0 0 0 0 0 1 0 1 0 0 0 0 0 0 0 0 0 1 0 0 0 0 1 0 0 0 1 0 0 0 1 0 0 0 0 1 1 0 0 0 0 0 0 2 0 0 0 0 1 0 0 0 0 1 0 0 0 0 0 2 0 0 0 0 1 1 0 0 0 1 0 1 0 0 0 0 0 1 0 1 0 0 0 0 0 0 1 0 0 1 0 0 1 2 0 0 1 1 0 0 0 0 0 0 1 0 0 0 0 0 1 1 1 0 0 0 0 0 0 0 0 0 0 0 0 0 0 1 0 0 0 0 0 0 0 0 0 0 0 0 0 0 0 2 0 1 0 1 0 
0 0 0 0 0 1 1 1 1 0 0 0 0 1 0 0 0 0 0 0 0 0 0 1 0 0 0 1 0 1 1 1 1 0 0 0 0 1 0 0 0 0 1 1 0 0 0 0 0 1 0 0 0 0 0 0 1 0 0 1 0 0 0 0 0 0 0 0 0 0 0 1 0 0 0 0 0 0 1 1 1 0 0 0 0 0 0 0 0 0 0 0 0 0 0 0 0 1 1 0 0 1 0 0 0 2 0 0 0 0 0 0 0 0 0 1 0 0 0 0 0 0 0 0 0 0 0 0 0 0 0 0 0 0 1 0 0 1 0 1 0 0 0 1 0 0 0 0 0 0 0 0 0 0 1 0 0 0 1 0 0 0 1 0 0 0 1 0 0 0 0 0 0 0 0 0 0 1 1 0 0 0 0 0 0 0 1 0 0 0 0 1 0 0 0 0 0 1 0 0 
0 0 0 0 0 1 1 1 0 0 0 0 1 0 1 2 0 0 0 0 0 0 0 0 1 0 0 0 0 0 0 0 0 2 0 0 1 0 0 0 0 0 0 0 0 1 0 0 1 0 0 0 1 0 0 0 0 0 0 0 0 0 0 0 0 0 1 0 0 0 0 0 1 0 0 0 1 0 0 0 0 0 0 0 1 0 0 0 0 0 0 0 0 0 0 0 0 0 0 0 0 0 1 0 0 0 0 0 0 0 0 0 0 0 0 0 0 0 2 0 0 0 0 0 0 0 0 0 0 0 0 0 0 0 0 0 1 0 0 0 0 1 0 1 0 1 0 1 0 0 2 0 1 0 0 0 1 0 0 0 1 0 0 0 0 0 0 0 1 0 0 0 0 0 0 0 0 1 0 0 0 0 0 1 1 0 0 0 0 0 0 0 0 0 0 0 0 0 1 0 
0 0 0 0 0 0 0 0 1 0 0 0 0 0 0 1 0 0 0 0 0 0 0 0 0 0 0 0 0 1 0 0 0 0 0 0 0 0 0 0 0 1 0 0 1 0 0 0 0 0 0 0 0 0 0 1 0 0 0 1 0 1 0 0 0 0 0 0 0 2 0 0 1 0 0 0 1 0 2 1 0 0 0 0 1 0 1 0 1 0 0 1 0 0 0 0 0 0 1 1 0 0 0 0 1 1 0 0 0 0 0 1 0 0 0 0 0 0 0 0 0 0 0 2 0 0 0 0 1 0 0 0 0 0 0 0 0 0 0 0 0 0 0 1 0 1 0 0 0 0 0 0 1 0 0 0 0 1 0 0 0 0 3 1 2 0 0 0 1 0 0 0 0 0 0 0 0 0 0 0 0 0 1 0 1 1 0 0 0 0 0 0 0 1 0 2 0 0 0 0 
2 0 2 0 0 1 0 0 0 0 0 0 0 1 0 0 0 0 1 0 0 0 0 0 0 0 0 0 0 0 0 0 0 2 0 1 0 1 0 0 0 0 0 0 0 0 1 0 0 0 0 0 0 1 0 1 0 0 0 0 0 0 0 0 0 0 0 0 0 0 0 0 0 0 0 0 0 0 0 0 0 2 0 0 1 0 0 0 1 0 1 0 0 0 0 0 0 0 1 0 0 0 0 1 0 0 0 0 0 1 0 0 0 0 0 0 2 0 0 0 0 0 1 0 0 0 0 0 0 0 0 2 2 0 1 0 0 0 0 0 0 0 1 0 1 0 1 0 0 0 0 0 0 0 0 0 0 0 0 0 0 0 0 0 0 0 0 0 0 1 0 0 0 0 0 0 0 1 0 0 0 0 0 0 1 0 1 0 1 0 0 0 0 0 1 0 0 0 0 0 
0 1 0 0 0 0 0 0 0 0 1 0 0 1 0 0 0 0 0 0 0 1 0 0 0 1 0 0 0 0 0 0 0 0 0 0 2 0 1 0 0 0 0 0 0 1 0 0 1 1 1 1 2 1 0 0 0 0 0 0 1 0 0 0 0 0 0 1 0 1 0 0 0 0 0 0 0 0 0 0 0 0 0 0 0 0 0 0 0 0 0 0 0 0 0 0 1 1 0 0 0 1 0 0 2 0 0 0 0 0 0 2 0 0 1 0 0 0 0 0 0 0 0 0 0 1 1 0 0 0 0 0 0 1 0 0 0 0 0 2 1 0 0 0 0 0 1 0 0 0 0 0 0 1 0 0 0 0 1 1 0 2 0 0 1 0 0 0 0 0 1 0 0 0 0 0 0 0 0 0 0 0 0 0 0 1 0 0 0 0 0 0 0 0 1 0 0 0 0 1 
0 0 0 0 0 0 0 0 0 0 0 0 1 0 0 1 0 0 0 0 0 1 0 1 0 1 0 0 0 0 0 0 0 0 0 0 0 0 0 0 0 0 0 0 1 0 0 0 0 0 0 2 0 0 1 1 0 0 0 1 0 0 0 0 2 0 0 0 0 0 1 0 0 0 0 0 0 0 0 0 0 0 1 0 0 1 1 0 0 0 0 1 0 0 0 0 0 0 0 0 1 0 1 0 1 0 0 1 0 0 2 1 0 0 0 1 0 0 0 0 0 0 0 1 0 0 0 0 1 1 1 0 0 0 0 0 1 1 0 0 0 0 0 0 0 0 0 0 0 0 0 0 0 2 0 0 0 0 0 1 0 0 0 1 0 1 0 0 0 0 0 1 0 0 0 0 0 0 0 1 0 0 0 0 0 1 0 0 1 0 0 1 0 0 0 0 0 0 0 0 
0 0 1 0 1 0 1 0 0 0 0 1 0 0 0 0 0 0 0 0 0 0 0 1 0 0 0 1 2 1 0 0 0 1 0 0 1 1 0 0 0 0 0 0 0 1 0 0 0 0 0 0 1 0 1 0 0 0 0 0 0 0 1 0 0 1 0 0 0 1 0 0 0 0 0 0 1 0 0 0 0 0 0 0 1 0 1 0 0 0 0 1 0 0 0 0 0 0 0 0 1 1 0 1 0 0 1 0 0 0 1 0 0 0 0 0 0 0 1 0 1 0 0 1 0 1 0 1 0 0 0 0 0 0 0 0 0 0 0 0 0 0 1 1 1 0 0 0 0 0 0 1 0 0 2 0 0 0 0 0 0 0 0 0 0 0 0 0 1 0 0 0 0 0 0 0 0 0 0 0 1 1 0 0 0 1 1 0 1 1 0 0 0 0 0 0 1 1 0 0 
2 1 0 0 0 0 0 0 0 0 0 0 0 0 0 0 0 0 0 0 0 0 0 0 0 0 0 0 0 0 1 0 0 2 0 1 0 0 0 1 0 0 0 0 0 0 0 1 1 0 1 1 0 0 0 0 0 0 0 0 0 1 0 0 0 0 0 0 0 0 1 0 0 0 0 0 2 0 0 1 0 0 0 0 0 1 0 0 0 0 0 0 0 0 0 0 0 1 0 0 0 0 0 1 0 0 0 0 1 2 0 0 0 0 0 1 1 0 0 0 0 0 1 0 1 0 0 0 0 1 0 1 0 0 1 0 0 0 0 0 0 0 0 0 1 0 0 0 0 0 0 0 0 0 0 1 0 0 0 1 0 0 0 0 0 0 1 0 0 0 1 1 0 0 0 0 0 0 0 0 0 1 0 0 0 0 0 0 0 0 0 0 2 0 1 0 0 0 1 0 
0 0 0 0 0 0 0 0 0 0 0 0 0 0 0 1 0 1 0 0 0 1 0 0 0 0 1 0 0 0 0 0 0 0 0 0 1 0 0 0 0 0 0 0 2 0 0 0 1 0 0 0 0 0 0 0 0 0 0 1 1 0 3 0 1 0 0 1 0 1 0 0 0 1 0 0 0 0 0 0 0 0 0 0 1 0 0 0 0 1 0 0 0 0 0 0 0 0 0 1 0 0 0 0 0 1 0 0 0 0 0 0 0 0 1 0 0 1 0 0 0 0 0 0 0 0 0 0 0 0 0 0 0 2 0 1 0 0 0 0 0 1 0 0 0 1 0 0 0 1 3 0 0 0 1 1 0 0 0 0 0 0 0 1 0 0 0 0 0 0 0 0 0 0 0 0 0 0 0 0 0 0 0 0 2 1 0 0 0 1 0 1 0 0 0 0 0 0 0 2 
0 0 1 0 0 0 0 0 0 0 1 0 0 0 0 0 0 1 0 0 0 0 1 0 0 1 1 0 0 0 0 1 0 0 0 0 0 0 0 0 0 0 0 0 0 0 0 0 0 0 0 0 0 0 0 1 0 0 1 0 1 0 1 0 1 0 0 0 1 0 0 0 0 0 1 0 0 0 0 0 0 0 0 0 0 0 0 0 0 0 0 0 0 0 0 1 0 0 0 0 0 0 0 0 0 0 0 0 0 0 1 0 0 0 0 0 0 1 0 0 0 0 0 1 0 0 0 0 1 1 0 0 0 0 0 0 0 0 0 0 0 0 0 0 0 0 0 0 0 0 0 0 0 0 1 0 1 0 0 0 0 1 0 1 0 0 0 0 1 0 1 0 0 0 0 0 0 0 0 0 0 1 0 0 0 0 0 1 0 0 0 0 0 1 0 0 0 0 0 0 
0 1 0 0 0 0 0 0 0 1 1 0 1 0 0 1 1 0 0 0 0 0 0 0 0 1 1 1 0 1 0 0 1 1 1 0 0 0 0 0 0 0 0 0 0 0 0 0 0 0 0 2 1 0 0 0 0 0 0 0 0 0 1 0 1 0 1 0 0 0 2 0 0 0 0 0 0 1 0 0 0 0 0 1 1 0 0 0 0 0 0 0 0 0 0 0 0 1 1 0 1 1 0 1 0 1 0 1 0 0 0 0 0 0 0 0 0 1 0 0 0 0 0 0 0 0 0 0 0 1 0 0 1 0 0 0 0 1 0 0 0 1 0 0 1 1 0 0 0 0 0 0 0 0 1 0 1 0 0 0 0 0 0 0 0 0 0 0 0 0 1 0 0 0 0 0 0 0 1 0 0 1 0 0 0 0 0 0 0 0 0 0 0 1 1 0 1 0 0 0 
1 0 1 0 0 1 0 0 0 1 0 0 0 1 0 0 1 0 0 0 0 0 0 0 0 0 0 1 0 0 0 1 0 0 1 0 0 0 0 1 0 1 1 1 2 0 0 0 1 0 1 0 0 1 0 1 0 1 1 0 1 0 0 0 0 0 0 0 1 0 1 0 0 1 0 0 0 0 0 0 0 0 0 0 0 1 1 2 0 1 0 0 0 0 0 0 0 0 0 0 0 0 0 0 0 1 0 0 1 0 2 0 0 0 0 0 1 0 0 0 0 0 0 0 0 0 0 0 0 1 0 0 0 0 0 0 0 0 0 1 0 0 0 0 1 0 0 1 1 0 0 0 1 0 0 1 1 1 0 0 0 0 0 0 0 0 1 0 0 0 0 0 0 0 0 1 0 0 0 1 0 1 0 0 0 0 0 0 0 0 0 0 0 0 1 0 0 0 0 0 
0 0 0 0 0 0 0 0 0 0 0 0 0 1 0 1 0 0 0 0 0 0 0 0 0 0 0 0 0 0 0 0 0 0 0 1 0 0 0 0 0 1 0 1 0 0 0 0 0 0 0 0 0 1 0 2 0 0 0 0 0 0 0 0 0 0 0 0 1 1 0 0 0 0 0 1 0 0 0 0 0 1 1 1 0 0 0 0 2 0 0 0 1 0 1 0 0 1 0 0 0 1 0 1 0 0 0 0 0 0 1 0 0 0 0 0 0 0 0 0 0 0 1 1 0 0 0 0 0 0 0 0 2 0 0 0 1 0 1 0 0 1 0 1 0 0 1 0 1 0 0 1 0 0 0 1 0 0 1 0 0 0 0 2 0 0 1 0 0 1 0 0 0 0 1 1 0 0 0 0 0 0 0 0 0 0 0 1 0 0 0 0 0 1 0 0 0 0 0 0 
0 0 0 1 0 0 0 0 0 0 0 0 1 0 0 1 0 0 0 0 0 1 0 0 0 0 0 1 1 0 1 0 0 1 0 0 0 1 0 0 0 0 0 0 0 1 0 0 0 0 1 0 1 0 0 0 0 0 0 0 0 0 0 1 0 1 2 0 0 0 0 0 0 0 0 0 0 1 0 1 0 0 1 0 0 0 1 0 0 2 0 0 0 0 0 0 1 0 0 0 0 1 1 0 0 1 0 0 0 1 0 0 0 0 0 1 1 1 0 1 0 0 2 1 0 2 0 1 0 1 0 0 0 1 0 0 0 0 0 0 0 0 0 0 1 0 0 0 0 1 0 0 0 1 0 1 0 0 0 0 0 0 1 0 0 1 0 0 0 0 0 0 1 0 1 0 0 0 0 0 0 1 0 0 0 0 0 1 0 0 0 0 0 0 0 0 0 0 0 0 
1 0 0 1 0 0 0 1 0 0 0 0 0 0 0 0 0 0 0 0 0 0 0 0 0 0 0 0 0 0 0 1 0 0 0 0 0 0 1 0 0 0 1 0 0 1 0 0 1 1 1 1 0 0 0 0 0 0 0 0 0 1 0 1 0 0 1 0 0 0 0 0 0 1 0 0 1 0 0 0 0 0 1 0 1 0 0 1 0 1 0 0 0 0 0 0 0 0 0 0 0 0 1 1 0 0 0 0 0 2 2 0 0 0 0 0 0 0 0 0 1 0 0 0 1 0 0 0 0 0 0 0 0 0 0 1 0 0 0 0 0 0 0 0 1 1 0 0 0 1 0 0 0 0 0 1 0 1 0 1 0 0 0 0 0 0 1 0 1 0 0 0 1 0 0 1 0 0 1 0 0 0 0 0 0 0 1 1 2 0 0 0 0 1 0 0 0 0 0 0 
0 0 1 0 0 0 0 0 0 0 0 0 0 1 0 0 0 0 1 0 0 0 0 0 0 0 0 0 0 2 0 0 1 0 0 0 0 0 0 0 0 0 0 0 2 0 0 0 0 0 0 0 1 0 0 0 0 0 0 1 1 0 0 0 0 0 0 0 1 0 0 1 0 1 1 0 0 0 0 0 0 0 0 0 0 1 0 0 0 0 0 1 0 0 0 0 0 0 0 0 0 0 0 0 0 1 0 0 0 0 0 1 0 0 1 0 1 0 1 0 0 0 0 0 0 0 0 0 1 0 1 0 0 0 0 0 0 0 0 0 0 0 0 0 0 0 0 0 0 0 0 0 1 0 0 0 0 1 0 1 0 0 0 0 0 0 0 0 0 0 0 0 0 1 0 0 2 1 1 1 1 0 0 0 0 0 0 1 0 0 0 0 0 0 0 0 0 1 0 2 
0 0 0 0 0 0 0 0 0 1 0 0 1 1 0 0 0 1 0 1 0 0 0 0 0 0 0 0 0 1 0 0 0 0 1 0 0 0 1 1 0 0 0 0 0 0 0 1 0 0 0 0 0 0 0 0 0 0 0 1 0 0 0 0 1 1 0 1 0 0 0 0 0 0 0 0 0 0 0 0 0 1 0 1 1 0 0 1 0 0 0 0 0 0 0 0 0 0 0 0 1 0 0 0 0 0 0 0 0 0 0 0 0 0 0 0 1 0 0 1 0 0 0 0 0 0 0 0 1 0 0 0 0 0 0 0 0 0 0 0 0 0 0 0 0 0 0 0 0 0 1 0 0 0 0 0 0 0 0 1 0 0 0 0 1 0 1 0 0 0 0 0 0 1 0 0 1 1 1 0 0 0 1 0 0 0 0 0 0 1 0 0 0 0 1 0 0 0 0 0 
0 0 1 0 0 0 1 0 0 1 0 1 0 0 0 0 1 0 0 0 0 1 1 1 0 1 1 1 0 0 0 1 0 0 0 1 2 1 1 0 0 0 0 0 0 0 0 0 0 1 0 0 0 0 1 1 0 0 0 0 1 0 0 0 0 0 0 0 0 0 1 1 1 0 1 2 0 0 0 0 0 1 0 0 0 0 0 0 1 1 0 0 0 0 0 1 1 0 2 1 0 0 0 0 0 0 0 0 0 1 0 0 0 0 0 0 1 0 0 0 1 0 0 0 0 0 0 0 0 1 0 0 0 1 0 0 0 0 0 0 0 0 1 0 0 0 0 0 0 0 0 0 0 0 0 0 0 1 0 1 0 0 0 0 0 0 1 1 0 0 2 0 0 1 0 0 0 0 0 1 0 0 0 0 0 1 1 0 0 0 0 0 0 0 0 0 0 0 1 0 
0 0 0 0 0 0 0 0 0 0 0 0 0 0 1 0 0 0 1 0 1 0 0 0 0 0 0 0 0 0 0 0 0 0 0 0 0 1 0 0 0 0 0 0 0 0 0 0 1 0 1 0 0 0 0 1 1 0 1 0 0 0 0 0 0 0 0 0 0 0 0 0 0 1 0 0 1 0 0 0 0 1 0 0 1 0 1 0 0 1 0 0 0 0 2 0 0 1 0 0 1 1 0 0 1 0 0 0 2 0 0 1 0 1 0 0 1 0 0 0 0 1 0 0 0 0 0 1 1 1 0 0 1 0 0 0 1 0 0 0 0 0 0 0 0 0 1 1 0 0 0 0 0 1 2 1 0 0 1 0 1 0 0 0 0 0 0 0 0 0 0 0 0 0 0 1 0 1 2 0 0 1 1 0 1 0 0 0 0 0 0 0 0 0 0 0 0 0 0 0 
0 0 0 0 0 0 0 0 0 0 0 0 0 1 0 1 0 0 1 0 0 0 0 0 0 0 0 1 0 0 0 0 1 0 0 0 0 0 0 0 0 0 0 0 0 0 1 0 0 0 0 0 1 1 2 0 0 1 0 0 0 0 0 0 0 0 2 0 0 0 0 0 0 0 0 1 1 1 0 0 0 0 0 0 0 0 0 0 0 0 0 0 1 1 1 0 0 0 1 0 0 0 0 1 0 0 0 0 0 1 0 1 0 1 0 0 0 0 0 0 0 0 0 0 0 0 1 0 0 0 0 0 1 0 0 0 0 0 0 0 0 0 0 1 0 0 0 0 0 0 0 0 0 1 1 1 0 0 1 0 0 0 0 0 0 0 0 1 0 0 0 0 0 0 0 0 0 0 0 0 1 0 0 0 0 0 0 0 0 0 0 1 0 1 0 0 0 0 0 1 
0 0 1 0 0 0 0 0 0 0 1 0 0 0 0 0 0 0 1 0 0 0 0 0 0 0 0 0 0 0 0 0 0 0 0 0 1 0 0 0 0 0 0 0 0 0 0 0 0 0 0 0 0 0 0 0 0 0 0 0 0 0 0 0 0 0 0 0 1 0 0 0 0 0 0 1 0 1 1 1 0 0 0 0 0 0 0 0 0 0 0 0 0 0 0 0 0 0 0 0 1 0 0 0 0 0 0 1 1 0 0 1 0 0 0 0 1 0 0 1 0 0 0 1 0 0 0 1 0 0 0 0 0 0 1 0 0 2 0 0 0 0 0 0 0 1 0 0 0 0 0 0 1 0 0 0 0 0 0 0 1 0 0 0 0 0 1 0 0 0 0 1 0 0 0 0 0 0 0 1 0 0 0 0 0 0 0 0 1 0 0 1 0 0 0 0 0 0 0 0 
0 0 0 0 1 0 0 0 0 1 1 0 0 0 0 1 0 0 1 0 1 1 0 1 0 0 0 0 1 1 0 0 0 2 0 0 0 1 0 0 0 0 0 0 0 0 0 1 0 0 0 0 1 0 0 1 0 0 0 0 0 0 0 0 0 0 0 1 0 0 1 0 0 0 0 0 0 0 0 0 0 0 0 0 0 0 0 1 0 0 1 0 0 0 0 0 1 0 1 0 1 0 0 0 0 0 0 0 0 0 0 1 0 0 0 0 0 0 0 0 0 0 0 0 0 0 0 0 0 1 0 0 1 0 0 0 1 0 0 0 0 0 0 0 1 0 0 0 0 0 0 0 0 0 0 1 0 0 0 0 0 0 0 0 0 0 0 0 0 1 0 0 0 0 0 1 0 0 1 0 1 0 0 1 1 1 0 0 0 0 0 0 0 0 0 0 0 0 0 0 
0 0 0 0 0 0 0 1 0 0 0 1 0 0 0 0 0 0 0 0 0 1 0 0 0 0 0 0 0 0 0 0 0 2 0 1 0 0 0 0 1 0 1 1 0 1 0 0 0 0 0 0 0 0 0 1 0 1 0 0 1 0 0 0 0 0 0 0 0 2 0 0 0 0 0 0 0 0 1 0 0 1 0 0 0 0 1 0 1 1 0 0 0 0 0 0 0 1 1 0 0 0 0 0 0 1 3 0 1 0 0 0 1 0 0 0 0 0 0 0 0 0 0 1 0 0 0 0 0 0 1 1 0 0 1 0 0 1 0 0 0 0 0 0 0 0 0 1 0 0 0 0 1 0 0 0 0 1 0 0 0 0 1 0 0 0 1 1 0 0 0 0 0 0 0 0 0 0 0 1 0 0 1 0 0 0 1 0 0 0 0 0 0 1 0 0 0 0 0 0 
0 0 0 0 0 2 0 0 0 1 0 0 1 0 1 1 0 0 0 0 0 0 0 0 0 0 1 0 1 1 1 0 0 1 0 1 0 0 0 1 0 0 0 0 0 0 0 0 0 0 0 0 0 0 0 0 0 0 0 0 0 1 0 0 0 0 2 0 0 0 0 0 1 0 0 1 0 0 0 0 0 0 0 1 0 0 0 1 0 0 0 0 0 1 0 0 0 0 0 0 0 1 0 0 1 0 0 0 1 0 0 0 1 0 0 0 0 0 2 1 0 0 0 0 0 0 0 0 1 0 0 0 0 0 2 0 0 0 0 0 0 0 0 0 0 0 0 0 1 0 0 0 1 1 0 0 0 0 0 0 0 0 0 0 0 1 1 0 0 1 0 1 0 0 0 0 0 0 0 0 0 0 0 0 0 0 0 0 1 0 0 0 1 0 0 0 0 0 1 1 
1 1 1 0 0 0 0 0 1 0 1 0 1 0 0 0 0 0 0 0 0 1 0 1 0 0 0 0 0 0 0 0 0 0 0 0 0 1 0 2 1 0 0 0 0 0 0 0 2 0 0 0 0 0 1 0 0 0 0 1 0 0 0 0 0 1 0 1 0 0 0 0 0 0 0 0 0 0 0 0 0 0 0 1 0 0 0 0 0 0 0 1 0 0 0 0 0 0 0 0 0 0 0 0 0 0 0 0 0 0 0 1 0 0 0 0 0 0 1 0 1 1 0 1 0 0 0 0 0 0 0 0 0 1 1 0 0 0 0 0 2 0 0 1 0 0 0 0 0 2 0 0 0 0 0 0 0 0 0 0 0 0 0 0 0 0 1 0 0 0 0 0 0 1 0 0 0 0 0 0 0 0 0 0 0 0 0 1 0 0 0 0 0 2 0 0 0 1 0 0 
0 0 0 0 0 0 0 0 0 0 0 0 0 0 0 0 0 0 0 0 1 0 0 1 0 0 0 0 0 0 0 0 0 0 0 0 1 0 1 0 0 0 0 1 0 0 0 0 0 0 0 0 0 0 1 0 0 0 0 0 0 0 0 0 0 1 0 0 0 0 0 0 0 1 0 0 0 0 0 0 0 0 0 0 0 0 1 0 0 0 0 0 1 0 0 0 1 0 0 0 0 0 0 0 0 1 0 1 1 0 0 0 0 0 0 0 0 0 0 0 0 0 1 1 0 0 0 0 0 0 0 0 3 0 0 0 0 0 0 0 0 0 0 0 0 0 1 0 0 0 0 0 0 0 0 1 2 2 2 0 0 0 0 0 2 0 0 0 0 0 0 0 0 0 0 1 0 0 0 0 1 0 0 0 0 0 0 0 0 1 0 0 1 0 0 0 0 0 0 2 
1 0 0 0 0 0 0 0 0 0 1 0 0 0 0 0 0 0 0 0 0 0 0 0 0 0 0 0 0 0 1 0 0 0 0 0 0 0 0 1 0 0 0 0 0 0 1 0 0 1 0 0 0 0 1 0 0 0 0 0 0 1 0 0 1 0 1 1 0 0 0 0 0 0 0 0 0 3 0 0 0 0 0 0 1 0 0 0 0 0 0 0 1 0 0 0 0 0 0 0 0 0 0 0 0 0 0 1 0 0 0 1 0 0 0 0 1 0 0 0 0 0 0 0 1 1 0 1 0 1 0 0 0 0 0 0 0 1 0 1 0 0 1 0 0 0 0 0 0 0 0 0 0 1 0 0 0 0 0 0 0 0 1 0 1 0 0 0 0 0 0 0 0 0 1 0 2 0 0 0 0 0 1 1 0 0 0 0 0 0 0 0 0 0 0 0 0 0 0 0 
0 0 0 1 1 0 0 0 0 0 1 1 1 0 1 1 0 0 1 0 0 0 0 0 0 0 1 0 0 0 0 0 0 0 0 0 0 0 0 0 1 0 0 0 0 0 0 0 0 0 1 0 1 0 0 0 0 2 0 0 0 1 1 0 0 0 0 0 0 0 0 0 0 0 0 1 0 0 0 0 1 1 0 0 0 1 0 1 0 0 0 0 0 0 0 0 1 1 0 0 1 0 1 0 0 0 0 0 0 0 0 0 0 0 2 0 0 0 0 0 1 0 0 0 0 0 0 0 0 1 1 0 0 0 1 0 0 0 0 0 1 0 0 1 0 1 0 1 0 0 0 0 0 0 0 0 1 0 0 0 1 0 0 0 0 0 0 1 0 0 1 0 1 2 0 0 0 0 0 0 0 0 0 0 0 0 0 1 0 0 1 1 0 0 0 0 0 0 0 2 
0 0 0 0 0 0 0 0 0 0 0 0 1 0 0 1 0 0 1 0 0 0 0 0 0 0 1 0 0 0 0 0 0 0 1 0 0 0 0 1 1 0 1 0 1 1 0 0 0 0 0 0 0 0 0 0 1 0 0 0 0 0 0 0 0 0 0 1 0 0 0 0 0 1 1 1 0 0 0 0 1 0 0 0 0 0 0 0 0 0 0 0 0 0 0 0 0 0 0 0 0 0 0 0 0 0 0 0 1 0 0 0 0 0 0 1 0 0 0 0 2 0 0 1 0 0 0 0 0 0 1 2 0 0 0 0 1 0 1 0 1 0 0 0 0 1 0 0 0 0 2 0 1 0 0 0 1 0 0 0 0 0 1 0 0 0 1 0 0 0 0 1 1 0 1 0 0 1 0 0 0 0 0 0 1 0 0 1 0 0 0 0 0 0 1 1 0 0 0 0 
0 0 0 0 0 0 0 0 0 2 1 0 0 0 0 1 2 1 0 0 0 0 0 0 0 0 0 0 0 0 0 0 1 1 0 0 0 0 0 0 0 1 2 0 0 0 1 1 0 0 0 0 1 0 0 0 0 0 0 0 0 1 1 0 0 0 0 0 0 1 0 1 1 1 0 0 0 0 0 0 1 1 0 0 0 0 0 1 0 0 1 0 0 0 0 0 1 0 0 0 0 1 0 0 0 0 0 0 0 1 0 1 0 0 0 0 0 0 0 1 1 1 0 1 1 0 0 2 0 0 0 0 0 0 0 0 0 0 1 0 0 0 0 0 0 0 0 1 0 0 0 0 0 1 0 0 0 0 0 0 1 0 0 0 0 1 0 0 0 0 1 1 0 0 0 0 1 0 1 0 0 0 0 0 0 0 0 1 0 0 1 0 1 0 1 1 0 0 0 0 
0 0 0 0 1 1 1 0 2 0 0 0 0 0 0 0 1 0 0 0 0 0 0 0 1 0 0 0 0 0 0 0 0 0 0 0 0 1 0 0 0 1 0 0 1 0 0 0 0 0 0 0 0 0 0 0 0 0 0 0 0 0 1 0 0 1 0 0 0 0 0 0 0 0 0 0 1 0 0 0 0 0 0 0 0 0 0 0 0 0 0 0 0 0 1 0 0 1 1 0 1 0 0 0 0 1 0 0 0 0 0 0 0 0 0 0 0 1 0 0 1 2 0 0 0 0 2 1 0 0 0 0 0 0 0 0 0 0 2 0 1 1 1 0 0 0 0 0 0 0 1 0 0 0 1 0 0 0 1 0 0 2 0 1 0 0 0 0 0 0 1 0 0 1 0 0 0 0 0 1 1 0 0 0 0 0 0 0 0 0 0 0 0 1 0 0 2 0 1 0 
0 0 0 0 0 0 0 0 0 0 0 0 2 0 0 1 0 0 0 0 0 0 0 0 0 0 0 0 0 0 0 0 0 0 0 0 0 0 0 0 2 0 0 0 0 0 0 0 0 0 1 0 1 0 0 2 1 0 0 0 0 0 0 0 0 1 0 0 0 0 0 0 0 0 0 0 1 0 0 0 1 0 1 0 0 0 0 0 0 1 0 1 0 0 0 0 1 0 0 0 0 0 0 0 2 0 0 0 0 0 0 0 0 0 0 0 0 1 0 0 0 1 1 1 0 0 0 0 0 0 0 0 0 0 1 0 0 0 0 0 0 0 0 0 0 0 0 0 1 1 0 0 1 0 0 1 0 0 0 1 1 0 1 1 0 0 1 1 0 0 1 0 0 0 0 0 0 1 1 0 0 1 0 1 0 0 0 0 0 1 0 0 0 0 0 0 0 0 0 1 
0 1 0 0 0 0 0 0 0 0 0 0 2 0 1 0 0 0 0 1 0 0 0 1 0 0 0 1 1 0 0 0 0 0 0 1 0 0 0 0 1 0 2 0 0 0 0 0 0 1 1 0 0 1 0 0 0 0 0 0 2 0 0 0 1 0 0 0 1 0 0 0 0 0 0 0 0 0 0 0 1 0 0 0 0 0 0 1 0 0 1 0 0 0 0 0 0 1 0 0 0 1 0 0 0 0 0 1 0 0 0 1 0 0 0 0 1 0 0 1 0 0 1 0 0 0 0 0 0 1 0 0 0 1 0 0 0 2 0 0 0 0 0 0 0 1 0 2 0 0 1 0 0 0 0 0 1 0 0 3 0 0 0 0 0 0 0 1 0 2 0 0 0 0 0 0 0 0 0 0 0 1 0 0 0 0 0 0 0 1 1 1 0 1 0 0 0 0 0 0 
0 1 0 0 0 0 0 0 0 0 0 1 0 0 0 1 0 0 0 0 0 1 0 0 1 0 0 0 0 0 0 0 0 0 1 0 0 0 0 0 0 0 0 0 0 0 0 1 0 1 0 0 0 0 0 0 0 0 1 0 1 0 0 0 0 0 1 0 0 1 0 2 0 0 0 0 0 2 0 0 0 0 0 0 1 0 0 0 0 0 2 1 1 1 0 1 0 1 0 0 0 0 1 0 0 0 0 0 0 1 0 0 0 0 1 0 0 0 0 0 0 0 0 0 1 0 0 0 0 0 1 0 0 0 0 0 0 0 0 0 1 0 0 0 0 0 0 0 0 0 0 0 0 0 0 0 0 0 0 1 0 0 0 0 1 0 0 0 0 1 0 0 0 0 1 0 0 1 0 1 0 0 1 0 0 0 0 0 1 0 0 1 0 1 1 0 1 0 0 0 
0 0 0 0 0 0 0 0 0 0 1 0 0 0 0 0 0 0 0 0 0 0 0 0 0 1 0 0 0 0 1 0 1 0 0 0 0 0 0 1 0 0 1 0 1 0 0 0 0 0 0 1 0 0 1 0 0 0 0 0 0 0 1 0 0 0 0 0 0 0 1 0 0 0 0 0 1 0 0 0 0 0 0 0 0 0 0 0 0 0 1 0 0 0 1 0 0 0 0 0 0 0 0 0 0 1 1 1 0 0 0 0 0 0 0 0 0 0 0 1 0 0 0 0 0 2 1 0 0 0 1 0 0 0 0 0 0 1 1 0 0 0 1 0 0 0 0 0 0 0 0 0 0 1 1 0 0 1 0 0 0 0 1 0 0 1 0 0 0 0 0 0 0 0 0 1 0 1 0 0 2 0 0 0 0 0 0 0 0 1 0 0 0 0 0 0 0 0 1 0 
0 0 1 2 1 0 1 1 0 0 0 0 1 0 0 0 1 0 0 0 0 0 0 1 0 0 1 0 0 0 1 1 0 0 0 0 0 0 0 0 0 0 0 0 0 0 0 0 2 0 0 0 1 0 0 0 2 0 0 0 0 0 1 1 0 0 1 0 0 0 0 0 0 0 0 1 0 0 0 0 0 0 2 1 0 0 0 0 1 1 1 0 0 0 0 0 0 1 0 0 0 1 0 0 0 0 0 0 0 0 0 0 1 0 0 0 2 0 0 0 0 0 0 1 0 1 1 1 0 0 0 0 0 0 0 0 0 1 0 0 0 0 0 0 1 1 0 0 0 0 0 0 1 0 0 0 0 0 0 0 0 0 0 0 0 0 2 0 0 1 0 1 0 0 0 1 0 0 0 0 0 0 0 0 0 0 1 0 0 0 0 0 1 0 1 0 0 0 0 1 
0 0 0 0 0 0 0 0 0 0 0 0 0 0 0 0 0 2 0 0 0 0 0 1 0 0 0 0 0 0 1 0 0 0 0 0 0 0 0 0 0 0 0 0 0 0 0 0 0 0 0 0 0 1 0 0 0 0 0 0 0 0 0 0 0 0 0 0 0 0 1 2 0 0 1 0 0 1 0 0 0 0 0 0 0 0 0 0 0 0 0 0 1 0 0 0 0 0 0 0 1 0 0 0 1 1 0 0 1 0 0 1 0 0 0 0 1 1 0 0 0 0 0 0 0 0 0 2 1 0 0 0 1 0 0 1 0 0 1 1 0 1 0 0 1 0 0 0 0 0 0 0 0 0 0 0 1 1 0 1 0 0 1 0 1 0 0 0 0 0 0 0 1 0 0 0 0 1 0 0 0 0 0 0 0 0 0 2 0 1 1 0 0 0 0 0 0 1 0 0 
0 0 0 0 0 0 1 0 0 0 0 0 0 0 0 0 0 0 0 0 0 0 1 0 0 0 0 0 0 0 0 0 0 0 0 0 1 0 1 0 1 0 2 0 0 2 0 0 1 0 0 0 0 0 1 0 0 1 1 0 0 1 0 0 1 0 0 0 0 0 0 0 0 0 0 0 0 0 0 0 0 0 0 0 1 0 1 2 0 0 0 1 0 0 0 0 0 0 0 0 0 0 0 0 1 2 1 0 1 0 1 0 0 0 0 0 1 0 0 0 0 0 0 2 0 0 1 0 0 0 0 0 0 0 0 0 0 0 1 0 0 1 0 0 0 0 0 1 0 0 1 0 0 0 0 0 0 1 0 0 0 0 0 0 0 0 0 0 0 0 0 1 0 2 0 0 0 0 0 0 0 0 0 0 0 0 0 0 1 0 0 0 0 1 0 0 0 0 0 0 
1 0 0 0 0 0 0 0 0 0 0 0 0 0 0 0 0 0 0 0 0 0 0 0 0 0 0 0 0 0 0 1 0 0 0 0 0 0 2 0 0 0 0 1 1 0 0 0 0 0 0 0 1 0 2 0 0 1 1 0 1 0 0 0 0 0 0 0 0 0 0 0 0 0 0 0 1 0 0 0 0 0 0 1 0 0 0 0 0 0 0 0 1 0 0 0 0 1 0 0 0 1 1 0 0 0 0 1 0 2 1 1 1 0 0 0 0 0 1 0 0 1 0 0 0 1 0 0 0 1 1 0 0 0 0 0 0 0 0 0 1 0 0 0 0 1 0 0 0 0 0 0 0 0 0 0 0 0 0 0 0 0 0 0 0 1 0 0 0 0 0 0 1 0 0 0 0 0 0 0 0 0 0 0 0 1 0 0 0 0 0 0 1 0 0 0 0 0 0 1 
0 0 0 0 0 0 0 0 0 0 0 1 0 0 0 0 0 1 2 0 0 0 0 1 0 0 0 0 1 0 0 1 0 0 0 0 0 0 0 0 0 0 0 0 0 0 0 0 2 0 0 0 0 0 1 0 1 0 0 0 0 0 0 0 0 1 0 1 0 0 0 0 0 0 0 0 0 1 0 0 2 0 0 2 2 0 2 1 0 0 0 0 0 1 1 1 0 1 0 0 0 0 1 0 0 0 0 0 0 0 1 0 0 1 0 0 0 0 0 0 0 0 0 0 0 0 0 0 0 0 2 1 0 0 0 0 2 0 1 1 0 0 0 0 1 0 0 0 1 1 0 0 0 0 1 1 0 0 0 1 0 0 0 0 0 0 0 1 0 0 0 0 0 0 0 0 0 0 0 0 1 0 0 0 0 0 2 0 0 0 0 1 0 0 0 0 0 0 0 0 
0 0 0 0 1 0 1 0 0 0 0 0 0 0 0 0 0 0 0 0 0 0 0 0 0 0 1 0 0 0 0 0 0 0 0 0 0 0 0 0 0 0 0 0 0 0 0 1 2 0 1 0 0 1 0 1 0 0 0 1 0 0 0 0 0 0 0 1 0 0 0 1 0 0 1 0 0 0 0 0 0 0 0 0 1 0 0 0 0 0 0 0 0 0 0 0 1 0 0 0 0 0 0 0 0 0 0 0 0 0 0 1 0 0 0 0 0 0 0 0 0 0 1 0 1 0 0 1 0 0 0 0 0 0 0 2 0 0 1 0 0 2 0 1 0 0 0 0 0 0 2 1 0 0 1 0 0 0 0 0 0 1 0 0 0 0 0 0 0 0 0 0 0 1 0 0 0 0 0 0 0 1 0 0 0 0 1 0 0 0 2 0 0 0 0 0 0 0 0 0 
0 0 0 0 0 1 0 0 0 0 0 1 0 1 0 0 1 0 0 0 2 0 0 0 1 0 0 1 0 0 0 0 0 2 0 0 1 0 0 0 0 0 0 0 0 0 0 1 1 0 0 0 0 0 0 0 0 0 0 0 0 0 0 0 1 2 0 0 1 0 0 0 0 0 0 0 0 0 1 0 0 1 0 0 0 2 0 1 0 0 0 0 0 0 0 0 1 0 1 1 0 0 2 0 0 1 0 0 0 0 0 0 0 0 0 0 0 0 0 1 0 0 0 0 0 0 0 0 0 1 1 0 0 0 1 0 0 0 0 0 0 0 0 0 0 0 0 1 0 0 0 0 0 0 0 0 0 0 1 0 0 0 2 0 0 0 0 0 0 0 0 0 0 0 0 0 0 0 0 0 0 1 1 0 0 0 0 0 0 0 1 0 0 1 0 1 0 0 1 0 
0 0 0 0 0 0 0 1 0 0 0 0 0 1 0 0 0 0 0 0 0 1 0 1 0 0 0 0 0 0 0 0 1 0 0 0 0 0 0 0 0 1 0 0 0 0 0 1 0 0 0 0 0 0 0 0 0 0 1 0 0 0 0 0 1 1 0 0 1 1 0 0 0 0 0 0 0 0 0 0 0 0 0 0 0 0 0 0 0 0 0 0 0 1 0 1 1 0 0 1 0 0 2 0 0 1 0 0 1 0 0 0 1 0 0 0 0 1 1 0 0 0 0 0 0 0 0 0 0 0 0 0 1 0 0 0 0 0 0 0 0 0 0 0 1 1 0 0 0 0 0 0 0 0 0 0 0 0 0 0 0 0 0 0 0 0 0 0 0 0 0 1 0 1 0 0 0 0 0 0 0 1 0 0 0 0 0 0 0 0 0 0 0 0 0 0 0 0 0 1 
0 0 0 0 0 0 0 0 1 0 0 0 0 0 0 0 0 1 0 0 0 0 1 0 0 0 0 0 0 0 0 0 0 0 0 0 0 0 0 0 0 0 0 0 2 0 0 0 0 0 1 1 0 1 0 1 0 0 0 0 1 0 0 0 0 0 0 1 0 1 0 0 0 0 1 0 0 0 0 1 0 0 0 0 0 0 0 0 0 0 0 0 0 0 1 0 0 0 0 1 0 1 1 0 0 0 0 1 0 0 0 0 1 0 0 0 0 0 1 0 2 0 0 1 0 0 0 0 0 1 0 0 0 0 0 0 0 1 0 0 0 0 0 0 0 0 0 1 0 0 0 0 0 0 0 0 0 0 0 0 1 0 0 0 0 1 0 0 0 0 0 0 0 0 0 0 0 0 1 0 0 0 0 0 0 0 0 0 1 0 0 1 0 0 0 1 1 0 0 1 
0 1 0 1 0 0 0 1 0 0 1 0 0 0 0 0 1 0 0 0 0 1 0 0 0 0 0 0 0 1 0 0 0 1 0 0 0 0 0 1 0 0 0 1 0 0 1 0 0 1 0 1 1 1 0 0 0 0 0 0 1 0 0 0 0 0 0 1 0 0 0 0 0 1 0 1 0 0 1 1 0 1 0 1 0 0 0 0 0 0 0 0 0 0 0 0 0 0 1 0 0 0 0 1 0 0 0 0 0 0 0 0 0 0 1 0 1 0 0 0 0 0 0 1 0 0 0 0 0 0 1 0 0 0 1 0 0 0 2 1 0 0 0 0 0 0 1 0 1 0 0 0 0 2 1 0 0 0 0 0 0 0 0 0 0 0 0 0 0 1 0 0 0 0 0 1 0 1 1 1 1 0 0 0 1 1 0 0 0 1 0 0 0 0 0 0 0 0 0 0 
0 0 0 0 0 0 0 0 0 0 0 0 0 0 0 0 0 1 0 1 1 0 0 0 1 0 0 0 0 0 0 1 0 0 1 0 0 0 0 1 0 0 1 0 0 0 0 0 0 0 0 0 0 1 0 0 0 0 1 0 0 1 1 0 0 0 0 0 2 0 0 0 0 0 0 1 0 0 0 0 0 1 0 1 0 0 0 1 0 0 0 0 0 0 0 0 1 0 1 0 0 0 0 1 0 1 0 0 1 0 0 0 0 0 0 0 1 0 0 0 0 0 0 0 0 0 0 0 0 0 0 0 0 1 0 1 0 0 0 0 0 0 1 0 0 1 1 0 0 0 0 0 1 0 0 0 0 0 0 0 0 0 0 0 1 0 1 1 0 0 0 0 1 0 0 0 0 0 0 0 0 0 1 0 0 1 0 1 0 0 0 0 0 0 0 0 0 0 1 0 
0 0 0 0 0 0 0 1 0 0 0 0 0 0 0 0 0 1 0 0 0 0 0 0 0 0 1 0 0 0 1 0 1 0 1 0 0 1 0 0 0 0 0 0 0 0 0 0 0 0 0 0 0 0 0 0 1 0 0 0 0 1 0 0 0 0 1 0 0 1 0 1 0 0 0 0 0 0 0 0 0 0 0 0 0 0 1 0 0 0 0 0 0 0 1 0 0 0 1 0 0 0 2 0 1 0 0 0 0 0 0 0 0 0 0 0 0 1 0 0 0 0 0 1 0 0 0 0 0 0 0 1 0 0 0 0 0 0 0 0 0 0 0 0 0 1 0 0 0 0 0 0 0 0 0 0 0 0 0 0 0 1 0 0 0 0 1 0 0 0 0 0 0 0 0 0 0 0 0 0 0 0 0 0 0 0 0 1 0 0 2 0 0 1 0 0 0 0 0 0 
1 0 0 0 0 0 0 0 0 1 0 0 0 0 0 0 0 0 0 0 1 0 1 0 0 0 0 1 0 0 0 0 0 1 0 0 0 0 1 0 0 0 0 1 0 0 0 1 0 0 0 0 0 1 0 0 0 0 0 3 0 0 1 0 0 0 0 0 0 0 0 1 0 0 1 0 0 0 0 0 0 0 0 0 1 0 0 0 0 0 0 0 0 0 0 0 0 0 0 0 1 1 1 0 0 1 0 0 0 0 0 0 0 1 1 0 0 2 0 1 0 1 0 0 1 0 0 0 0 0 0 0 0 0 0 1 0 0 0 0 0 0 0 0 0 0 1 0 0 0 2 0 0 0 0 0 0 0 2 0 0 0 0 0 2 0 0 0 0 0 0 1 0 0 0 0 0 0 0 0 1 1 0 0 0 1 0 0 0 0 0 1 1 0 0 0 0 0 0 0 
0 3 0 0 0 0 0 0 0 1 0 0 0 1 0 0 0 0 0 0 0 0 1 0 1 0 0 0 0 0 0 1 0 0 0 0 0 0 1 0 0 0 0 1 0 0 0 0 0 0 0 0 0 0 0 1 1 0 0 1 0 0 0 0 0 0 0 0 0 0 0 0 0 0 0 0 1 0 0 0 1 0 0 0 0 0 0 2 0 0 0 0 1 1 0 0 0 0 0 0 0 1 1 0 0 0 0 0 0 0 0 0 1 0 0 0 2 0 0 0 0 0 1 0 0 0 1 0 0 0 0 1 0 1 1 0 0 0 0 0 0 0 1 0 0 0 1 0 0 0 0 0 0 0 0 0 0 1 0 0 1 0 0 0 0 0 0 0 0 0 0 0 0 0 0 1 0 0 0 0 0 0 0 0 0 0 0 0 0 0 1 0 1 0 0 1 0 0 0 0 
1 0 0 0 0 0 0 0 0 0 0 0 0 0 0 0 0 0 0 1 0 1 0 0 1 1 0 0 0 0 0 0 0 0 0 0 0 0 0 0 0 0 0 0 0 0 0 1 0 0 0 0 0 0 0 0 1 0 0 0 0 0 0 1 0 0 2 0 0 0 0 0 0 0 0 0 1 0 1 0 0 0 0 0 0 0 1 0 0 0 0 1 1 0 0 1 1 0 1 0 0 0 0 0 0 0 0 0 0 1 0 0 1 0 0 0 0 0 0 0 0 0 0 0 0 0 0 0 0 0 0 0 0 0 0 0 0 0 0 1 0 0 0 0 0 0 0 0 0 0 0 0 0 0 1 1 1 0 0 0 1 0 1 0 0 0 1 2 0 0 0 0 0 0 0 0 0 0 0 0 1 0 0 0 0 0 0 1 0 0 0 0 0 0 0 0 0 0 1 0 
0 0 0 0 0 0 0 1 1 0 0 0 0 0 0 0 0 0 1 0 0 0 0 0 0 1 0 0 1 0 0 1 0 2 0 0 0 0 0 0 0 0 0 0 0 0 0 0 0 0 0 2 0 0 0 0 0 0 0 0 0 0 1 0 0 0 0 0 0 0 0 0 0 0 0 0 0 0 0 0 0 0 0 0 0 0 1 0 0 0 0 1 1 0 0 0 0 2 0 0 1 0 0 0 0 1 0 0 0 0 1 0 0 0 0 1 0 0 0 0 0 0 0 0 0 0 0 0 0 0 0 0 0 0 0 1 0 0 0 0 0 1 0 2 1 0 1 0 1 0 0 0 1 0 1 0 0 1 0 0 0 0 0 1 0 1 0 0 0 0 0 0 0 0 1 0 1 1 0 0 0 0 0 0 0 0 0 0 0 0 1 0 0 0 0 0 0 0 1 0 
0 0 0 0 0 0 1 0 0 1 0 1 0 1 0 0 0 1 0 0 0 1 0 0 0 0 0 0 0 0 0 0 0 0 0 0 0 1 0 0 0 0 0 0 0 0 2 0 0 0 0 0 0 0 0 0 0 0 0 0 0 0 0 0 0 0 1 0 0 1 0 1 1 1 0 0 0 0 0 0 0 0 0 0 0 0 0 0 0 0 0 0 0 0 0 1 1 0 0 0 0 0 0 0 0 0 0 0 1 0 0 0 0 0 0 0 0 0 0 0 0 0 0 0 1 0 1 0 0 0 0 0 0 0 0 0 0 0 0 0 0 0 0 0 0 0 0 0 1 0 1 1 0 0 0 0 0 0 1 0 0 0 0 0 0 0 0 0 0 1 0 0 0 0 0 1 1 0 1 0 0 1 0 0 0 1 1 0 1 0 0 0 0 0 0 0 0 0 1 0 
2 1 0 0 1 0 0 0 1 0 1 0 0 0 0 0 0 1 0 0 0 0 0 1 0 0 0 0 0 0 0 0 0 0 1 0 0 0 1 0 0 0 0 0 0 0 0 1 0 0 0 0 0 1 0 0 0 0 0 1 0 1 1 0 0 0 0 0 0 2 0 0 0 0 0 2 0 0 0 0 0 0 0 0 0 0 0 1 0 1 0 0 0 0 0 0 0 1 0 1 0 0 0 0 0 0 0 0 0 1 0 0 0 0 1 0 0 0 0 1 0 0 1 0 0 0 0 0 1 0 1 0 0 0 0 0 0 0 0 0 2 0 0 0 0 0 0 0 0 0 0 0 0 0 0 1 1 0 0 0 0 0 0 0 0 1 2 0 0 0 1 0 0 2 0 0 1 0 0 0 0 0 0 0 0 0 1 0 0 0 0 2 0 0 0 0 0 1 0 0 
1 0 1 0 0 0 0 0 0 3 0 0 0 0 0 0 0 0 0 0 0 0 0 0 0 0 0 0 0 0 0 0 0 0 0 0 0 0 0 0 0 0 0 1 0 0 0 0 0 0 0 0 0 0 0 0 0 0 0 0 0 0 0 0 0 0 0 0 1 0 0 0 0 0 0 0 0 0 0 1 0 0 0 0 1 0 0 0 0 0 0 0 0 1 0 0 0 2 0 0 0 0 0 0 0 0 0 0 0 0 0 1 0 0 0 0 0 0 2 0 0 0 0 0 0 2 0 0 1 0 0 1 1 0 0 0 0 0 0 0 0 1 0 0 0 0 0 1 0 1 0 0 0 0 0 0 1 0 1 0 1 0 0 0 0 0 0 0 1 0 0 0 0 1 1 0 0 0 0 0 0 0 0 1 0 0 0 0 0 0 1 0 0 0 0 0 1 0 0 0 
1 0 0 0 0 0 1 0 0 1 0 0 0 0 0 0 2 0 0 0 0 0 0 0 0 1 0 1 1 0 0 0 0 2 0 1 0 0 0 1 0 1 0 0 1 0 0 1 0 0 0 0 0 0 1 0 0 0 1 0 0 1 0 0 0 1 0 0 0 0 0 0 0 0 0 0 1 0 1 1 0 0 0 0 0 0 0 0 0 0 0 0 0 0 0 0 1 2 0 0 0 1 0 0 0 0 1 0 0 0 0 0 0 0 0 0 0 0 0 0 0 0 0 1 0 0 1 0 0 0 1 0 0 0 0 0 0 0 0 0 1 0 0 0 1 0 0 0 0 0 1 0 0 0 0 1 0 0 0 1 0 1 0 0 0 0 0 0 1 0 0 0 0 1 1 0 0 0 0 1 0 1 1 0 0 0 0 0 0 0 0 0 0 0 0 0 0 0 0 1 
1 0 0 0 0 0 0 0 0 0 0 0 0 0 0 1 1 1 0 0 0 0 1 1 0 0 0 0 0 0 1 0 0 0 0 0 0 0 0 0 0 0 0 0 0 0 1 0 0 2 0 0 0 0 2 0 0 0 1 0 0 0 3 0 0 0 0 0 1 0 0 0 1 2 0 1 0 1 0 0 0 0 0 0 0 0 0 0 0 0 1 0 0 0 0 0 0 1 0 0 0 0 0 0 1 0 0 0 0 0 0 1 1 0 0 0 0 0 1 0 0 0 0 0 0 0 0 0 0 0 0 0 0 1 0 0 0 0 1 1 0 0 0 0 0 0 0 0 0 0 0 0 0 0 0 1 0 1 0 0 1 0 0 0 0 0 0 0 0 0 0 0 0 0 1 0 0 0 1 0 0 0 0 0 0 0 0 1 0 0 1 0 0 0 0 0 0 0 0 0 
0 0 1 0 0 0 1 1 0 0 0 0 0 0 0 0 0 0 0 1 0 0 1 1 1 0 0 1 0 0 0 0 0 0 0 2 0 0 1 0 0 1 0 0 0 1 0 0 0 0 0 2 0 0 0 0 1 0 0 0 0 0 0 0 0 0 1 0 0 1 0 0 0 0 1 0 0 0 0 1 0 0 0 0 0 0 1 0 1 0 0 0 0 0 1 0 0 0 0 0 0 0 0 1 0 0 0 1 0 0 0 0 0 1 0 0 0 0 0 1 1 0 1 1 0 0 0 0 0 1 0 1 0 0 0 0 0 1 0 0 1 0 0 1 1 0 0 0 0 0 0 1 1 0 0 0 0 0 0 0 0 0 0 0 0 1 0 1 0 1 0 1 0 1 0 1 0 1 0 0 0 1 0 0 0 0 0 2 0 0 0 1 0 0 0 1 0 0 0 0 
0 0 0 1 0 0 0 0 0 0 0 0 1 0 0 0 1 0 0 0 1 0 0 0 0 0 0 0 0 0 0 0 0 1 0 0 0 0 0 0 0 0 0 0 0 0 0 0 1 0 0 0 0 0 0 0 0 0 0 1 0 0 0 0 0 0 1 0 0 0 0 0 0 0 0 0 0 0 0 1 0 0 0 0 0 0 0 0 1 0 0 0 1 0 0 1 0 0 0 1 1 0 1 0 0 0 0 0 0 0 0 0 0 0 1 1 0 1 0 0 0 0 0 0 1 0 0 0 0 1 0 0 0 0 0 0 0 0 0 0 1 0 1 0 0 1 0 0 0 0 0 0 0 0 0 0 0 0 0 0 0 1 0 0 0 0 0 0 1 0 0 0 0 0 0 0 0 0 0 0 0 1 1 0 0 1 0 0 0 0 0 0 0 1 0 0 1 0 0 1 
0 0 0 0 0 0 0 0 0 1 0 0 1 0 0 0 0 0 0 0 0 0 0 0 0 0 0 2 0 1 0 0 0 1 0 0 0 0 0 0 1 0 1 0 0 0 0 0 0 0 0 1 1 0 0 0 1 0 0 1 0 0 0 0 0 0 0 1 1 0 0 0 0 0 0 0 1 0 1 0 0 1 0 1 1 0 0 0 0 0 1 1 0 0 0 3 0 0 0 0 0 0 0 0 0 0 0 0 0 0 0 0 0 0 0 0 0 0 0 1 0 0 0 1 0 1 0 0 0 1 0 0 0 0 0 0 0 0 0 1 0 0 0 0 0 0 1 0 0 2 1 1 0 0 0 0 0 1 0 0 0 0 0 0 0 0 0 0 0 0 0 0 1 1 0 0 1 0 0 1 0 0 0 0 0 1 0 0 0 0 0 0 0 0 1 0 0 0 0 0 
0 0 0 0 0 0 0 0 0 1 0 0 0 0 0 1 0 0 0 0 1 1 1 0 0 0 0 0 0 1 0 0 0 1 0 1 0 0 0 0 1 0 0 0 0 0 0 0 0 0 0 0 0 0 0 0 0 1 0 0 0 0 0 0 0 0 2 0 0 1 0 0 0 0 0 0 0 1 2 0 0 0 1 0 0 1 1 0 0 0 0 0 0 0 0 0 0 0 0 0 1 1 1 0 2 1 1 0 0 0 0 0 0 0 1 0 0 0 0 0 0 0 0 0 0 0 0 1 0 0 0 0 0 0 0 0 1 0 1 1 1 0 0 0 0 0 0 0 0 0 1 0 0 0 0 1 0 0 0 0 0 0 0 0 0 0 0 0 0 0 0 0 0 0 1 0 0 0 0 0 0 0 1 0 0 0 0 0 0 0 0 0 0 0 0 0 0 0 0 0 
1 0 0 1 0 0 0 0 0 0 0 0 0 0 0 0 0 0 0 0 0 1 0 1 0 1 0 0 0 0 1 1 1 0 0 0 0 0 1 0 0 0 0 0 0 0 0 0 1 0 0 0 0 0 0 0 0 0 0 0 0 0 1 0 0 0 0 0 0 0 0 0 0 0 0 1 0 0 0 0 0 0 0 0 0 0 0 1 0 0 0 0 2 3 1 1 0 0 0 0 0 1 0 0 2 0 0 0 1 0 0 0 0 0 0 0 0 1 0 1 0 0 1 0 1 0 0 1 0 0 1 0 1 0 0 0 1 1 0 0 0 1 0 0 0 0 0 0 0 0 0 0 0 0 0 0 0 0 1 0 0 0 0 0 0 0 0 0 0 0 0 0 0 0 0 0 0 0 0 0 0 0 0 0 0 0 0 0 0 0 0 0 0 0 0 1 0 0 0 0 
0 0 0 0 1 0 0 0 0 0 0 0 1 0 0 0 0 0 0 1 0 1 0 0 0 0 0 0 0 0 0 0 0 1 0 0 0 1 0 0 0 0 0 0 0 0 0 0 0 0 0 0 0 0 0 0 0 0 0 0 0 0 1 0 0 0 0 0 0 1 0 0 1 0 0 1 0 0 1 0 0 0 0 0 0 0 0 0 0 0 0 0 0 1 0 0 0 0 0 1 0 1 0 0 0 0 2 0 0 0 0 0 0 1 0 0 1 2 1 0 0 1 0 1 0 0 0 1 0 0 0 1 0 0 0 1 0 0 0 0 1 1 0 0 0 1 3 0 0 0 0 0 1 0 1 0 0 1 0 0 0 1 0 1 1 0 0 1 0 0 0 0 0 0 0 0 0 0 0 0 0 0 0 0 0 0 0 0 0 1 0 0 0 4 0 1 2 0 1 0 
0 0 1 1 1 0 2 0 0 0 1 0 0 2 0 0 0 0 0 0 0 1 0 0 0 0 0 2 0 0 0 0 1 1 1 0 0 0 1 0 0 0 0 0 0 0 1 0 0 0 0 1 0 0 0 0 0 1 0 0 0 0 0 0 0 0 0 0 0 0 0 0 0 0 0 1 0 0 0 0 0 0 0 0 0 0 0 0 0 0 0 0 0 0 0 0 0 1 0 1 0 1 0 0 0 1 1 0 1 1 0 0 0 0 0 0 0 0 0 0 0 0 0 0 0 0 0 0 1 0 0 1 0 0 0 0 0 0 0 0 0 0 1 0 1 0 0 0 0 0 0 1 0 0 0 0 0 0 0 0 0 0 0 0 0 0 0 0 0 0 0 0 0 0 0 2 0 0 1 0 0 0 0 1 0 0 0 0 0 1 0 0 0 0 0 0 0 0 0 0 
2 0 0 0 0 0 0 0 0 1 0 0 0 0 0 0 1 0 0 0 0 0 0 0 0 0 0 0 0 0 0 0 0 1 0 0 0 0 0 0 3 0 0 0 0 0 0 0 0 0 0 0 0 0 0 0 0 0 0 0 1 0 0 1 0 0 0 0 0 0 0 1 0 0 0 0 0 0 0 0 0 0 0 0 0 1 1 0 0 0 0 0 0 0 0 1 0 0 1 1 1 1 0 0 1 0 0 0 0 0 0 0 0 0 0 1 0 0 0 0 0 1 0 0 0 0 0 0 1 0 1 1 0 0 0 0 0 0 0 0 0 0 0 0 0 1 0 0 0 0 2 0 0 0 0 0 0 0 0 1 0 0 0 0 0 0 1 0 0 0 0 1 0 0 0 0 0 0 0 0 0 0 0 0 0 0 0 0 0 2 0 0 0 0 0 0 0 0 1 0 
0 0 0 0 0 1 0 0 0 0 0 1 2 1 0 0 0 0 0 0 0 0 2 0 1 0 0 0 1 0 0 0 0 1 0 0 0 0 0 1 0 0 1 0 0 0 0 0 0 1 0 0 0 0 0 1 0 0 1 0 0 1 0 0 0 0 1 0 0 1 0 0 0 1 0 0 0 0 0 1 0 0 0 0 0 0 0 1 0 0 0 0 0 0 0 0 0 0 0 1 0 0 0 0 0 2 0 0 0 0 0 1 1 0 1 0 1 0 0 0 0 0 0 0 0 0 1 0 1 0 0 0 0 0 0 1 0 1 0 0 0 0 0 0 0 0 0 0 1 0 0 0 0 0 0 0 0 0 0 1 0 1 1 0 0 0 0 0 1 1 0 0 0 0 0 0 0 0 0 0 0 0 0 0 1 1 0 0 0 0 0 0 0 0 0 1 0 0 0 0 
1 0 1 0 0 0 1 0 0 1 0 0 0 0 0 0 1 0 0 0 0 1 0 0 0 0 0 0 0 0 2 2 1 0 0 0 0 0 1 0 0 0 0 0 0 0 0 1 0 0 1 0 0 0 1 2 1 0 0 1 0 0 0 0 1 0 1 0 1 0 0 0 0 2 0 0 0 0 1 2 0 0 0 0 0 0 0 0 0 0 0 0 0 0 0 0 1 0 0 0 1 2 0 0 0 0 0 0 0 0 0 0 1 1 0 0 1 0 2 0 0 0 0 0 0 1 1 0 0 0 0 1 0 0 0 0 0 0 0 0 0 1 1 0 0 0 0 0 0 0 1 1 0 0 0 0 0 0 0 0 0 0 0 0 0 0 0 1 0 0 0 0 0 1 0 0 1 0 0 0 0 0 0 0 1 0 0 0 0 1 0 0 0 0 0 0 0 0 0 0 
0 0 0 0 1 0 0 0 1 0 0 0 0 0 0 0 0 0 0 1 0 0 0 0 0 0 1 1 0 0 0 0 0 0 0 0 0 1 0 0 0 0 0 0 2 0 0 1 0 0 0 0 0 0 0 0 0 1 1 0 1 0 0 0 0 0 0 0 0 1 0 0 0 0 0 0 0 0 0 0 0 0 1 1 1 0 0 0 0 0 0 0 0 0 0 0 0 0 0 1 0 0 0 0 0 0 0 1 0 0 0 1 0 0 0 0 0 0 0 0 0 0 0 0 0 0 0 1 0 0 0 0 0 0 1 0 0 0 0 0 0 0 0 0 1 0 0 0 0 1 1 0 0 0 0 1 0 0 0 0 0 0 0 0 0 0 0 0 0 0 0 0 0 1 0 1 0 0 0 1 0 0 1 0 0 0 0 1 0 0 0 0 0 1 0 1 0 0 1 0 
1 0 0 1 0 0 0 0 0 1 0 0 0 1 0 0 1 0 1 0 1 0 0 0 0 1 0 1 0 0 0 0 0 0 0 0 0 0 0 0 0 0 0 1 0 0 2 1 0 0 0 1 0 0 1 0 0 0 0 0 0 0 0 0 1 0 0 0 0 0 0 1 0 1 0 1 0 1 0 0 0 0 0 0 0 0 0 0 1 0 0 0 0 0 1 0 0 0 0 0 1 0 0 0 1 0 0 0 1 0 0 0 0 0 0 0 0 1 0 0 0 0 0 0 0 0 0 0 0 0 0 0 0 0 0 0 0 0 0 0 2 0 2 1 0 1 0 0 0 1 0 0 0 0 0 1 0 0 0 1 1 0 2 1 0 0 0 0 0 0 0 0 0 1 1 0 0 1 0 0 0 0 1 0 0 0 0 0 0 0 0 1 0 0 0 0 0 0 1 0 
0 1 0 0 0 0 1 1 0 1 0 0 0 0 0 1 1 0 0 1 2 0 0 0 1 0 0 0 0 0 0 0 0 0 0 0 0 0 0 0 0 1 0 0 0 1 0 0 1 0 0 1 0 0 0 0 0 1 1 0 0 0 1 0 0 0 0 0 0 0 0 0 1 0 0 0 0 0 0 0 1 0 0 0 1 1 0 0 0 0 1 1 2 0 0 0 1 1 0 1 1 0 1 0 0 0 0 0 0 1 0 0 0 0 0 0 0 0 0 0 0 1 0 0 0 1 0 1 0 0 0 0 2 0 0 0 0 0 0 0 0 0 0 0 0 0 0 0 0 0 1 0 0 0 1 0 1 0 1 0 0 0 0 0 0 0 0 0 0 0 0 0 1 0 0 0 1 0 1 0 1 0 0 1 0 0 1 1 0 0 0 0 0 0 0 0 0 1 0 0 
0 0 1 0 1 0 0 0 0 0 1 0 0 0 0 0 0 0 0 1 0 0 0 0 1 0 0 0 0 0 0 0 2 0 1 0 0 0 0 0 0 0 0 0 0 0 0 0 0 0 0 0 0 0 0 1 0 0 0 0 1 0 0 0 0 0 0 0 0 0 0 0 0 0 1 0 0 0 0 2 1 1 0 0 0 0 0 0 1 0 0 1 0 2 1 0 2 0 0 0 0 0 0 0 2 0 1 0 0 1 0 0 0 0 0 0 1 0 0 0 0 0 0 0 0 0 0 0 0 0 1 0 0 0 0 0 0 0 2 0 0 1 0 0 0 0 0 0 0 0 1 2 0 1 0 0 0 0 0 0 1 1 0 0 1 0 0 0 0 1 1 1 0 0 0 0 0 0 0 0 0 0 0 0 1 0 1 2 0 1 0 0 0 0 0 1 0 0 1 0 
1 0 0 0 1 0 0 0 0 2 0 0 1 0 0 0 0 0 0 0 1 1 0 0 0 0 1 0 0 0 0 0 0 0 0 0 0 0 0 1 0 0 1 0 0 0 0 0 1 0 0 1 0 0 0 2 0 1 0 0 0 1 0 0 0 1 0 1 0 0 0 1 0 0 0 0 2 0 0 0 1 0 1 0 1 0 0 0 0 0 1 0 0 0 1 0 0 0 0 0 0 0 0 0 1 0 1 0 1 0 0 2 0 0 0 0 1 0 0 1 0 0 0 1 1 0 1 0 0 0 1 0 0 0 0 0 0 0 1 0 0 0 1 0 0 0 0 0 1 0 0 1 0 0 0 0 0 0 0 0 1 0 1 0 0 0 0 0 1 0 0 0 0 1 0 0 0 0 0 0 0 0 0 0 0 0 0 0 0 0 0 0 0 0 0 0 0 0 0 0 
0 0 0 0 0 0 0 0 0 0 0 0 0 1 0 0 1 1 0 0 0 1 0 0 0 0 0 0 0 0 0 0 0 1 0 0 0 1 0 0 0 1 0 0 0 0 0 0 1 0 0 0 0 0 0 2 1 0 0 0 1 0 0 0 0 0 0 0 0 0 0 0 0 0 0 0 0 0 1 0 0 0 1 0 0 0 1 0 0 0 1 1 0 0 0 0 0 0 0 0 0 0 0 0 0 0 0 0 0 0 0 0 0 0 0 0 0 0 0 0 1 0 0 0 1 0 0 0 0 1 0 1 0 0 0 0 0 0 0 1 0 0 0 0 0 0 0 0 0 0 0 0 0 0 0 0 0 0 0 0 0 0 0 0 2 0 0 0 0 0 0 0 0 0 0 0 0 0 0 0 0 1 1 0 0 0 0 0 0 0 0 0 0 0 0 0 0 0 0 1 
0 0 1 1 0 0 0 0 0 0 0 0 0 0 0 0 0 0 0 0 0 0 0 1 0 0 1 0 1 0 1 1 0 0 0 0 0 0 0 0 0 0 0 0 1 1 1 0 0 0 0 0 0 0 0 0 0 0 0 0 0 0 0 0 0 0 0 0 0 0 0 0 1 0 0 0 0 0 0 0 0 1 0 0 0 0 1 0 0 0 0 0 1 0 0 0 0 0 0 1 1 0 0 0 0 0 0 0 0 1 0 0 0 0 0 0 0 0 0 0 1 0 0 0 1 0 1 0 0 0 0 0 0 0 1 0 0 0 0 0 0 1 0 1 0 0 2 0 0 0 0 0 0 0 1 0 0 0 0 0 0 1 0 0 1 0 0 0 0 0 0 0 0 0 0 0 0 1 0 0 0 1 1 0 0 0 1 0 0 0 1 0 1 0 0 0 1 0 0 0 
0 0 0 0 1 0 1 0 0 0 0 0 0 0 0 0 0 0 1 0 0 0 1 0 0 0 0 0 0 1 0 0 0 2 0 0 0 0 0 0 0 0 0 0 1 0 0 0 0 0 0 1 0 1 0 0 0 1 0 1 0 1 0 1 0 1 0 0 0 1 0 0 1 0 1 1 0 0 1 0 0 1 0 0 0 0 1 0 0 1 0 0 0 0 0 0 0 0 0 0 0 0 0 0 0 1 0 0 0 0 0 0 0 0 0 0 1 0 1 0 0 0 1 1 0 0 0 0 0 0 1 0 0 0 2 0 2 0 0 0 2 0 0 0 0 0 0 0 0 0 0 0 1 1 0 0 1 0 0 1 0 0 0 0 0 0 0 1 0 0 0 0 0 0 0 0 1 0 0 0 0 0 0 0 0 0 0 0 0 0 0 0 0 0 0 0 0 0 1 1 
0 0 0 0 0 0 1 0 0 1 0 1 0 1 0 0 0 0 0 0 0 1 0 0 0 0 0 2 0 0 0 0 0 0 0 0 0 0 0 0 0 0 0 0 0 0 0 1 1 0 0 0 1 1 0 0 0 0 0 0 0 0 0 0 1 0 0 0 0 1 2 0 1 0 1 0 1 0 2 0 0 0 0 1 0 0 0 0 0 0 0 0 0 0 0 0 0 0 0 0 0 0 0 0 0 0 0 0 0 0 0 0 0 0 0 0 0 0 0 0 1 0 0 1 0 0 0 0 1 0 0 0 0 0 0 0 0 0 0 1 0 0 1 2 0 0 0 0 0 0 0 0 0 1 1 0 1 1 0 1 1 0 0 0 0 0 0 0 0 1 0 0 0 1 0 0 1 1 0 0 0 0 0 0 1 0 0 0 0 0 0 0 0 0 1 0 1 0 1 0 
0 0 0 0 0 1 1 0 0 0 0 0 0 0 0 0 0 1 1 0 0 0 0 0 0 0 0 0 0 0 1 0 0 0 0 0 0 0 0 0 0 0 0 1 0 1 0 0 0 0 0 0 0 0 0 1 0 0 0 1 0 0 0 0 0 0 0 0 0 0 0 0 0 0 1 0 0 0 1 0 0 0 0 0 0 0 0 0 0 1 0 0 1 0 0 0 0 0 1 0 0 0 0 0 0 1 1 0 0 0 0 0 0 0 0 0 0 0 0 0 0 0 0 0 0 0 0 0 0 1 1 1 0 0 0 0 0 0 0 0 0 0 0 0 1 0 0 0 0 0 0 0 2 0 0 0 0 0 1 0 0 0 0 0 0 0 0 0 0 0 1 0 0 1 0 0 1 0 0 0 0 1 0 0 0 0 1 0 0 0 0 0 0 0 0 1 0 0 0 0 
0 1 0 0 0 0 0 0 0 0 0 0 0 0 0 0 0 0 0 0 0 0 0 0 0 2 0 0 0 0 0 0 0 0 0 0 1 0 0 0 1 0 0 0 0 0 0 0 0 0 1 0 1 0 0 0 0 0 1 0 0 0 0 0 0 0 0 0 0 0 1 0 0 0 0 1 0 0 0 0 0 0 1 0 0 0 0 0 0 0 1 0 0 0 0 0 1 1 1 0 0 0 0 1 0 0 1 0 0 1 0 0 1 0 1 0 2 0 1 0 0 1 0 0 0 0 0 0 0 0 0 1 1 1 0 0 1 0 0 0 0 0 0 0 0 0 1 0 0 2 0 1 0 1 0 0 1 1 0 0 0 0 0 0 0 0 1 0 0 0 0 0 0 0 0 1 0 0 0 0 0 0 1 0 0 0 0 0 0 1 0 0 0 0 0 0 1 0 0 0 
0 0 0 0 0 1 1 0 0 0 0 0 0 0 1 0 0 0 0 0 0 0 0 0 0 0 0 0 0 0 0 0 1 0 0 0 1 0 0 1 0 0 0 1 0 0 1 0 0 0 0 0 0 0 1 0 1 0 0 0 0 1 0 0 0 0 0 0 1 0 0 0 0 1 0 0 0 0 0 0 0 0 0 1 1 0 0 0 0 0 0 1 0 0 0 0 0 0 0 0 0 0 0 0 0 0 0 0 0 0 0 0 0 1 0 0 1 0 0 0 0 0 0 0 1 0 0 0 0 1 0 0 1 0 0 0 0 0 0 0 0 0 0 0 0 0 1 0 0 0 0 0 0 0 1 0 0 0 0 1 0 0 0 0 0 0 0 0 0 0 0 0 0 0 0 0 0 0 0 0 0 0 0 0 0 0 0 0 0 0 0 0 0 0 0 1 0 0 0 0 
0 0 1 0 0 0 1 0 0 1 0 1 0 0 0 0 0 0 1 0 0 1 0 0 0 0 0 0 1 0 0 0 0 0 0 0 0 0 0 0 0 0 0 0 1 0 0 0 0 0 0 0 0 0 0 0 0 0 0 0 0 0 0 0 0 0 0 0 0 0 0 0 0 0 0 1 0 0 1 0 1 0 0 0 0 0 0 0 0 0 0 0 0 0 0 0 0 1 0 1 0 0 1 0 0 0 0 0 0 0 0 0 1 0 1 0 0 1 0 0 0 1 0 0 0 0 0 1 0 0 0 0 0 0 2 1 0 0 1 0 0 0 0 0 0 0 0 0 0 0 1 0 0 0 0 1 0 0 0 0 0 0 0 0 0 0 0 0 1 0 0 0 0 0 0 0 0 0 0 0 0 0 1 0 0 1 1 0 1 0 0 0 0 0 0 0 0 0 0 0 
1 0 0 0 1 0 0 0 0 0 1 0 0 0 0 0 1 0 0 0 0 0 0 0 1 0 0 0 0 0 0 0 0 0 0 0 0 0 0 0 0 1 0 1 1 0 0 0 0 0 0 0 2 0 0 0 0 0 0 0 0 0 0 0 0 0 0 0 0 0 0 2 0 1 1 1 0 0 0 1 0 1 0 0 0 0 1 0 1 1 0 0 1 0 1 0 0 0 1 0 1 0 0 1 0 0 0 0 0 0 0 0 0 0 0 0 2 0 0 0 1 0 0 1 0 0 0 0 0 0 0 0 0 0 0 0 0 0 0 0 0 0 0 0 0 0 0 0 1 0 1 0 0 0 1 0 0 0 1 0 0 0 0 0 1 0 0 0 0 0 0 0 2 0 0 0 0 0 0 0 0 0 0 0 0 1 0 0 0 0 0 0 0 0 0 0 0 0 0 1 
0 0 0 0 0 0 0 0 0 1 0 0 1 0 0 0 0 0 1 0 0 0 0 0 0 1 0 0 0 0 0 0 0 0 0 0 0 0 0 0 1 0 0 1 1 1 1 0 0 1 0 0 0 0 0 0 0 0 0 0 0 0 0 0 0 0 0 0 1 0 1 0 0 0 0 0 0 0 1 0 0 0 0 0 0 0 0 1 0 0 1 0 0 0 0 0 0 0 0 1 0 0 0 2 0 0 1 0 0 0 0 0 0 0 0 0 0 0 1 0 0 0 0 0 1 0 0 0 0 0 0 0 0 1 1 0 0 0 0 0 0 1 1 0 0 0 0 1 0 0 0 0 0 0 0 0 0 1 0 0 0 0 0 0 0 1 0 0 2 1 1 0 0 0 0 0 0 0 0 0 0 0 0 1 0 0 1 1 0 0 0 0 0 1 0 0 1 0 0 0 
0 0 0 1 0 0 0 1 1 0 1 0 0 0 1 0 0 0 0 0 0 0 1 0 1 0 0 0 0 0 0 0 0 0 0 0 1 0 0 0 0 0 0 0 0 0 0 0 0 0 0 0 0 0 0 0 1 0 0 0 0 0 0 0 1 1 0 0 0 1 0 0 0 1 1 1 0 0 0 0 0 0 2 0 0 0 0 0 0 0 0 1 1 0 1 2 0 1 0 1 0 0 0 0 0 0 0 0 1 1 1 0 0 0 1 0 0 0 0 0 0 0 0 0 0 0 0 0 0 1 0 1 0 0 2 0 0 0 0 0 0 0 0 1 0 0 1 2 0 0 0 0 0 0 1 0 0 0 0 0 0 0 0 0 0 0 0 0 0 0 0 0 0 1 0 0 0 0 0 0 0 0 0 0 0 0 0 1 0 0 0 0 0 0 0 0 1 0 1 0 
0 1 1 0 0 0 0 0 0 0 0 0 0 1 0 0 1 0 0 0 0 0 1 0 0 1 0 0 0 0 0 0 0 1 0 2 0 0 0 0 0 0 1 1 0 0 0 0 0 0 1 0 0 0 0 0 0 0 0 0 0 0 0 0 1 1 0 1 0 0 0 1 1 1 0 0 0 0 1 0 1 0 0 0 0 0 0 0 1 0 0 0 0 0 0 0 0 1 1 0 0 0 0 0 0 0 0 1 0 0 0 0 1 0 1 0 1 0 1 1 0 0 0 0 0 0 0 0 0 0 0 0 2 1 0 0 0 0 0 0 0 1 0 0 1 1 0 0 0 0 0 0 2 0 0 0 1 0 0 0 0 0 0 0 0 0 0 0 0 0 2 0 0 0 0 0 0 0 0 1 0 0 1 0 0 0 1 0 0 0 0 0 0 0 0 0 0 2 0 0 
0 0 1 1 0 0 0 0 0 0 0 0 2 0 0 1 1 0 2 1 1 0 2 0 0 0 0 0 2 0 0 0 0 0 0 0 0 0 0 0 1 0 0 1 0 0 0 1 0 0 0 0 0 0 0 2 0 0 0 0 0 0 0 0 1 0 0 0 0 0 0 0 0 0 0 0 0 1 0 1 0 0 0 0 0 0 0 0 1 0 1 0 0 2 0 0 0 0 1 1 1 1 1 0 0 0 0 0 1 0 0 1 0 1 1 0 0 1 0 1 1 0 0 0 1 1 0 0 0 0 0 0 0 0 0 0 0 0 0 0 0 0 0 0 0 0 1 0 0 0 0 0 0 0 0 0 0 0 0 0 0 0 0 0 0 1 0 0 0 0 0 1 0 0 0 0 1 0 1 0 1 0 0 0 0 0 0 0 0 0 0 0 0 0 0 0 1 0 0 1 
0 0 0 0 0 0 0 0 0 0 0 0 0 0 0 1 1 0 0 0 0 0 0 0 0 0 0 0 1 2 0 0 0 0 0 0 0 0 0 1 1 0 0 0 0 0 0 0 0 0 0 0 0 1 0 1 0 0 0 2 1 1 0 1 1 0 0 0 0 0 0 0 2 0 0 0 1 2 0 1 1 0 0 0 1 0 0 0 0 0 0 0 0 0 0 0 0 0 1 0 0 0 0 1 0 1 0 0 0 0 0 0 0 0 0 0 0 0 0 0 0 0 1 0 0 0 0 0 0 0 0 0 0 0 0 0 0 0 1 1 0 0 0 0 0 0 0 0 0 1 1 0 0 0 1 0 0 0 0 0 0 1 0 1 0 0 0 1 0 0 0 0 1 0 0 0 0 0 1 0 1 0 0 0 1 2 0 0 0 0 1 0 0 0 0 1 1 0 0 0 
0 0 0 0 0 1 0 0 1 2 0 0 0 2 0 2 0 0 0 1 0 0 2 0 0 0 2 1 0 0 0 0 0 0 0 0 0 0 0 1 1 0 0 1 0 0 0 1 0 0 0 0 0 0 0 0 0 0 0 0 0 1 0 1 0 0 0 0 0 0 1 1 0 0 1 0 0 0 1 0 1 1 0 0 1 0 1 0 0 0 3 0 0 0 1 0 1 0 0 0 0 0 0 0 1 0 0 0 0 0 0 1 0 1 0 0 0 0 0 0 0 0 0 0 0 1 0 0 0 0 0 0 0 1 0 1 0 0 0 0 1 0 0 0 0 0 0 0 0 0 0 1 1 1 0 0 0 0 1 0 0 0 0 1 0 0 1 0 0 0 0 0 0 0 0 0 0 0 0 0 0 0 0 0 0 0 0 0 0 0 0 0 2 0 1 0 1 1 0 0 
0 0 0 0 0 0 1 0 0 0 0 0 0 0 0 0 0 0 0 2 0 0 0 0 0 0 0 0 0 1 0 1 1 1 0 0 2 0 0 0 0 0 0 0 0 0 1 1 0 1 0 0 0 0 0 0 0 0 0 2 0 0 0 0 0 0 0 0 0 0 0 0 0 1 0 0 0 0 0 2 2 0 0 0 0 0 0 0 0 1 0 0 0 0 0 0 1 0 0 0 0 0 0 0 0 0 0 0 1 0 0 0 1 1 0 0 0 0 0 0 1 1 1 0 0 0 0 0 0 0 0 0 1 0 1 0 0 0 0 0 0 0 0 2 0 0 1 1 1 0 1 0 0 0 0 0 0 0 0 0 0 1 0 0 0 0 0 0 0 0 0 0 0 0 1 1 0 1 0 0 0 1 0 0 0 0 0 0 0 1 0 0 0 0 0 0 0 0 0 0 
0 0 0 1 0 0 0 1 0 0 0 1 0 0 0 0 0 0 1 0 0 0 0 0 0 0 0 0 0 1 0 1 0 0 0 0 0 0 0 1 0 0 1 0 0 0 0 0 1 1 0 0 0 0 0 1 0 0 1 0 2 0 0 0 0 0 0 0 0 0 1 1 0 1 0 0 0 0 0 0 0 0 0 0 0 0 0 0 0 0 0 1 0 0 0 0 2 0 0 0 0 0 0 2 0 0 2 0 0 0 1 0 1 0 0 0 0 0 0 1 0 0 0 0 0 0 0 0 0 0 0 0 1 0 1 0 1 0 0 0 0 0 0 0 1 0 0 0 0 1 0 0 0 0 1 0 0 0 0 0 0 1 0 0 0 0 1 0 0 0 0 0 0 0 0 0 0 1 0 0 0 0 0 1 0 0 0 0 0 0 0 0 0 0 0 0 0 1 1 0 
0 0 1 1 0 0 0 1 0 1 0 0 0 0 0 0 1 0 0 0 0 1 0 0 0 1 0 0 1 1 0 1 0 0 0 1 0 0 0 0 0 0 0 0 0 1 0 0 1 0 1 0 0 0 0 0 0 0 0 0 0 0 0 0 1 0 0 1 0 0 0 1 0 0 0 0 0 0 1 1 0 1 2 0 0 0 0 0 0 1 0 2 0 0 0 0 0 0 0 0 0 0 0 0 0 2 0 0 1 1 0 0 0 1 0 0 0 0 0 0 0 0 0 0 0 0 0 0 1 0 0 0 0 0 0 0 0 0 0 1 0 0 1 0 1 0 0 1 0 0 0 0 0 0 0 0 0 0 0 0 0 1 0 0 0 0 0 0 0 0 0 0 1 0 0 0 0 0 0 0 0 0 0 0 0 0 0 0 0 0 1 1 1 0 0 0 1 1 0 0 
0 0 0 0 0 0 0 1 2 0 0 0 0 1 0 1 1 0 0 0 0 0 0 0 1 0 0 0 0 1 0 0 0 0 0 1 0 0 0 0 0 0 0 0 0 0 0 0 0 0 0 0 0 0 0 0 0 0 1 0 0 0 1 0 0 2 0 0 0 0 0 1 0 1 1 0 0 0 0 0 0 0 0 0 0 0 0 0 0 0 0 0 0 1 0 0 0 0 0 0 1 0 1 0 0 0 0 0 0 1 0 0 0 0 0 0 0 1 1 0 0 2 0 1 0 0 0 0 0 0 0 1 0 0 0 0 0 0 0 0 1 1 0 0 0 1 0 0 0 0 0 0 0 0 0 0 1 0 0 0 0 0 0 1 0 0 0 0 0 0 0 0 0 0 0 1 0 0 0 1 0 0 0 0 0 0 0 1 0 0 0 0 1 1 0 1 0 0 0 1 
0 1 1 0 0 1 1 0 0 0 0 0 1 0 0 1 0 0 0 1 0 0 0 0 0 0 0 1 1 0 1 1 0 0 0 1 0 1 0 0 0 0 0 0 0 0 1 0 0 0 0 0 0 0 0 0 0 0 0 0 0 0 0 0 0 0 1 0 0 0 0 0 0 0 0 0 0 0 0 1 0 0 0 0 0 0 1 0 0 0 0 0 0 2 0 0 0 0 0 1 0 0 0 1 0 0 0 0 0 0 0 0 0 0 0 1 1 1 0 1 1 0 1 0 0 0 0 0 0 0 1 0 0 0 2 0 0 0 2 0 0 0 0 0 0 0 0 0 0 0 0 1 0 0 0 0 2 1 1 0 0 0 1 0 0 0 0 0 0 0 0 1 0 1 1 3 0 0 0 0 0 0 0 0 0 0 0 0 0 1 0 0 0 0 0 0 0 0 0 0 
0 0 0 0 0 0 0 0 0 0 0 0 0 0 0 0 0 0 0 0 0 0 0 1 0 0 0 0 0 0 0 0 1 0 0 0 0 0 0 0 1 0 0 1 0 0 0 0 0 1 0 0 0 0 0 0 1 0 0 0 0 0 0 0 0 0 1 1 0 0 0 0 0 0 1 0 0 0 0 0 0 0 0 0 0 0 0 0 0 0 0 0 0 0 0 0 0 0 0 0 0 1 0 0 1 0 0 0 0 0 0 1 0 0 0 0 1 0 3 0 0 1 0 2 0 0 0 0 0 0 0 0 1 1 0 1 0 0 0 2 0 0 0 0 0 2 0 0 0 1 1 0 1 0 0 2 0 0 1 0 1 0 1 0 0 0 2 0 0 0 0 1 1 0 0 0 0 0 0 0 0 0 0 1 0 1 0 0 0 0 0 0 0 1 0 0 0 2 0 0 
0 0 0 1 1 0 0 1 0 0 0 0 0 0 0 0 0 1 0 1 1 1 0 0 0 0 0 0 0 0 0 0 0 0 0 0 1 0 0 0 1 0 0 0 0 1 0 1 0 0 0 0 0 0 1 0 0 0 0 1 1 0 0 0 0 0 0 1 0 0 0 1 0 0 0 0 0 0 1 0 0 0 0 0 0 0 0 0 0 1 0 1 0 0 0 0 0 0 0 0 0 0 0 1 1 0 0 0 0 1 0 1 0 0 0 0 0 0 0 0 0 1 0 0 0 0 0 0 0 0 0 0 0 0 0 0 0 0 0 0 0 0 0 0 0 0 0 0 0 0 0 0 0 0 0 0 0 0 0 0 0 0 0 1 0 0 0 0 0 0 0 0 1 0 0 1 0 0 0 1 1 0 0 0 0 0 0 1 1 0 0 0 1 0 1 1 1 1 0 0 
0 0 0 0 1 0 0 0 0 0 0 0 0 0 0 0 0 0 0 0 1 0 0 1 0 0 0 1 0 0 0 0 0 0 0 0 0 0 0 1 0 1 1 0 0 0 0 0 0 0 0 0 0 0 0 0 0 1 2 0 0 1 0 0 0 0 1 1 0 0 0 0 0 1 0 0 0 0 0 0 0 0 0 0 0 0 1 0 0 0 0 0 0 0 0 0 1 0 2 0 1 0 0 0 0 0 1 0 0 1 0 0 0 0 0 0 1 0 0 0 0 1 1 0 1 0 1 1 0 0 1 0 2 0 0 0 0 0 0 1 0 0 0 0 0 0 0 0 0 0 0 0 0 0 1 0 0 0 1 0 0 0 0 0 0 2 0 0 0 1 0 1 1 0 1 0 0 0 0 0 0 0 1 0 0 0 0 0 0 0 0 0 0 0 0 0 0 0 0 1 
0 0 0 0 0 0 0 1 0 0 0 0 0 0 0 0 0 0 0 0 0 0 0 0 0 0 0 1 0 0 1 0 0 1 0 0 0 0 1 0 0 1 1 0 1 0 0 0 0 0 0 0 0 1 0 0 0 0 0 0 0 0 0 0 0 0 0 0 0 0 0 1 0 0 2 0 1 1 0 0 0 0 0 0 1 1 0 1 0 0 0 0 0 0 0 0 1 0 0 1 0 0 0 0 1 1 0 0 1 0 0 0 0 0 0 0 0 0 0 0 0 0 0 0 0 0 0 0 0 0 0 1 0 0 0 1 0 0 2 0 0 0 0 0 0 0 0 0 0 0 0 0 0 1 0 0 0 0 0 0 0 0 0 0 1 0 0 0 0 1 0 0 0 0 0 0 0 0 1 0 0 0 0 1 0 0 0 0 0 0 0 0 0 0 1 0 0 1 0 0 
0 0 0 0 1 0 1 0 0 0 1 0 0 0 0 0 0 1 0 0 0 0 0 0 1 0 0 0 0 0 0 0 0 1 1 0 1 0 0 0 0 0 0 0 0 0 0 0 0 0 0 0 0 0 0 0 0 1 0 0 0 0 0 1 0 0 0 0 0 0 0 1 0 0 0 0 0 0 0 0 0 1 1 0 0 0 0 0 0 0 0 0 0 2 1 1 0 0 0 0 0 0 0 0 0 0 0 0 0 1 1 0 1 0 0 0 0 0 0 1 0 0 2 0 0 0 1 0 0 0 0 0 0 0 0 1 1 0 0 0 0 1 0 0 1 0 0 0 0 0 0 0 1 1 0 0 1 0 1 0 0 0 0 0 0 0 1 0 1 0 0 0 0 0 0 0 0 0 0 0 0 0 0 1 0 0 0 0 0 0 0 1 0 0 0 0 0 0 0 1 
0 1 0 0 0 0 0 0 1 0 0 0 0 0 0 0 0 0 0 0 0 0 0 0 0 1 0 0 0 0 0 0 0 0 0 1 1 0 0 0 0 0 0 0 0 0 0 0 0 0 2 0 0 0 0 1 0 0 0 0 0 0 0 0 0 0 0 1 1 0 1 0 1 0 0 1 1 0 0 0 0 0 0 0 0 1 0 0 1 0 0 0 0 0 0 0 0 0 1 0 0 0 0 0 0 0 0 0 0 1 0 0 0 0 0 0 0 0 0 0 0 0 0 0 0 0 1 1 0 0 0 1 0 1 0 0 0 1 0 0 0 0 1 0 0 1 0 0 0 0 0 0 0 0 0 1 0 0 1 0 1 1 0 1 0 0 0 0 0 0 1 1 0 0 0 0 1 1 0 0 0 0 0 0 0 1 0 0 0 0 0 0 0 0 0 0 0 1 0 0 
0 0 0 0 0 0 0 0 0 1 0 0 0 0 0 0 0 0 0 0 0 0 0 0 2 0 0 0 0 0 0 0 0 0 0 0 0 0 0 0 1 0 0 1 0 0 1 0 0 0 1 1 0 0 0 0 0 2 0 1 0 0 1 0 0 0 0 0 0 1 0 0 0 0 0 0 0 0 0 0 1 0 0 0 0 0 1 0 1 0 0 0 0 1 0 0 1 0 0 0 0 0 0 0 0 0 0 0 0 0 0 0 0 1 0 0 1 1 0 1 0 0 0 0 0 0 0 1 0 0 0 1 2 0 0 0 0 1 0 0 0 0 0 1 1 0 1 0 0 0 0 0 0 0 0 0 0 0 0 0 0 0 0 2 0 1 0 0 0 1 0 0 0 0 0 0 0 0 0 1 0 0 0 1 0 1 0 2 1 0 0 1 1 1 0 0 1 0 0 0 
1 0 0 0 0 0 0 0 1 0 0 0 0 0 0 0 0 0 0 1 0 0 0 0 0 1 0 0 1 0 1 0 0 0 1 0 1 0 0 0 0 0 0 0 0 0 1 0 1 0 0 0 1 0 0 1 0 1 0 0 0 0 0 1 0 0 0 0 1 0 0 0 0 0 0 0 0 0 0 0 1 0 0 0 0 0 0 0 1 0 0 0 0 0 0 0 0 0 0 0 0 0 1 0 0 2 0 0 0 0 1 0 0 0 0 0 0 0 0 0 0 0 0 0 0 0 0 1 1 0 0 0 0 0 0 1 0 0 0 0 1 0 0 1 0 1 1 0 0 0 1 0 0 0 0 0 0 0 0 0 0 0 0 0 1 0 0 0 0 0 1 0 0 0 0 1 0 0 0 0 0 0 0 0 0 0 0 0 0 0 0 0 1 1 0 0 0 1 1 0 
0 0 2 0 1 0 1 0 0 0 0 0 0 0 0 0 0 0 0 0 0 0 0 1 1 0 0 0 0 0 1 0 0 1 1 0 0 0 0 1 0 1 0 0 1 0 0 0 0 0 1 0 0 0 1 0 0 0 0 0 0 0 0 0 0 0 0 1 0 0 0 0 0 0 0 0 0 0 0 0 0 0 0 0 1 0 0 0 1 0 0 0 0 0 0 0 0 0 0 0 0 0 1 1 0 0 0 0 2 0 0 0 0 0 0 0 0 1 0 0 0 0 0 0 0 1 0 0 0 0 0 0 0 0 1 0 0 0 0 0 1 0 0 0 0 1 0 1 0 0 0 0 0 0 0 0 0 0 0 0 0 1 1 0 0 0 0 0 0 0 0 1 0 0 0 0 0 0 0 0 0 0 1 0 1 0 0 0 1 0 1 0 0 0 0 0 0 1 0 0 
0 0 1 0 1 0 0 0 0 0 1 0 0 0 0 1 1 0 0 0 1 0 0 0 0 1 0 0 0 0 1 1 0 0 0 0 0 0 0 0 0 0 0 0 2 0 0 0 0 0 0 0 0 0 0 0 0 0 0 0 0 0 0 1 1 0 0 0 0 0 0 1 0 0 0 0 0 0 0 0 0 2 1 0 0 0 0 0 0 0 0 1 0 1 0 0 0 1 0 0 0 0 0 0 0 0 0 0 0 0 0 0 1 0 0 0 0 1 0 0 0 1 0 0 0 0 0 0 0 0 0 0 0 0 0 1 0 0 0 0 0 0 0 0 0 1 0 0 0 0 0 0 0 0 0 0 1 0 0 0 0 0 0 0 0 0 0 0 0 0 1 0 0 0 0 0 0 0 0 0 0 0 0 0 0 0 0 0 0 0 1 0 0 0 1 0 0 0 0 1 
0 0 0 0 0 0 0 0 0 0 1 1 0 0 0 0 0 0 0 0 0 1 1 0 0 0 0 0 0 0 0 0 0 0 0 1 1 0 0 1 0 0 0 0 0 0 0 2 0 0 0 0 0 0 0 0 1 0 0 0 1 0 0 0 1 1 2 1 1 0 0 0 0 0 0 0 0 0 0 0 1 0 1 0 0 0 0 1 0 0 0 0 0 0 0 2 0 0 0 0 0 0 1 0 1 0 0 0 0 0 1 1 2 1 0 0 0 0 0 0 0 0 0 0 0 1 0 0 1 0 0 0 0 0 0 0 0 0 0 0 0 0 0 0 0 0 0 0 1 0 2 1 0 0 0 1 0 0 0 0 0 0 0 0 0 1 0 0 2 1 0 0 0 0 0 0 1 0 0 0 0 0 0 1 1 0 0 0 1 0 0 0 0 0 0 0 0 0 0 1 
0 1 0 1 1 0 0 0 0 0 0 0 1 0 1 0 0 0 0 0 0 1 0 1 0 1 0 0 0 0 0 0 0 1 0 0 0 0 0 0 1 0 0 1 0 0 0 0 0 0 1 0 0 0 0 0 0 0 0 0 0 1 0 0 0 0 0 0 0 1 0 0 0 0 1 0 0 1 0 0 0 0 0 0 0 0 0 0 0 0 0 0 0 1 0 0 0 0 0 0 0 0 0 0 0 1 0 0 0 0 0 0 0 0 0 0 0 1 0 1 0 0 0 0 1 0 0 0 0 0 0 1 0 0 1 0 0 0 0 1 0 0 2 0 0 0 0 1 0 0 1 0 0 0 0 0 0 0 0 0 0 0 0 0 0 1 0 0 0 0 0 0 1 1 0 0 1 0 0 0 0 0 1 1 1 0 0 0 0 0 0 0 0 0 0 0 0 0 0 0 
0 0 0 0 1 0 0 0 0 0 0 0 0 1 0 0 0 0 0 0 1 1 0 0 0 1 0 0 1 0 0 0 0 0 0 0 0 0 0 0 0 1 0 0 0 0 0 0 0 0 0 1 0 0 0 0 0 0 0 0 0 1 1 0 2 0 0 0 1 0 0 0 0 0 0 2 0 0 2 0 1 0 0 1 0 0 0 0 3 0 0 0 0 1 0 0 0 0 1 0 1 0 0 2 1 0 0 0 0 1 0 1 0 0 0 1 0 0 0 0 0 0 0 0 1 0 0 1 0 0 0 0 0 0 0 0 0 1 1 0 2 0 0 0 0 0 0 0 0 1 0 0 0 1 0 0 0 0 0 0 0 0 0 0 1 0 0 0 0 0 0 0 1 0 0 0 0 0 0 0 1 0 0 0 0 0 0 0 0 0 0 0 0 0 0 0 0 1 0 0 
1 0 0 0 0 0 0 0 0 0 0 0 0 0 0 0 0 0 1 0 0 1 0 0 0 1 0 0 0 0 0 0 1 0 0 0 1 1 0 0 0 0 0 0 0 0 0 0 1 0 0 1 0 0 0 0 0 0 0 0 0 1 0 0 0 0 0 0 0 0 1 0 0 0 0 1 0 1 0 1 1 0 0 0 1 1 0 0 0 0 0 0 0 0 0 0 0 0 1 0 1 0 0 0 1 0 0 0 0 0 0 0 0 0 0 0 1 0 1 0 0 0 0 1 0 0 0 0 0 0 0 0 0 0 1 0 1 0 0 0 0 0 0 1 0 0 0 1 0 0 0 1 0 1 0 0 1 0 0 0 0 0 1 1 0 0 0 2 0 0 2 0 0 1 0 0 0 1 0 0 0 0 0 0 0 0 0 0 0 0 0 0 0 1 0 0 0 0 0 1 
0 0 0 0 0 0 0 0 0 0 0 0 1 0 0 0 0 0 0 1 0 0 1 0 1 0 2 0 0 0 0 0 0 0 1 0 0 0 0 1 0 0 0 0 0 0 0 0 0 0 0 1 1 0 1 0 0 0 0 0 0 0 0 0 0 0 0 0 0 0 0 0 0 0 0 1 0 0 0 0 0 1 0 0 0 0 0 0 0 0 0 0 0 0 0 0 0 1 0 0 0 0 0 0 0 0 0 0 0 0 2 0 0 0 0 0 0 0 0 0 0 1 1 0 1 1 0 0 0 0 0 0 0 0 0 0 1 0 0 0 0 0 0 0 0 0 0 0 0 0 0 0 0 0 0 0 0 0 0 0 0 1 1 0 0 1 0 0 0 0 0 0 0 0 0 0 0 1 0 0 0 0 0 0 0 0 0 1 0 0 0 0 1 0 0 0 1 1 0 0 
1 0 0 0 0 0 0 1 0 0 1 0 0 0 0 0 0 0 0 0 1 1 0 0 0 0 0 0 0 0 0 0 0 0 1 0 0 0 0 0 0 0 0 0 0 0 0 0 0 1 0 0 0 0 0 0 0 0 0 0 0 0 0 0 0 0 1 2 0 1 0 0 1 1 0 1 0 0 0 2 0 1 0 1 1 0 0 0 0 1 0 1 0 0 0 0 0 0 3 0 0 0 0 0 0 0 0 0 0 0 0 1 0 0 1 0 0 2 0 1 1 0 0 0 0 0 0 0 0 0 0 0 1 0 0 0 0 0 0 0 0 0 0 0 0 1 0 1 0 0 0 0 0 0 0 0 0 1 0 0 0 1 0 0 0 0 0 1 0 0 0 1 0 0 1 1 0 0 0 0 1 0 0 0 0 1 0 0 0 0 1 0 0 0 1 0 1 0 1 0 
1 0 0 0 1 0 0 0 0 1 0 0 0 0 0 0 0 0 0 0 0 0 1 0 0 0 0 0 0 0 0 1 0 0 1 0 0 0 1 0 0 0 0 0 0 0 0 1 0 0 1 0 0 0 0 0 0 0 0 0 1 0 0 0 0 0 0 0 0 1 0 0 0 0 0 0 0 0 0 1 0 0 0 0 0 0 0 0 0 0 0 0 0 0 0 0 0 0 0 1 0 0 0 1 0 1 0 0 0 0 0 0 0 2 0 0 0 0 0 0 0 0 0 0 0 0 0 0 0 0 0 0 0 0 1 0 1 0 0 0 0 0 0 0 1 0 0 0 0 0 1 0 0 0 0 0 0 0 0 1 0 0 0 0 0 0 0 0 0 0 0 1 0 0 0 1 1 0 0 0 0 0 1 1 0 0 0 0 0 0 0 0 0 0 0 0 0 0 0 0 
0 0 0 1 2 0 0 0 0 0 0 0 0 0 0 0 0 0 0 1 0 0 0 0 0 0 0 0 1 1 0 0 0 1 0 0 0 1 0 0 0 0 0 0 0 0 1 0 0 0 2 0 0 0 0 0 0 0 0 0 0 0 0 0 0 1 1 0 1 0 0 0 0 1 0 0 0 0 0 0 0 1 0 0 0 0 0 0 0 1 0 0 0 0 0 0 0 0 0 0 0 0 0 0 0 1 0 0 0 2 1 0 0 0 0 0 1 1 1 0 0 0 0 0 0 0 0 0 0 0 0 0 0 0 0 1 0 0 0 1 0 0 0 0 0 0 1 1 0 0 1 0 0 0 0 0 1 0 1 0 0 0 0 0 0 0 0 0 0 0 0 0 0 0 0 1 0 0 0 0 0 0 0 0 0 0 0 1 1 0 0 0 0 0 2 0 0 1 0 0 
1 1 0 0 0 0 0 0 2 1 0 0 0 0 0 0 1 0 0 0 0 0 0 0 0 0 0 0 0 0 0 0 0 0 0 0 0 0 1 0 1 0 1 0 0 0 0 0 0 0 0 0 0 0 1 0 1 0 0 0 0 1 1 0 0 0 0 0 0 1 0 0 0 0 0 0 0 2 0 0 0 1 0 0 0 0 1 0 0 0 0 0 0 0 0 0 0 0 0 1 1 0 0 0 1 0 0 0 0 0 0 0 0 0 0 0 0 1 1 0 0 0 0 0 0 1 0 0 0 0 0 2 0 0 0 0 0 0 0 0 0 0 0 0 0 1 1 1 1 0 0 0 0 0 0 0 0 1 0 1 0 0 0 0 0 0 1 0 0 1 0 2 0 0 1 0 1 0 0 1 0 0 0 0 0 0 0 1 1 0 1 0 0 0 1 0 0 0 0 0 
0 1 0 0 0 0 0 0 0 0 1 0 0 0 0 1 1 0 0 0 0 0 2 0 0 0 1 0 0 0 1 0 0 0 1 0 0 0 0 0 0 1 1 1 0 1 0 0 0 0 0 0 0 0 0 0 1 0 2 0 0 0 0 0 0 0 0 0 0 0 2 0 0 1 0 1 0 1 1 1 0 1 2 0 0 0 0 0 0 0 0 0 0 0 0 0 0 1 0 1 0 0 0 0 0 1 0 0 0 0 0 0 1 1 0 0 0 0 1 1 0 0 0 1 1 0 0 0 0 0 1 0 0 1 1 0 0 0 1 0 1 0 0 1 1 0 0 0 0 0 0 0 0 0 2 0 0 0 0 0 0 0 0 0 0 0 0 0 0 0 0 0 0 0 1 0 0 0 0 0 0 1 0 2 0 0 2 1 0 0 0 1 0 0 0 1 0 1 0 0 
1 0 0 0 0 0 0 0 0 0 0 0 1 0 0 0 1 1 1 0 0 1 1 0 0 0 0 0 0 0 0 0 0 0 0 0 0 0 0 1 0 0 0 0 1 0 0 0 0 2 0 0 0 0 0 0 0 0 1 1 0 1 0 0 0 0 0 0 0 0 0 2 0 0 0 0 0 0 0 0 0 0 0 0 0 0 0 0 0 0 0 1 0 0 0 0 0 0 1 0 0 0 0 0 0 0 0 0 0 0 0 0 0 1 0 0 0 0 1 0 0 0 0 0 0 0 0 0 0 0 1 1 0 0 0 0 0 0 0 0 0 0 0 0 1 1 1 0 0 0 1 0 1 0 0 0 1 0 1 0 0 1 0 0 0 0 0 0 0 2 0 0 0 0 0 0 0 0 0 0 0 0 0 0 0 0 1 0 0 0 0 0 0 0 0 0 0 0 0 0 
0 0 0 0 0 0 0 1 0 0 0 1 0 0 0 0 0 0 1 0 0 0 0 0 1 0 0 0 0 0 1 0 0 0 0 0 1 0 0 0 0 1 0 0 1 1 0 0 0 0 1 0 1 0 0 1 0 1 2 0 0 0 0 0 0 1 1 0 0 0 0 1 0 0 0 0 0 0 0 0 0 1 0 0 0 0 0 0 0 0 0 0 0 1 1 0 0 0 0 0 0 1 0 1 0 0 0 0 0 1 0 0 0 0 0 0 1 0 0 1 0 0 0 0 0 1 0 0 0 0 0 0 0 0 0 0 0 0 1 1 1 0 1 0 1 0 0 1 0 0 1 0 0 1 0 0 0 1 0 0 0 2 0 0 0 0 1 0 0 0 0 1 0 0 1 1 0 0 0 0 0 0 0 0 1 1 0 0 0 0 1 1 0 0 0 0 0 1 0 0 
0 0 1 0 1 1 0 1 0 0 0 0 0 0 0 1 0 1 0 0 0 0 0 0 1 0 0 1 0 1 0 0 1 0 0 2 0 0 1 0 0 1 0 0 0 0 0 0 0 0 0 1 0 0 0 0 1 0 1 0 0 0 0 0 2 0 0 1 0 0 0 0 0 0 2 0 0 0 1 1 0 0 1 1 1 0 0 1 0 0 0 0 0 0 0 0 0 0 0 1 0 0 0 0 0 0 0 0 0 0 1 0 0 0 0 0 0 0 0 0 0 0 0 0 0 0 0 0 0 0 1 0 0 0 0 1 0 0 0 0 0 0 0 0 0 0 1 1 1 0 0 2 0 0 1 0 0 0 0 0 0 0 0 1 0 0 0 0 0 1 0 0 1 0 0 0 0 0 0 0 0 0 0 0 0 0 1 1 0 0 0 0 0 0 0 0 0 0 0 1 
0 0 0 0 0 0 0 0 0 1 0 0 0 0 0 1 0 0 0 0 0 0 1 0 0 0 0 0 0 0 1 0 0 0 1 0 0 0 2 0 0 0 0 0 0 0 1 0 0 0 0 0 0 0 1 0 0 0 1 0 1 0 0 0 0 0 0 0 0 0 0 0 0 0 0 0 0 0 1 1 0 0 0 0 0 0 1 0 0 0 0 0 1 0 0 0 0 0 0 0 0 0 0 0 0 1 0 0 0 0 0 0 0 0 1 1 0 0 0 0 1 0 0 0 0 0 1 0 0 0 0 0 0 0 0 1 0 0 0 0 0 0 0 0 0 0 0 2 0 0 0 0 0 0 0 1 0 0 0 0 0 0 1 0 0 0 0 0 1 0 0 0 0 0 0 0 0 0 0 0 0 0 0 0 0 0 0 0 0 0 0 0 1 0 0 0 0 1 0 0 
0 2 0 0 0 1 0 0 1 0 0 0 1 1 0 0 0 0 0 2 0 0 0 0 1 0 0 0 0 0 0 0 0 0 0 0 1 0 0 0 0 0 1 0 0 0 0 0 0 0 0 0 0 1 0 0 1 0 1 0 0 0 0 1 1 0 0 0 0 1 0 0 1 0 0 0 0 0 0 0 0 0 0 0 1 0 0 0 0 0 0 0 1 0 1 0 1 0 0 0 1 0 0 0 0 0 1 0 0 1 0 0 1 0 0 0 1 0 0 1 0 0 0 0 0 1 0 0 0 0 0 1 0 1 0 0 0 0 0 1 1 0 0 1 0 0 0 0 0 0 0 0 0 0 0 0 0 0 0 1 0 0 0 0 0 0 0 0 0 0 0 0 1 0 0 0 0 0 1 0 0 0 0 0 0 0 0 1 0 0 0 0 0 0 1 1 0 0 0 1 
0 0 0 1 0 0 1 0 0 0 1 0 0 0 0 0 1 1 1 1 0 0 1 0 1 0 0 2 0 0 0 0 0 0 0 0 0 0 0 0 0 0 0 0 0 0 1 1 0 0 0 0 0 0 1 0 0 1 0 0 0 0 0 0 1 0 0 1 0 0 0 0 0 1 0 0 0 0 0 0 0 0 0 1 0 0 0 1 0 0 0 0 1 0 0 0 0 0 0 0 0 0 0 0 0 0 0 0 0 0 0 0 0 0 0 0 0 0 0 0 1 0 0 1 0 0 0 1 0 0 0 1 1 0 0 0 0 0 0 0 0 0 0 0 0 0 0 0 1 0 0 1 0 1 0 0 0 0 0 0 0 0 0 1 0 0 0 1 0 0 0 0 0 0 0 0 1 1 0 0 1 0 0 0 0 1 0 0 0 0 0 0 0 1 0 0 0 0 0 0 
2 0 1 0 0 0 0 0 0 1 0 0 0 0 1 0 1 0 0 1 0 0 0 0 0 1 1 0 0 0 0 0 0 0 0 1 0 0 0 0 0 0 0 0 0 0 0 0 0 0 1 0 0 0 0 0 1 1 0 2 1 0 0 0 0 0 0 0 0 0 0 0 1 0 1 2 0 1 0 0 0 0 0 1 0 0 1 0 0 1 0 0 1 2 0 1 1 0 0 0 0 0 0 0 0 0 0 0 0 1 0 0 0 0 0 0 1 1 0 1 0 0 0 0 0 0 0 0 0 0 0 0 0 0 0 0 0 1 1 0 0 0 0 0 0 0 0 1 0 0 0 0 0 0 0 1 0 0 0 0 0 0 0 0 0 0 0 2 0 0 0 0 0 0 0 0 0 0 0 1 0 0 0 0 0 1 0 0 0 0 0 0 0 0 0 0 0 0 1 0 
0 1 0 0 0 0 0 0 0 0 1 1 0 0 1 1 0 0 0 0 0 0 0 0 0 0 0 0 0 0 0 0 1 0 1 0 0 0 0 0 0 0 0 2 0 0 0 0 1 0 0 1 0 0 0 0 0 0 0 0 0 0 0 0 0 1 0 0 0 0 1 1 0 0 0 0 0 1 0 0 0 1 0 0 0 0 0 0 0 0 0 0 0 0 1 0 0 0 0 0 0 1 0 1 0 1 0 0 1 0 1 0 0 0 0 0 0 0 1 0 0 0 1 1 0 1 0 0 0 1 0 0 0 0 0 1 0 0 0 0 1 0 0 0 0 0 0 2 0 0 0 0 0 0 0 0 0 0 0 0 0 0 0 0 0 0 0 1 0 0 0 0 0 1 1 1 0 0 1 0 0 0 0 0 0 0 0 0 0 0 0 0 0 1 0 0 0 0 0 2 
0 0 0 1 0 0 0 0 0 0 0 0 0 0 0 1 0 0 2 0 0 0 0 0 0 0 0 1 0 0 0 0 0 0 0 0 0 0 0 0 0 1 0 2 1 0 1 1 0 1 0 0 0 0 0 1 0 0 0 1 0 0 0 0 0 0 0 0 0 0 0 0 0 0 0 0 1 0 0 0 0 1 1 0 0 0 0 0 0 0 0 1 0 0 0 1 0 0 0 1 1 0 0 0 0 0 0 0 0 0 0 0 0 0 1 0 0 0 0 0 1 0 0 0 0 0 0 0 0 0 0 0 0 0 1 0 0 1 0 0 0 0 0 0 0 1 0 0 0 0 0 0 1 1 1 0 1 0 0 0 0 0 0 0 0 0 0 0 1 0 0 0 0 0 0 0 0 0 0 0 1 0 0 1 1 1 0 0 1 0 0 0 0 0 0 0 0 0 0 0 
0 0 0 0 0 0 0 0 0 0 0 0 0 0 0 1 0 0 0 0 0 0 0 0 0 0 0 0 0 0 0 0 0 0 0 1 0 0 0 0 0 1 1 0 0 0 0 0 0 0 0 1 0 0 0 0 0 0 0 0 0 0 0 0 0 2 1 1 0 0 0 0 0 0 0 0 0 0 0 0 0 0 0 0 0 1 0 0 0 0 1 0 0 0 0 0 0 0 0 0 2 0 0 0 1 1 0 0 1 0 0 1 0 0 0 0 0 0 3 0 1 0 0 0 0 1 0 0 1 0 0 1 0 0 0 0 0 0 0 0 0 1 0 0 0 0 0 1 0 1 0 0 0 0 0 0 1 0 0 0 0 0 0 0 1 0 0 0 0 0 0 0 0 1 0 0 0 0 0 1 0 0 0 0 0 0 0 0 0 0 1 0 0 0 0 0 0 1 0 0 
0 0 0 0 0 0 0 0 0 0 0 0 1 0 0 0 0 0 0 0 0 0 0 0 0 0 0 0 0 0 1 1 0 0 1 0 0 0 0 0 0 0 0 0 0 0 0 4 0 0 1 0 0 0 0 0 0 0 0 0 0 1 0 0 0 0 0 0 0 0 0 1 0 0 1 1 0 0 0 1 0 0 0 0 1 0 0 0 0 1 1 0 1 0 1 0 0 0 0 1 0 0 3 0 0 0 0 0 0 0 0 0 0 0 2 1 0 0 0 0 0 0 0 0 1 1 0 0 0 0 0 0 0 0 0 0 0 0 0 1 0 1 0 0 0 0 0 0 0 2 0 0 0 0 0 0 0 0 0 0 1 0 0 0 1 0 0 0 0 0 0 0 1 0 0 0 0 0 0 0 0 0 0 0 0 0 0 0 0 0 1 0 1 0 0 0 1 0 0 0 
0 0 0 0 0 0 0 0 0 0 0 0 1 2 0 2 0 1 0 0 0 0 0 0 0 0 1 0 1 0 0 0 0 1 0 0 0 0 0 1 0 1 0 0 0 1 0 0 0 0 0 0 0 0 0 0 0 1 0 0 0 1 1 0 0 1 0 0 0 0 0 0 0 0 1 0 0 0 0 0 0 0 0 0 1 0 1 0 0 0 0 0 0 0 0 1 0 0 0 0 1 0 0 0 0 0 0 0 0 0 0 1 0 0 1 1 0 0 0 0 0 0 0 0 1 0 0 1 0 0 1 0 0 1 0 0 0 0 0 0 0 0 0 1 0 0 1 0 0 0 0 0 1 0 0 0 0 0 0 0 0 0 0 0 0 0 0 0 0 1 0 0 0 0 0 0 0 1 0 0 0 0 1 0 0 0 0 0 0 0 1 0 0 0 0 0 0 0 0 0 
0 0 0 0 0 0 0 0 0 0 1 2 0 0 0 1 0 0 0 0 1 1 1 1 0 1 0 0 0 0 0 0 0 0 0 0 0 0 0 0 1 0 0 0 0 0 1 0 0 0 0 0 2 0 0 0 0 0 0 0 0 1 0 0 0 1 1 0 0 0 0 0 0 0 0 0 1 0 0 0 0 0 0 0 0 1 0 0 0 0 0 0 0 0 1 0 0 0 0 0 0 1 1 1 0 0 0 0 0 0 0 0 0 0 0 0 0 0 0 0 1 3 0 0 1 0 1 0 0 1 0 0 0 0 0 0 1 0 1 0 0 0 0 0 0 0 0 2 0 0 0 0 0 0 0 0 1 0 0 0 1 0 0 1 0 0 1 0 0 0 0 0 0 0 0 1 0 1 1 0 0 0 1 0 0 0 0 0 0 0 0 0 0 1 0 0 0 1 0 0 
0 0 0 0 0 0 0 0 0 0 0 0 0 0 0 2 0 0 0 0 0 1 0 0 0 0 0 0 1 0 0 0 0 0 0 0 0 1 0 0 1 0 0 1 1 0 0 0 0 0 0 0 0 0 0 0 0 0 1 0 0 0 1 1 0 0 0 0 0 0 0 0 1 1 0 1 0 0 0 0 0 0 1 0 0 0 0 0 0 0 0 0 0 0 1 0 1 0 0 0 0 1 0 0 0 1 0 0 1 1 0 0 0 0 0 1 0 0 0 0 0 1 0 0 0 0 0 1 0 1 0 0 0 1 0 0 0 0 0 0 0 0 0 0 0 0 0 0 0 0 0 0 0 1 0 0 0 0 0 0 0 0 0 0 0 1 0 0 0 0 0 2 0 0 1 0 0 0 0 0 0 0 0 0 0 0 1 0 1 1 0 0 1 1 0 0 0 0 0 0 
0 0 1 0 0 0 1 0 0 1 0 1 0 0 0 0 0 0 0 0 0 0 0 0 0 0 2 0 0 0 0 0 0 0 0 0 0 0 0 0 0 0 0 0 0 0 0 0 0 0 0 0 1 0 0 0 0 0 1 0 0 0 0 0 0 1 0 0 0 0 0 0 0 2 0 0 0 0 0 0 1 0 1 1 1 0 1 0 0 0 1 0 1 0 0 0 0 0 0 1 0 1 1 0 0 0 2 0 0 1 0 0 0 0 0 1 0 1 0 0 0 1 0 0 0 0 0 0 0 0 0 0 0 0 1 1 1 1 0 0 0 0 1 1 0 1 0 0 1 0 0 0 1 0 0 0 1 0 1 0 0 0 0 0 1 0 0 0 0 0 0 0 0 0 0 0 0 0 2 0 0 0 1 0 0 1 0 0 0 0 0 1 0 0 0 0 0 0 0 1 
1 0 0 1 0 1 0 0 0 0 0 0 0 0 0 0 0 0 0 1 0 0 0 1 0 0 0 1 0 0 0 0 0 0 1 0 0 0 0 0 0 0 0 1 0 0 0 1 1 0 0 0 0 0 0 0 0 0 0 0 0 1 1 0 1 0 0 0 0 0 1 0 0 0 0 0 0 0 0 0 0 0 0 1 0 1 0 0 0 0 0 0 0 0 0 1 1 0 0 1 0 0 0 0 0 0 0 0 0 0 0 0 0 1 1 0 0 0 0 0 0 0 0 0 0 0 0 0 0 0 0 0 0 0 0 0 0 0 0 0 0 0 0 0 0 0 0 0 0 0 0 0 0 0 0 0 0 0 0 0 1 0 1 0 0 0 0 2 2 0 0 0 0 1 2 0 0 0 0 0 0 1 0 0 0 0 0 0 0 1 0 0 0 0 0 0 1 0 1 0 
0 0 0 0 0 0 0 0 0 0 0 0 1 0 0 0 0 0 1 0 0 0 1 0 2 0 0 0 0 0 0 1 0 0 0 1 0 0 0 0 0 0 0 0 0 0 0 0 0 0 1 0 0 0 0 1 0 0 0 0 0 0 0 0 0 0 0 0 0 1 0 0 0 0 0 1 1 0 1 0 0 0 2 0 0 0 1 0 0 0 0 0 1 1 0 0 0 0 0 0 1 0 0 0 0 0 0 0 0 0 0 1 0 0 0 0 2 0 0 0 0 0 0 0 0 0 1 0 0 0 0 0 0 0 0 0 0 1 0 0 0 0 0 0 0 1 0 1 0 0 0 0 0 0 0 0 0 0 0 0 0 0 0 0 0 0 0 0 0 0 0 1 0 1 0 1 0 0 1 0 0 0 0 0 0 0 0 1 0 0 1 0 1 0 0 0 0 0 0 0 
0 0 0 0 0 0 1 1 0 1 1 0 0 0 0 0 0 0 0 0 0 0 1 0 1 0 0 0 0 0 0 1 0 1 1 0 0 0 0 0 0 0 0 2 0 0 0 0 0 0 1 1 0 0 0 0 0 2 0 0 0 1 0 1 0 0 0 0 0 0 0 0 0 0 0 0 0 0 0 1 0 0 1 0 0 0 0 0 0 0 0 0 0 0 0 0 0 0 0 0 0 0 0 0 0 0 0 0 0 0 0 0 0 0 0 0 1 0 0 0 0 0 0 0 0 0 1 0 0 0 0 0 1 0 0 0 0 0 0 0 0 0 0 0 0 0 0 0 0 0 0 0 0 0 1 0 0 1 1 1 0 0 0 0 0 0 0 0 0 1 0 0 1 0 0 0 0 1 1 0 0 0 0 0 0 0 0 1 0 1 0 0 0 1 0 1 0 0 0 0 
0 0 0 1 0 0 0 0 0 0 0 0 0 1 0 0 0 0 0 0 0 0 0 0 0 0 0 0 0 1 0 0 2 0 0 0 0 1 0 0 0 0 0 2 0 0 1 0 0 0 0 0 0 1 0 1 0 0 0 0 0 0 0 0 0 0 1 0 1 0 0 2 0 0 0 0 0 0 1 0 0 0 0 0 0 0 0 0 0 1 0 1 0 0 0 0 0 0 1 0 0 0 1 0 0 0 0 0 0 0 0 1 0 0 0 0 2 0 0 1 0 0 0 0 1 0 1 0 1 0 0 0 1 0 0 0 0 0 0 0 0 0 0 0 0 0 0 0 0 0 0 0 0 0 0 0 0 0 0 0 0 1 0 0 0 0 0 0 1 0 0 0 0 1 1 0 1 0 0 1 0 1 0 0 0 0 0 0 0 0 0 0 0 0 0 0 0 0 0 0 
0 0 0 0 0 0 0 1 1 0 0 1 0 1 1 0 0 0 0 0 0 0 0 0 0 0 0 0 0 2 0 0 1 0 1 0 1 0 0 0 0 0 0 0 0 0 0 0 1 1 0 0 0 2 0 0 0 0 0 0 0 0 1 0 1 0 1 1 0 0 0 0 0 0 0 0 0 0 0 0 0 0 0 0 0 2 0 0 0 1 0 0 0 1 1 0 1 0 1 0 1 0 0 0 0 1 0 1 1 1 0 1 1 0 0 0 1 1 1 1 0 1 0 0 0 0 0 0 0 0 0 0 0 1 1 0 0 0 0 0 0 0 0 0 0 0 0 1 0 0 0 0 0 1 0 0 0 0 0 0 0 0 0 0 2 0 2 1 0 0 0 0 0 0 0 0 0 0 0 1 0 0 1 0 2 0 1 1 0 0 0 0 0 1 0 0 0 0 0 0 
1 0 1 0 0 0 0 0 0 1 0 1 0 1 0 0 0 0 0 0 0 1 0 1 1 0 0 0 0 0 0 0 0 0 0 0 1 0 0 0 2 0 0 0 0 1 0 0 0 0 1 0 0 0 0 0 0 0 0 1 0 0 1 0 0 0 0 1 0 0 1 0 0 1 0 0 0 0 0 0 1 0 1 1 1 1 0 1 2 0 0 1 0 0 0 0 0 0 0 0 0 0 0 1 0 0 1 0 0 1 1 0 1 0 1 0 0 0 0 0 0 0 0 1 0 0 0 0 0 0 1 0 1 0 0 0 0 0 1 1 0 0 0 0 1 0 0 1 0 0 2 0 0 0 0 0 0 0 0 0 0 1 1 0 0 0 0 0 2 0 0 0 0 0 0 0 0 0 1 0 0 0 0 0 0 0 1 0 0 1 1 0 0 1 1 0 0 0 0 0 
0 0 0 0 1 0 0 0 0 0 1 0 0 0 0 0 0 0 0 0 0 0 0 0 1 1 0 0 0 0 0 1 0 0 0 0 0 0 1 1 1 0 0 0 1 0 0 0 0 0 0 0 1 0 0 0 0 0 0 0 0 0 2 0 0 0 0 1 1 0 0 0 0 1 1 0 0 0 0 0 0 0 0 0 0 0 0 0 0 1 0 0 0 0 0 0 0 1 0 0 3 0 2 0 0 0 1 0 0 0 0 0 0 0 0 2 0 0 0 1 0 0 0 0 0 0 0 0 0 1 0 0 0 0 0 0 0 0 0 0 1 0 0 0 0 1 0 0 0 0 0 0 0 1 0 0 0 0 0 0 0 1 2 1 0 0 0 0 1 0 0 0 0 1 0 0 1 0 0 0 0 0 0 1 0 0 0 0 1 1 0 0 0 0 0 0 0 1 0 0 
0 1 0 0 1 0 0 0 0 0 0 1 2 1 0 0 0 0 1 0 0 0 0 0 0 0 0 0 0 0 0 1 0 0 0 0 0 0 0 0 2 0 0 0 1 0 0 1 0 2 0 1 0 0 0 0 1 1 1 0 0 0 0 0 0 0 0 0 0 0 0 0 0 0 0 0 0 0 0 0 0 0 1 0 0 0 1 0 1 0 0 0 0 0 0 1 0 0 1 0 1 0 0 0 0 0 0 0 0 0 0 0 0 1 0 0 0 0 1 0 0 0 0 0 0 0 0 0 0 0 0 0 0 0 0 0 1 1 0 2 0 0 0 0 1 0 2 0 1 0 0 1 0 0 0 0 0 1 0 0 0 1 0 0 0 1 1 0 0 0 0 0 0 0 0 0 0 0 1 0 0 1 0 1 1 1 0 0 0 0 1 0 0 0 0 0 0 0 0 0 
0 0 0 0 0 0 0 0 0 1 0 0 0 1 0 0 0 0 0 0 1 0 0 0 0 0 0 0 0 0 0 0 1 0 0 0 0 0 0 0 0 0 0 1 0 0 0 1 0 0 0 0 0 0 0 0 0 1 1 0 1 0 0 0 1 0 0 0 0 2 0 0 0 0 1 0 0 1 0 0 0 0 0 0 0 0 0 1 0 0 0 0 0 1 0 0 2 0 0 0 1 1 0 0 0 0 0 0 0 0 0 0 0 0 0 0 0 0 0 0 0 0 0 0 0 0 0 0 1 0 0 2 0 0 0 0 1 0 0 0 0 0 0 0 0 0 0 0 0 1 1 0 0 2 0 0 0 0 0 0 0 1 0 1 0 2 0 1 0 0 1 1 1 0 0 0 0 0 0 0 0 1 0 0 0 0 1 0 0 0 0 0 0 0 0 0 0 0 0 0 
0 1 0 0 0 0 1 0 0 0 0 0 0 0 0 0 0 0 0 1 0 0 0 1 0 0 0 0 0 0 0 0 0 0 0 0 0 1 0 0 0 0 0 0 0 0 0 0 1 1 0 0 0 0 0 0 0 0 0 0 2 0 0 0 0 0 0 1 0 0 1 0 1 0 0 0 0 0 0 0 0 0 0 0 1 0 0 0 0 0 0 0 1 0 1 0 0 0 0 0 1 1 0 0 0 0 0 0 0 0 0 0 0 0 0 0 1 1 0 1 0 0 0 0 0 0 0 0 0 0 1 0 0 0 0 0 1 0 0 0 0 0 0 0 0 0 0 0 1 0 0 1 0 0 0 0 0 0 1 0 0 0 0 0 1 0 0 2 1 0 0 0 0 0 0 0 1 0 0 1 0 1 0 0 1 0 0 1 0 0 0 0 0 0 0 0 0 0 1 0 
0 1 0 1 0 0 0 0 1 0 0 0 0 0 1 0 0 2 0 0 0 0 0 0 0 0 1 0 0 1 0 0 0 1 1 1 0 1 1 1 0 0 0 0 0 1 0 0 0 0 0 0 0 0 0 0 0 0 0 1 0 0 0 0 0 0 0 0 0 0 0 0 1 0 1 0 0 1 0 0 0 0 0 0 1 0 0 1 0 0 0 0 0 0 0 0 0 1 0 0 0 0 0 0 1 0 1 1 0 0 0 0 0 0 0 0 1 0 0 0 0 1 0 0 0 0 0 0 1 0 0 0 1 0 0 0 0 0 1 2 0 0 0 0 1 0 1 0 1 0 0 0 1 0 0 0 0 0 0 2 0 0 0 0 0 0 0 0 0 0 0 0 0 0 0 1 1 1 0 0 0 0 0 0 0 0 1 0 0 0 1 1 0 1 0 0 1 0 1 0 
0 0 0 0 0 0 0 0 1 1 1 0 0 0 0 0 0 0 0 1 0 0 0 0 1 1 0 0 0 0 0 0 0 0 0 1 0 0 0 0 0 0 0 0 1 0 0 0 0 1 0 0 0 1 0 0 0 0 0 0 0 1 0 0 0 1 1 0 0 0 0 1 0 1 0 0 0 0 0 0 0 0 0 0 1 0 0 1 1 0 0 0 0 1 1 0 0 0 0 0 0 0 1 0 0 1 0 0 0 0 1 0 1 0 0 0 0 0 0 0 0 0 0 0 0 0 1 0 1 0 1 0 0 1 0 0 1 0 0 0 0 0 0 0 0 0 0 0 0 1 0 2 0 1 0 0 0 0 0 1 0 1 0 0 0 0 0 0 0 0 0 0 0 0 0 0 2 0 0 0 2 1 0 0 1 0 0 0 0 0 0 0 1 1 0 2 0 0 0 0 
0 1 0 1 0 0 0 0 0 0 0 0 0 0 0 0 1 0 0 0 0 0 1 0 0 0 0 0 0 0 0 0 0 0 0 0 0 0 0 0 0 0 1 2 0 0 3 0 0 0 1 0 0 0 0 0 0 0 0 0 1 0 0 0 0 0 0 0 0 0 0 0 0 0 0 0 0 0 1 0 0 0 1 0 0 0 0 0 0 0 0 0 0 0 0 0 0 0 0 0 0 0 0 0 0 0 0 1 0 0 1 0 1 0 0 0 0 0 0 0 0 0 0 0 0 0 0 0 0 0 0 0 0 0 1 0 0 0 0 0 0 0 1 0 0 1 0 0 0 1 1 0 0 0 0 0 0 1 0 2 1 0 0 0 1 0 0 0 0 0 1 0 1 0 1 0 1 0 0 0 0 0 1 0 0 0 0 0 0 0 0 0 0 0 1 0 0 0 0 1 
0 0 0 0 0 0 0 0 0 0 0 1 1 1 0 0 0 0 0 0 0 0 0 0 0 0 0 0 0 0 0 0 0 1 0 0 1 0 0 1 0 1 0 0 0 0 0 0 0 0 0 1 0 0 0 0 0 0 0 0 0 1 0 1 0 0 1 0 0 2 0 0 0 0 2 0 0 0 0 0 1 0 0 0 0 0 1 0 0 0 0 0 1 1 0 0 0 1 0 0 0 0 0 0 0 0 0 0 0 0 1 0 1 0 0 0 1 0 0 0 0 0 1 0 0 0 0 0 0 1 0 0 0 0 0 0 0 0 0 0 0 0 0 0 1 0 0 0 0 1 0 0 0 0 0 0 1 0 0 0 0 0 0 0 0 0 0 0 0 0 1 0 0 0 0 0 0 1 0 0 0 0 0 1 0 0 0 0 0 0 0 0 0 0 0 0 0 0 1 0 
0 1 0 0 0 1 1 0 0 0 0 0 0 0 0 0 0 0 1 1 0 0 0 0 0 0 0 0 0 0 1 0 0 0 0 2 2 0 0 0 0 0 0 0 0 0 0 0 0 0 0 0 0 0 1 0 0 0 0 0 0 0 0 1 0 0 0 0 1 0 0 0 0 0 1 0 0 0 0 1 0 0 0 0 0 0 0 0 0 0 0 1 0 1 1 0 0 0 1 0 0 0 0 0 0 0 1 0 0 0 0 0 0 0 0 0 0 0 1 0 0 1 0 0 0 0 0 0 0 0 0 1 0 0 0 1 0 1 0 0 0 0 0 0 1 1 0 0 0 0 0 0 0 0 0 1 0 0 0 1 1 0 1 0 0 0 1 0 1 0 0 0 0 0 1 0 0 0 0 0 0 0 0 0 0 1 0 0 0 0 0 0 1 0 0 1 0 0 0 0 
0 0 0 2 0 1 1 0 0 0 0 0 0 0 0 1 1 1 0 0 1 0 0 0 1 0 0 0 0 0 0 1 0 0 0 0 1 0 0 0 1 0 0 0 1 0 0 0 0 0 0 0 0 0 0 0 0 0 0 0 1 0 0 0 0 0 0 0 0 0 0 0 1 0 0 0 0 0 0 0 0 1 1 1 0 0 0 0 2 0 0 0 0 0 0 0 0 0 0 0 0 0 1 0 0 1 0 1 0 0 0 0 0 0 0 1 0 0 0 0 0 0 0 1 1 0 0 0 1 0 0 0 0 0 0 0 1 0 0 0 0 0 0 0 1 0 1 1 1 1 0 1 1 0 1 0 0 1 0 0 0 0 1 0 0 0 0 0 0 0 0 0 1 0 1 1 0 1 0 0 0 0 1 0 1 1 0 0 0 0 0 0 0 0 0 0 0 0 0 0 
0 2 0 0 0 1 0 0 1 2 0 1 0 0 0 1 0 1 2 0 0 0 0 0 0 0 0 0 0 1 1 0 1 0 0 0 0 1 1 0 0 0 0 0 0 1 0 0 0 0 0 0 0 0 0 0 0 0 0 0 1 0 1 0 0 1 0 0 0 0 0 0 0 0 0 0 0 0 0 0 1 0 0 0 0 0 0 0 0 0 0 0 1 0 0 0 0 0 0 0 0 0 0 0 0 0 0 0 0 2 1 0 0 0 0 1 0 0 0 0 0 0 1 0 1 0 0 0 0 0 0 0 1 0 1 0 0 0 0 0 0 0 0 0 0 1 0 1 0 0 1 0 0 0 0 0 0 0 1 0 0 0 0 0 0 0 2 0 0 1 0 0 0 1 0 1 0 0 0 0 0 0 0 0 0 0 0 0 0 0 0 0 0 1 0 0 1 2 1 1 
0 0 0 0 0 0 0 0 0 0 1 0 0 0 0 0 0 0 0 0 0 1 0 2 1 0 1 0 0 1 0 0 0 0 1 0 0 0 0 0 2 0 0 0 0 1 0 0 0 0 0 0 1 0 0 1 0 0 0 0 0 0 0 0 1 0 0 1 0 1 0 0 0 1 0 0 0 0 0 0 1 0 1 0 0 0 0 0 0 1 1 0 0 0 1 0 0 0 0 0 0 0 1 0 0 0 0 0 0 0 1 1 0 0 0 0 0 0 0 0 0 0 0 0 0 0 0 0 0 1 0 0 0 0 0 1 0 0 1 0 0 0 1 0 0 0 0 0 0 0 1 0 0 1 2 0 0 1 1 0 0 0 1 0 0 0 0 1 0 0 0 0 0 0 0 0 0 0 0 0 0 0 1 0 0 0 0 0 0 0 0 0 0 0 0 1 0 0 0 0 
0 0 0 0 0 0 0 0 0 1 0 0 0 1 2 0 1 0 0 0 0 1 0 0 0 1 0 0 1 0 0 0 0 0 0 0 0 0 0 1 0 0 0 0 0 0 0 1 0 0 1 0 0 0 0 1 0 0 0 1 0 0 0 0 0 0 0 0 1 0 0 1 0 0 0 0 1 0 0 0 0 0 2 0 0 0 0 0 1 0 0 0 0 1 0 0 0 1 0 0 0 0 1 1 1 0 0 0 0 0 0 0 0 1 0 0 0 0 0 1 2 1 0 0 0 0 0 1 0 0 1 0 0 1 0 0 0 0 0 0 0 0 0 0 1 0 0 0 0 0 0 1 1 0 0 0 0 0 0 1 0 0 0 0 0 0 0 0 0 0 0 0 0 1 0 0 0 0 1 0 0 0 2 0 0 0 0 1 0 0 0 1 0 1 0 2 0 0 0 0 
0 0 0 0 0 0 0 0 0 0 0 0 1 1 0 0 0 0 0 0 0 0 2 0 0 1 0 0 1 1 0 0 0 0 0 0 0 0 0 0 0 1 0 0 0 1 0 0 2 0 0 0 0 0 1 0 0 0 0 0 0 0 0 0 1 0 0 0 0 0 0 0 0 0 1 0 0 0 0 0 0 0 0 0 1 2 0 0 0 0 0 0 0 0 0 0 0 0 0 0 1 0 1 0 0 0 0 0 0 0 0 0 0 0 1 1 0 0 2 0 0 0 0 0 1 0 1 0 0 0 0 0 1 0 1 0 1 0 0 0 1 0 0 0 0 0 0 0 1 0 0 0 0 0 0 1 0 0 0 0 0 0 1 0 0 0 0 0 0 1 0 0 0 0 0 0 0 0 0 0 1 0 0 0 0 0 0 1 0 0 0 0 0 0 1 0 0 0 0 0 
0 0 0 0 0 1 1 0 0 0 0 2 0 0 0 0 0 2 1 0 0 0 1 0 0 0 0 0 1 0 0 1 0 0 0 1 1 0 0 0 0 0 0 0 0 0 0 1 0 0 0 0 0 0 0 0 0 0 0 0 0 0 0 0 1 0 0 0 0 0 0 1 1 0 0 0 0 0 1 0 0 1 0 0 0 0 0 0 0 0 0 0 0 0 1 0 1 0 1 0 0 0 0 0 0 0 0 0 0 0 1 0 1 0 0 0 0 0 1 1 0 0 0 0 0 0 1 0 0 0 0 0 1 0 0 0 0 1 1 0 0 0 2 0 0 0 0 0 0 0 0 0 0 0 0 0 0 0 0 0 0 0 0 0 0 1 0 0 0 0 0 1 0 1 0 0 0 1 0 1 0 0 0 0 0 0 1 0 0 0 0 1 1 0 0 1 0 0 0 0 
0 0 0 0 0 1 0 0 1 0 0 0 0 0 1 1 0 1 0 0 0 0 1 0 0 0 0 0 0 0 0 0 0 0 0 0 0 0 1 1 0 1 1 0 0 0 0 0 0 0 0 0 0 0 1 0 1 0 0 0 0 0 0 0 0 0 0 0 0 0 1 0 0 0 0 0 0 0 0 0 0 0 0 1 1 0 1 0 0 0 0 2 0 0 0 0 0 0 0 0 1 0 1 0 0 0 0 0 0 1 1 0 0 0 0 1 2 0 0 0 0 0 0 0 0 0 0 0 0 0 1 0 1 1 0 0 0 0 0 1 0 0 0 0 0 0 0 0 0 0 1 0 1 0 0 0 0 0 0 0 0 0 0 0 1 0 0 0 0 0 0 0 0 0 0 0 0 0 0 0 0 1 0 0 0 0 0 0 0 0 1 0 1 1 1 0 0 0 0 0 
0 0 0 0 1 0 1 0 0 0 0 0 1 1 0 0 0 0 0 0 1 0 0 0 0 0 0 0 0 0 0 0 0 0 0 0 0 0 0 0 0 0 0 0 0 1 0 1 0 0 0 0 0 0 0 0 0 0 0 0 0 0 0 1 1 0 1 0 0 0 0 0 0 0 0 0 0 0 0 0 0 0 0 0 0 0 0 0 0 0 0 1 0 0 0 0 0 0 0 0 0 0 0 1 1 1 0 0 0 0 0 0 0 0 0 0 0 0 0 1 0 0 0 0 1 0 0 0 0 0 0 0 0 0 0 0 0 0 0 0 0 0 0 0 0 0 0 0 0 0 0 0 0 0 0 0 0 0 0 0 0 0 1 1 0 0 0 0 0 0 0 0 0 0 0 0 0 0 0 0 0 0 0 0 0 1 0 0 0 0 1 0 0 1 0 0 0 1 0 1 
0 0 0 0 0 0 1 0 0 1 1 0 0 0 0 0 0 0 0 0 0 1 0 0 0 0 0 0 1 1 0 0 0 0 2 0 0 0 0 0 0 0 0 0 0 0 0 0 0 0 0 0 0 0 0 1 0 0 0 0 0 0 0 0 0 0 1 0 0 0 0 0 0 0 0 0 0 0 1 1 0 0 0 0 0 1 1 0 0 0 2 0 0 0 0 0 0 0 0 0 0 0 0 0 0 1 0 0 0 0 0 0 0 0 1 0 0 0 1 0 0 0 0 0 0 0 0 0 1 0 1 0 0 0 1 0 0 0 0 0 0 0 0 1 0 1 0 0 1 1 0 0 1 0 1 0 0 0 0 0 0 0 0 0 0 0 0 0 0 0 1 0 0 0 0 1 0 0 0 0 1 0 0 0 0 0 0 0 0 0 0 1 0 0 0 0 0 0 0 0 
1 0 0 0 0 0 0 0 0 0 0 0 0 0 0 0 1 0 0 0 0 1 0 0 0 0 0 0 0 0 0 0 0 0 0 1 0 0 0 1 0 1 0 1 0 0 0 0 0 0 0 0 0 0 0 0 0 0 0 0 0 0 0 0 0 0 0 1 0 0 1 1 0 0 0 0 1 0 0 0 0 0 0 0 0 0 0 0 0 0 0 0 1 1 0 0 0 0 0 0 0 1 0 1 0 2 0 0 0 0 0 3 0 0 0 1 0 1 0 0 0 0 0 0 0 1 0 1 0 1 0 0 0 0 0 0 0 1 0 0 0 0 0 0 0 0 0 0 0 0 1 0 0 0 0 0 0 0 0 0 0 0 0 0 0 0 1 0 0 0 1 0 0 1 1 0 1 0 1 0 0 0 0 0 0 0 0 0 0 0 0 0 1 0 0 0 0 0 0 0 
0 0 1 0 0 1 0 0 0 1 0 0 1 0 0 0 0 1 1 1 0 0 2 0 1 1 1 0 0 1 0 0 0 0 0 1 0 0 0 0 0 0 0 0 1 0 0 1 0 0 0 0 0 0 0 0 0 0 0 0 0 0 1 0 0 1 1 0 1 0 0 0 0 0 0 0 0 0 0 0 0 0 0 0 0 0 0 0 0 0 0 0 0 0 0 0 0 0 0 0 0 0 1 1 0 0 0 0 0 1 1 0 0 0 0 0 0 0 0 0 0 0 0 0 0 0 1 1 0 0 0 1 0 0 0 0 0 0 0 0 0 0 0 0 0 1 0 0 0 0 0 1 1 0 0 0 0 1 0 0 0 0 0 0 0 1 0 1 0 0 0 0 3 0 0 0 1 1 0 0 0 0 0 0 0 0 0 0 1 1 1 0 0 0 1 1 0 0 1 0 
0 0 0 0 0 0 1 0 0 1 0 0 0 0 0 0 0 0 0 0 1 1 0 0 0 0 0 0 0 0 0 0 1 0 0 1 0 0 0 0 0 0 0 0 0 0 0 0 0 0 0 1 0 0 0 0 0 0 0 0 0 0 0 1 0 0 0 0 0 2 0 0 0 0 2 2 0 1 1 0 0 0 0 0 1 0 1 0 0 0 0 1 1 2 0 0 0 0 0 0 1 0 0 1 0 0 0 0 1 0 0 0 0 0 1 0 0 0 0 0 0 0 0 1 0 0 0 0 2 0 0 0 0 1 0 0 0 1 0 0 1 0 0 1 0 0 0 0 0 0 0 0 0 0 0 0 0 0 0 0 0 0 0 2 1 0 0 0 1 0 1 0 0 1 1 0 0 0 0 0 0 0 1 0 0 0 0 0 0 0 0 1 0 0 0 0 0 0 0 0 
0 0 1 3 0 0 0 0 0 1 0 0 0 1 0 0 0 0 1 1 0 0 1 0 0 0 0 0 1 0 0 0 0 0 0 1 0 0 0 0 0 0 0 0 0 1 0 0 0 0 0 1 1 0 1 0 0 0 0 0 0 0 0 1 0 0 0 0 0 0 0 0 0 0 0 0 0 0 0 0 0 0 0 0 0 0 0 0 1 1 1 0 1 0 1 0 0 0 1 1 0 0 0 0 2 0 0 0 0 0 1 0 0 0 0 0 0 0 0 0 0 0 0 0 0 1 0 0 0 0 0 0 1 0 2 0 0 1 0 0 0 0 0 0 1 0 0 0 0 0 1 0 1 0 0 0 0 0 0 0 0 0 0 0 0 1 0 0 0 0 0 0 0 0 1 0 0 0 0 0 0 0 0 0 1 2 0 0 0 0 0 0 0 0 0 0 0 0 1 0 
0 0 0 0 0 0 0 0 1 0 0 0 0 0 0 0 0 0 2 0 0 0 0 1 0 0 1 0 0 1 0 0 1 0 0 1 0 0 1 0 0 1 1 1 0 0 0 0 1 0 0 0 0 1 0 0 0 0 0 1 0 0 2 2 0 1 0 0 0 0 0 0 0 0 0 0 0 0 0 1 1 0 1 0 1 0 0 0 0 0 0 0 1 0 0 0 0 0 0 0 0 0 0 0 0 0 0 0 1 0 0 0 0 0 0 0 0 0 0 0 0 0 1 0 0 1 0 0 0 0 0 1 1 0 0 0 0 0 1 1 0 0 0 1 0 0 0 0 0 0 0 0 0 0 0 0 1 1 0 0 0 0 0 0 0 0 1 0 1 0 1 1 0 1 0 0 0 0 0 0 0 0 0 0 0 0 0 0 0 0 0 0 0 0 0 0 0 0 1 0 
1 0 0 0 0 0 0 0 0 0 0 0 1 0 0 0 0 0 0 1 0 0 1 1 0 0 0 0 0 0 0 1 0 0 0 0 0 0 0 0 0 0 2 1 0 0 0 0 0 0 1 0 0 0 3 0 0 0 0 0 0 0 0 0 0 0 0 0 1 0 1 0 1 0 0 1 0 0 1 0 1 0 0 0 0 0 2 0 0 0 0 0 0 0 0 0 0 0 0 0 0 1 0 0 0 0 0 0 0 0 0 0 0 0 0 0 0 2 0 0 0 0 0 0 0 1 0 0 2 0 0 0 0 0 0 0 0 0 0 0 1 0 0 0 0 0 1 0 0 1 0 0 0 0 0 0 0 0 0 0 0 0 0 0 0 1 1 1 0 0 0 0 0 0 0 0 0 0 0 0 0 0 0 0 0 0 0 1 0 0 0 0 2 0 0 1 0 0 0 0 
1 0 0 1 1 0 0 1 0 0 1 0 0 0 0 0 0 0 1 1 0 1 2 1 0 0 1 0 0 0 1 0 0 0 0 0 0 1 0 0 0 0 3 0 0 0 0 0 0 0 0 0 0 0 0 0 0 0 0 0 1 0 0 0 0 0 0 0 2 0 0 0 0 0 0 0 0 0 0 0 0 0 0 0 0 0 0 0 0 0 0 0 0 0 0 0 0 0 0 1 0 0 0 1 0 0 0 0 0 0 0 0 0 3 0 0 0 0 0 0 1 0 1 0 0 0 0 2 0 0 0 0 0 0 1 0 0 2 1 0 1 0 0 0 1 0 0 0 0 0 0 0 1 1 0 0 0 0 0 0 0 0 1 0 0 0 0 0 1 0 0 0 0 0 0 0 0 0 0 0 1 1 0 0 0 0 0 1 0 0 0 3 0 0 1 0 0 0 0 0 
1 0 0 0 1 0 0 0 0 0 0 0 0 0 0 1 0 0 0 0 0 0 0 0 0 0 0 0 0 0 0 0 0 0 0 0 0 0 0 1 0 1 0 1 0 1 0 0 0 0 0 0 2 0 0 0 0 0 0 0 0 0 0 0 1 2 0 1 0 0 0 1 0 0 1 0 0 0 0 1 0 0 0 0 0 1 0 1 0 0 0 0 0 1 0 2 0 0 1 0 0 0 0 0 0 0 1 0 1 0 1 0 0 0 0 1 1 1 0 0 0 0 0 0 1 0 0 1 0 1 0 1 0 0 1 0 0 0 0 0 0 0 0 0 0 0 0 0 0 0 0 1 0 0 0 0 0 1 0 0 0 1 0 0 0 0 0 0 3 0 0 0 0 0 1 0 0 0 1 0 0 0 2 0 0 0 0 0 0 0 0 0 1 1 0 1 0 0 0 0 
0 0 0 0 1 0 0 0 0 0 2 0 0 0 0 0 0 1 0 0 1 0 0 0 0 0 0 0 0 0 1 0 1 0 0 0 0 0 0 0 0 0 0 0 0 0 0 0 1 0 0 0 0 1 0 0 0 0 0 0 0 0 1 0 0 0 0 0 0 0 0 0 0 0 0 1 0 0 0 0 0 0 2 1 1 0 0 0 0 0 0 0 0 0 0 0 0 0 0 1 0 0 1 0 0 0 0 0 0 0 0 0 0 0 0 0 0 0 1 0 1 0 0 0 0 1 0 0 0 1 1 1 1 0 0 0 0 0 1 1 0 0 0 0 0 0 2 1 1 0 0 0 0 1 1 0 0 0 1 0 0 0 0 0 0 0 0 1 2 0 0 0 0 0 0 0 0 0 1 0 0 0 0 0 0 0 0 0 1 1 0 0 0 0 1 1 0 0 1 1 
0 0 0 0 0 1 0 0 0 0 1 0 0 0 0 0 0 0 0 0 0 0 1 0 0 0 0 0 0 0 0 0 0 0 1 0 0 0 0 0 0 0 0 0 0 0 0 0 0 0 0 0 0 0 0 0 1 0 0 0 0 1 0 0 0 0 0 1 1 0 1 0 1 1 0 0 0 0 1 0 1 0 0 0 0 0 0 0 0 0 0 1 0 0 0 1 0 1 0 1 0 0 1 0 0 0 1 0 0 0 0 0 1 0 0 0 0 1 0 0 0 0 1 0 0 1 0 0 0 0 0 0 0 1 0 0 0 0 1 0 0 0 0 0 0 1 1 0 0 0 0 1 0 0 0 0 0 0 0 0 0 0 0 1 0 0 0 0 0 0 0 0 0 0 0 0 0 1 0 0 0 0 0 0 1 0 0 0 0 1 0 0 1 1 1 0 0 0 0 0 
1 1 0 0 1 0 1 1 0 0 1 0 1 0 0 0 0 0 0 0 0 0 1 0 0 0 0 0 0 0 0 1 0 0 0 1 2 0 0 0 0 0 0 0 0 0 0 2 1 1 0 0 0 0 1 0 0 0 0 0 0 0 1 0 0 0 0 0 0 0 0 0 0 0 0 0 0 0 0 0 1 0 0 0 1 0 0 0 0 1 0 1 0 0 0 0 0 0 0 0 1 0 0 0 0 0 0 1 0 1 1 0 0 0 0 0 0 0 0 0 0 0 0 0 0 0 0 1 0 1 0 1 0 0 0 0 0 0 0 0 0 0 0 0 0 0 0 0 0 1 0 0 0 0 0 0 0 0 0 1 0 1 0 1 1 0 0 1 0 0 1 0 0 0 1 0 0 0 0 0 0 0 0 0 0 0 0 0 0 0 0 0 0 0 0 0 0 0 0 0 
1 0 0 0 0 1 2 0 0 0 0 1 0 1 0 2 0 0 0 1 0 0 0 1 0 0 0 0 0 0 0 1 0 0 0 0 0 0 0 0 0 0 0 0 0 0 0 0 1 0 0 0 0 1 0 0 1 1 0 0 0 1 0 0 0 0 0 1 0 1 0 0 0 0 0 0 0 0 0 0 0 0 0 1 0 0 0 0 0 0 0 0 0 1 0 0 0 0 0 0 1 1 0 1 0 0 1 0 1 0 0 0 0 0 1 0 0 1 0 0 0 0 0 0 1 1 0 1 1 0 0 1 0 0 0 1 0 1 0 0 0 0 0 0 0 0 0 0 0 0 0 0 1 0 0 0 0 0 0 0 1 1 0 0 0 0 0 0 0 0 0 1 0 1 0 0 0 1 0 2 0 0 0 1 0 0 1 0 0 0 0 0 1 0 0 1 0 0 0 0 
0 0 0 1 0 0 1 0 0 0 0 0 0 2 0 0 0 0 0 0 0 0 0 0 0 0 0 0 0 1 0 1 0 0 0 0 0 0 0 0 1 0 0 0 0 1 0 0 0 0 0 0 0 0 0 0 0 0 0 0 0 0 0 0 0 0 0 0 0 0 1 0 0 0 0 1 0 1 0 0 0 0 0 0 0 0 1 0 0 0 0 0 1 0 0 1 0 0 0 0 2 0 0 0 1 1 0 0 0 0 0 0 0 0 1 0 0 0 0 0 0 1 0 1 0 0 0 0 0 0 0 0 1 0 0 0 0 0 1 0 0 0 0 0 0 1 0 2 0 0 1 1 0 1 0 0 0 0 1 0 0 0 0 0 0 0 0 0 1 0 1 0 0 0 0 0 0 0 0 1 0 1 0 0 0 0 0 0 0 0 2 0 0 1 1 0 0 0 0 1 
0 0 1 0 0 0 0 1 0 1 0 0 0 0 0 0 2 0 0 0 1 0 0 0 0 0 0 0 0 0 0 3 0 0 1 1 0 0 0 0 0 0 0 1 0 0 0 0 0 1 0 0 0 1 1 0 1 0 0 0 0 2 0 0 0 0 0 0 0 1 0 0 0 0 0 0 0 1 0 0 0 0 0 1 0 0 0 0 0 0 0 1 0 0 0 0 2 1 0 0 0 0 0 0 0 0 0 0 0 0 0 0 0 0 0 0 1 0 0 1 1 1 0 1 0 0 0 1 0 0 0 0 0 1 0 0 0 0 0 0 0 0 0 0 0 2 0 0 1 0 0 0 0 1 0 1 0 0 0 0 0 0 0 0 0 0 0 0 1 1 0 0 0 0 1 0 0 0 0 0 0 0 0 0 0 0 0 0 0 0 0 0 0 1 0 0 0 1 0 1 
0 0 0 0 0 0 0 0 0 0 0 0 0 0 0 1 0 0 0 0 0 1 0 1 0 1 0 0 0 0 1 0 0 0 0 0 1 1 1 0 0 0 0 1 1 0 0 0 1 0 0 0 0 0 0 0 0 0 0 2 0 0 1 0 0 0 0 1 0 0 0 0 0 0 1 0 0 0 0 1 1 0 0 0 0 0 0 0 0 0 0 2 0 0 0 0 1 0 0 1 0 0 1 0 1 0 0 0 0 0 0 0 0 2 0 0 0 0 0 0 0 1 0 0 0 0 0 0 1 0 0 0 0 0 0 0 0 0 0 0 0 0 0 0 0 1 0 1 0 0 0 0 0 0 0 0 0 1 0 0 0 0 0 0 0 0 0 0 1 0 1 1 0 0 0 0 0 0 0 0 0 1 0 1 0 0 0 1 0 0 1 0 0 0 0 0 0 1 0 0 
0 0 0 0 0 0 0 1 1 0 0 1 0 0 0 0 1 0 0 0 2 0 0 0 0 0 0 0 0 0 0 0 1 0 1 0 1 1 0 0 1 0 1 0 0 0 1 0 0 0 0 0 0 0 0 0 0 0 0 0 0 0 1 0 0 0 0 0 0 0 0 0 1 0 0 0 0 0 0 0 0 0 0 0 0 0 0 0 0 0 0 0 0 1 0 0 0 0 0 0 0 0 0 0 1 0 0 0 0 1 0 0 1 1 0 0 0 0 0 0 0 0 0 0 0 0 0 0 0 1 0 1 0 0 1 0 0 1 0 0 2 1 0 0 0 0 0 1 0 0 0 0 0 0 0 0 0 0 0 0 0 0 0 0 0 1 0 0 0 0 0 0 0 0 2 0 0 1 0 0 0 0 0 0 0 0 0 0 0 0 0 0 2 0 0 0 0 0 0 0 
