# Format: McCode with text headers
# URL: http://www.mccode.org
# Creator: McStas 3.5.27 - Apr. 28, 2025
# Instrument: ./Incoherent/inc.instr
# Ncount: 10000000
# Trace: no
# Gravitation: no
# Seed: 1747402680623757
# Directory: ./data/inc_box_thick
# Param: thickness=0.1
# Param: sample=0
# Date: Fri May 16 15:38:04 2025 (1747402684)
# type: array_2d(200, 200)
# Source: inc (./Incoherent/inc.instr)
# component: psd_det
# position: 0.34202 0 1.43969
# title: PSD monitor
# Ncount: 10000000
# filename: post_det.dat
# statistics: X0=0.195548; dX=2.88348; Y0=-0.0492494; dY=2.90588;
# signal: Min=0; Max=0.236064; Mean=0.00451111;
# values: 180.444 2.52229 7395
# xvar: X 
# yvar: Y 
# xlabel: X position [cm]
# ylabel: Y position [cm]
# zvar: I
# zlabel: Signal per bin
# xylimits: -5 5 -5 5
# variables: I I_err N
# Data [psd_det/post_det.dat] I:
0 0 0 0 0 0 0.05357238194 0 0 0 0 0.0227787409 0.003843731172 0 0.006973788408 0.0226156111 0 0.008939484003 0 0 0 0.01811880748 0 0 0 0 0 0 0.01813580757 0 0 0 0 0.0003678980316 0 0 0 0 0 0.0162915694 0 0 0 0 0.01593342574 0 0 0 0 0 0 0 0 0 0 0 0 0.04558925139 0 0 0 0.002833094708 0 0 0 0.01976052822 0 0 0 0 0 0.02044666643 0 0 0 0 0 0 0 0 0 0 0 0 0.007625533694 0 0 0 0 0 0 0 0.04644605321 0 0 0 0.0303837635 0 0 0 0.03090057195 0 0 0 0.01347693052 0 0 0.01168005512 0.01078788395 0.04573872394 0 0 0 0 0.03435353855 0 0 0 0 0 0 0 0 0 0 0.02101800736 0 0 0 0 0 0 0 0 0.02298192508 0 0 0 0 0 0 0.04661655323 0.05886772897 0.0114374305 0 0 0 0 0 0 0 0 0 0 0 0 0 0.01339934497 0 0 0.04299210741 0 0 0 0 0 0 0 0 0 0 0 0 0.0116854965 0 0 0 0 0 0 0 0.02499259908 0 0 0 0 0 0 0 0.03565995001 0.0005254341241 0 0 0 0 0 0 0 0 0.01652217863 
0 0.01786733222 0 0 0 0 0 0.02057387062 0.04406458331 0 0 0 0 0 0 0.05003322979 0 0 0 0.02859109703 0 0 0 0.05311818848 0 0 0 0 0 0 0.01229981915 0 0 0 0 0 0 0 0 0 0 0 0 0 0 0 0 0 0 0 0.03277980214 0 0 0 0 0 0 0 0 0 0 0 0 0 0 0 0 0 0 0 0 0.04920669273 0 0 0 0 0 0 0 0 0.01702224254 0 0 0 0 0 0 0 0 0 0 0 0.01612669972 0.01158780632 0 0.03962461709 0 0.01469354047 0 0 0 0.00923721674 0.0518318068 0 0 0 0.01463466842 0.03311125306 0 0 0 0 0 0.02002366561 0 0.02786816445 0 0 0.01834446251 0 0 0 0 0 0 0 0 0 0 0 0 0 0 0 0.05766206564 0 0 0 0.03093871329 0 0.05432672831 0 0.0332561077 0 0 0 0 0 0.06388555822 0 0 0.01131027523 0 0 0 0 0 0 0 0 0 0 0 0 0 0 0 0 0 0 0 0 0 0.008877421787 0.05222830594 0 0.03472582178 0.07768014374 0.02965978831 0 0 0.03526959898 0 0 0.01349650729 0 0 0 0 0 0 0 0 0.01630340484 0 0 0 0 0 0 
0 0.008806367336 0 0.0448769973 0 0.04712779725 0 0 0 0 0.02719571068 0 0.01434400544 0 0 0 0 0 0 0.0146773538 0.05895754378 0 0 0 0 0 0 0.01550430091 0 0 0 0 0 0 0 0 0 0 0 0 0 0.01392575153 0 0 0 0.01897674962 0 0 0.01902630404 0 0 0 0 0 0 0 0.01533744007 0.01833309386 0 0 0 0 0 0.03039447177 0 0 0.001977714929 0 0 0 0 0 0 0 0 0 0 0 0 0 0 0 0.0157546808 0 0 0 0 0 0 0.01964417009 0 0 0 0 0.01706309522 0 0 0.01498848051 0 0 0 0.0504846878 0 0 0.09869690901 0 0.03850061394 0.01281159898 0 0 0 0.02508957774 0 0.01303980374 0 0 0.04958401208 0 0 0 0 0.01230424395 0 0 0 0.0153320499 0 0 0 0 0 0 0 0.03343821837 0 0 0 0 0 0 0 0 0 0.02324660762 0.05878369072 0 0 0 0 0 0 0 0.0153984833 0.03777381269 0 0 0 0 0 0.02219042215 0 0 0 0 0 0 0 0 0 0.05796443425 0 0 0.03508700439 0 0.02713659946 0 0 0 0 0 0 0.05185501693 0 0 0 0.02679398425 0 0 0 0 0 0 0 0.012790296 0 0 0 0.04365180571 0 0 
0.01913808358 0 0 0.01022489755 0 0 0.05696214825 0 0 0 0 0 0 0 0 0 0 0 0 0 0.04739680837 0 0 0.06399315487 0 0 0 0 0 0 0 0 0.02067431259 0 0 0 0 0 0 0 0 0 0 0 0 0 0 0 0 0 0 0 0.01160111741 0 0 0 0.04883426177 0 0 0 0 0 0 0 0 0 0 0 0 0 0 0 0 0 0 0 0 0 0 0 0 0 0 0 0.01568518157 0 0 0 0 0.05711777542 0 0 0 0 0 0 0 0 0.02333727372 0 0 0 0 0.01717694574 0 0 0 0 0 0 0 0 0.05260639306 0 0 0.05305652882 0 0 0 0 0 0 0 0 0 0 0 0.04401957438 0 0 0 0.04070550167 0.01460700222 0 0 0 0 0 0 0 0 0 0 0 0 0 0 0 0 0 0 0 0 0.0115528501 0 0 0 0 0 0.03784652751 0 0 0.01995082452 0 0 0.01652404353 0 0 0 0.08921931653 0 0.02708649626 0 0.03602236888 0 0 0.01489397915 0 0 0 0 0.04304250423 0 0 0 0 0 0 0 0 0 0 0 0 0 0 0 0 0 0 
0 0 0 0 0 0 0 0 0.01773106656 0.02108355279 0 0 0 0 0 0 0 0 0 0.009467338453 0 0 0.03093516611 0 0 0 0.006178702483 0 0 0 0 0 0 0.008686966968 0.01816209215 0.008626987445 0 0 0 0 0 0 0 0.03071464841 0 0 0 0 0 0.01301774149 0 0 0 0.01549376281 0 0 0 0 0 0 0 0 0 0 0 0 0 0 0 0.02877945077 0 0.05182998748 0 0.01786768704 0 0 0 0 0 0 0 0 0 0 0 0 0.03317773163 0 0 0 0 0.02458149554 0.01702797806 0 0 0 0 0 0 0 0 0.01912376972 0 0 0 0 0 0 0 0 0 0 0 0 0 0 0 0 0 0 0 0 0 0 0.02856263273 0 0 0 0 0 0 0 0 0.04041294471 0.01603638978 0 0 0 0.07894455779 0 0.05349961936 0 0 0 0 0.01236849891 0 0 0 0.04035106622 0 0 0 0.01449662868 0 0 0 0 0 0.02466803758 0 0 0 0 0 0 0 0.01094295445 0 0.02676057336 0 0 0 0 0.0363862162 0 0 0.005176076997 0 0 0 0 0 0 0 0 0 0.0002876979385 0 0.01034967005 0 0.02641485464 0.01695225081 0 0 0 0 0 0 0 
0 0 0 0 0.01913140609 0 0 0 0 0.01470293425 0 0.01190793166 0 0.009575515243 0 0.008840355339 0 0.01089264261 0.0393180239 0.02104412203 0.02787718833 0 0 0.02462023306 0.03543725988 0.04682200124 0 0.002709125624 0.00716178747 0 0 0 0 0.01026278041 0 0 0 0 0 0.008522827039 0 0.04413543215 0 0 0 0 0 0.02758625381 0 0 0 0 0.01519500238 0 0 0 0 0 0 0 0 0 0 0 0 0 0 0 0 0.03325376967 0 0 0 0.0308603318 0 0 0.01259177482 0 0 0 0 0 0 0.008181192549 0 0 0 0.02810321636 0.03703329435 0.04264187028 0.04810511471 0.02124552632 0.01855040561 0.03924630433 0 0 0 0 0 0 0 0 0.05221546296 0 0 0 0 0.01258528206 0 0 0 0 0.01146983482 0 0.0216037368 0 0 0.0106724294 0 0 0 0 0.02045747303 0 0 0 0 0.02451007879 0 0.008709776611 0 0 0 0 0 0 0 0.009809106497 0 0 0 0 0.009335322562 0.03659944931 0 0 0 0 0 0 0 0 0 0 0 0 0 0 0 0 0 0 0 0 0 0.01465718357 0.01845449465 0 0 0 0 0 0 0 0.02963749728 0 0 0.02347800026 0.0103724659 0 0 0 0 0 0.03031286035 0 0 0 0 0 0 0 0 0 0 0 0 0.03275369244 0 0 
0 0 0 0 0.03096649822 0 0 0 0 0 0 0.009282688868 0 0 0 0 0 0 0.02140343179 0 0 0.01769022479 0 0 0 0 0.04708026441 0.05212654466 0 0 0 0.008047560999 0 0.01798573026 0 0.03542456634 0 0 0 0.004431643515 0.02869692922 0.05314087801 0 0 0 0 0 0 0 0 0 0 0 0 0 0 0 0 0 0 0 0 0 0 0 0 0 0 0 0 0 0 0 0 0 0 0.05071764917 0 0 0 0 0 0 0 0 0 0.0269708756 0 0 0 0 0 0 0 0 0 0 0 0 0 0 0 0.01533888881 0 0 0 0 0.01469354328 0.00385442125 0 0 0 0 0 0 0 0 0 0 0 0 0.006495348523 0 0.01466283335 0 0 0 0 0 0 0 0 0 0 0.05822059712 0 0 0 0 0 0 0 0 0 0 0 0 0.01198220968 0 0 0 0 0 0 0 0 0 0.0540480426 0 0 0 0 0 0 0 0 0 0 0 0 0 0 0 0 0.03329597435 0 0 0 0 0.07589119278 0.04744022673 0 0 0 0 0 0 0 0 0 0 0 0 0 0 0 0 0 0 0 
0 0.05599440236 0 0 0 0 0 0 0 0 0 0 0.007011101736 0 0 0 0.02038732707 0 0 0 0.009079250009 0 0 0 0 0 0 0.05589560963 0 0 0 0 0 0.01330393084 0 0 0 0 0 0 0 0 0 0 0 0 0 0 0 0 0.02967448761 0.03990179673 0 0 0 0 0 0 0.02814391843 0 0 0 0 0 0 0.1506136488 0 0 0 0 0.04331314294 0 0 0.008782221753 0 0 0 0 0 0 0 0.02485239691 0 0 0.01840961353 0 0.02534265439 0 0.009614316112 0 0 0 0 0 0 0 0 0 0 0 0 0 0 0 0 0.02053594101 0 0.02093384091 0 0 0 0 0 0 0 0 0 0 0 0 0 0 0.01639316918 0 0.04200457915 0 0 0 0.0149779339 0 0.01376914861 0.02001175133 0 0 0 0 0.03945916971 0.05919434783 0.01135553126 0 0.0346091503 0 0 0 0.02973240994 0.04632080186 0.01428640617 0 0 0 0 0 0 0 0.02026182925 0 0 0 0 0 0 0.04644471851 0 0 0 0 0 0 0 0 0 0 0 0 0 0 0 0 0 0 0.02170829733 0 0 0 0 0 0 0.04667788048 0 0 0 0 0 0 0 0 0 0 0 0 
0 0 0 0 0 0 0 0 0 0 0 0 0 0 0 0 0 0 0 0 0.0500334657 0 0 0 0 0 0 0 0 0.04613841196 0 0 0 0 0 0 0 0 0.01571913426 0 0 0 0 0 0 0 0 0 0 0 0 0 0 0.009467949071 0 0 0 0 0 0 0 0 0 0.01035000082 0 0 0 0 0 0 0 0 0.008043844243 0 0.01628911214 0 0 0 0.007115841265 0 0 0 0 0.01755318465 0 0 0 0 0.01486157691 0 0.008907293906 0 0 0 0.02041300411 0.0443104384 0.0289666935 0.04335848081 0 0 0 0 0 0 0 0.008471609247 0 0 0 0 0 0 0.008625395722 0 0 0.05082267348 0 0 0 0 0 0 0 0 0 0 0.0275895205 0 0 0 0 0 0 0 0 0 0 0 0.01535013518 0 0 0 0 0 0 0 0 0 0 0 0 0 0 0 0 0 0 0 0.03582166962 0 0 0 0 0.01599291639 0 0 0 0.04551765919 0 0.05031665103 0 0.01348767038 0 0 0 0.0234863932 0 0 0 0.02789972801 0 0 0 0.007064267681 0 0 0 0 0.02336171248 0.01523396964 0 0 0 0 0 0 0 0 0 0 
0 0.0225122959 0.08094490095 0.01078028047 0 0 0 0 0 0 0 0 0 0 0.04566351955 0 0 0 0.006562512395 0 0 0 0.006661704733 0.01234687647 0 0 0 0 0 0 0 0 0 0.01349587269 0 0 0.007285823716 0 0.01098349287 0 0 0 0 0 0.007005897795 0 0 0 0 0 0 0 0.01096060719 0 0 0.04665606773 0 0.0559180505 0.01234170905 0 0 0 0.008422023141 0 0 0 0 0 0 0 0 0.02853470081 0 0 0 0 0 0 0 0.007789266755 0 0 0.05676920823 0 0 0 0 0 0 0 0.0123816482 0 0 0 0 0 0 0 0 0 0 0 0 0.00879949614 0 0.04995915788 0.04931851602 0 0 0 0 0.04535862329 0 0 0 0.01355187148 0.02728891014 0 0 0 0 0 0 0.01888572109 0 0 0.008046624058 0 0 0 0 0 0.02108257212 0.01240183536 0 0 0 0 0 0 0.01160323318 0 0.01600374124 0 0.05568168967 0 0 0 0 0 0 0.03017275499 0 0 0 0 0 0.04909608919 0 0 0 0 0 0.03488061564 0 0 0 0 0 0.01963743746 0 0 0.01849876857 0 0 0 0 0.05474661736 0 0 0 0 0 0.0349883143 0 0 0 0 0 0 0 0.01091807176 0 0 0 0 0 0 0 0.01522677675 
0 0 0.01016129722 0 0 0 0 0 0 0 0.03030825944 0 0 0 0 0 0 0 0 0 0 0.03585496345 0 0 0 0 0 0.01378464074 0 0 0 0 0 0 0 0 0 0 0.008500932131 0 0 0 0 0 0 0 0 0 0 0 0 0 0 0 0 0 0 0 0 0 0 0 0 0 0.049075067 0 0 0 0 0 0 0 0.01495831972 0.0414451495 0 0 0 0 0 0 0.01350141099 0 0.01057001996 0 0.01208348644 0.04080961111 0 0 0 0 0 0.04294284689 0 0 0 0 0 0 0 0.0284648955 0.03781417886 0 0 0 0 0 0 0 0 0 0 0 0 0 0 0 0 0 0 0 0 0 0 0 0 0 0 0 0 0 0 0 0 0 0.0399697411 0 0 0.01160438004 0 0 0.01682886687 0 0 0 0.01511291915 0 0 0 0 0 0 0 0.02501078392 0 0 0.02549991363 0 0 0 0 0.007337707719 0 0 0 0 0 0.0257923599 0 0 0.008494940672 0.07016013106 0 0 0 0 0 0 0 0 0 0 0 0 0 0 0 0.01384634416 0 0 0 0 0 0 0 0 0 0 0 0 0.02301499187 
0.006264986359 0 0.0445483372 0 0 0 0 0 0 0 0 0 0 0.0257661792 0 0 0 0 0 0 0 0 0 0 0 0 0 0 0 0 0 0 0 0 0.008682244377 0 0 0 0 0 0 0 0 0 0.05042375106 0 0 0 0 0 0 0 0 0 0 0 0 0 0 0 0 0 0 0 0 0 0 0 0 0.008412065924 0 0 0 0 0 0 0 0 0 0 0 0 0 0 0 0 0.0136302176 0 0 0.02655976013 0 0 0 0.02948085757 0.01982982115 0 0 0 0 0 0.02995717353 0 0 0 0 0.03373387582 0.04175088784 0 0 0 0 0 0 0 0 0 0 0.009012255317 0 0 0 0 0 0 0.04083679151 0 0 0.01782605191 0 0.02379120608 0 0 0.009784152402 0 0 0 0 0 0 0 0 0 0 0.03481977841 0 0.05610709512 0 0 0 0 0 0 0 0 0 0.04429419846 0 0.0829839004 0.01294737406 0 0 0 0 0 0 0 0 0 0 0 0.07032296224 0 0 0 0 0 0 0 0 0 0 0 0 0 0 0 0 0 0 0 0 0 0 0 0 0 0 0 0 0 
0.02519311718 0 0 0.01455350253 0 0.01761899517 0 0 0.03800759355 0.02270381341 0 0 0.009460367772 0 0 0 0 0 0 0 0 0 0 0.006296076042 0 0 0 0 0 0.03007484656 0.00970011933 0 0 0.01646684775 0 0.03270583437 0 0 0 0 0 0 0 0 0 0 0 0 0 0 0 0 0 0 0 0 0.008573217081 0 0 0 0 0 0 0 0.02558119985 0.01960459289 0 0 0 0.009268674575 0 0 0 0.00849609634 0.009133022689 0 0 0 0 0.03280189937 0 0 0 0.03001059855 0 0 0 0 0 0 0 0.01228198378 0 0 0 0 0.04847006199 0 0 0 0.02437668867 0 0 0 0 0 0 0 0 0 0 0 0 0 0 0 0 0 0 0 0 0 0 0 0 0 0 0 0 0 0 0 0 0.03615420994 0 0.02641511453 0 0 0 0 0 0 0 0 0 0 0 0 0 0 0 0 0 0 0.04951951369 0 0 0 0 0 0 0 0 0 0 0 0 0 0 0 0 0 0 0 0 0 0 0 0 0 0 0 0 0 0 0 0 0 0 0 0 0 0 0 0 0.05039964527 0 0 0 0 
0.009444087954 0 0 0 0 0 0 0 0 0 0 0 0 0 0 0.03317541156 0 0.009688282319 0 0 0 0 0 0 0 0 0 0 0 0 0.01848381308 0 0 0 0.01457992266 0 0 0 0 0.008077739806 0.01372564344 0 0 0 0 0 0.04095055869 0.06588772849 0.04015844711 0.01616957718 0 0.02439438749 0 0 0 0 0 0 0.008678252858 0 0 0.05454652283 0 0 0.05544002534 0 0 0.01578398812 0 0 0 0 0 0 0 0 0 0 0 0 0 0 0 0.05695292558 0.01482095576 0.01828294247 0 0 0 0 0.03210881268 0.04144619058 0.009448903756 0 0 0 0 0 0 0 0 0.05451011699 0 0 0 0 0 0 0 0 0 0 0 0 0 0 0.04148141139 0 0 0.04079487694 0 0.02608847854 0 0 0 0.02422223 0 0 0 0 0 0 0.05694984764 0 0 0 0 0 0 0.05283036332 0 0.02466260057 0 0 0 0 0 0 0 0.003853128831 0 0 0 0 0.01402848576 0.009063260255 0.02076150799 0 0 0 0 0 0 0 0.02857246165 0.02762114449 0 0 0 0 0 0 0 0 0 0 0 0 0 0 0 0 0 0 0 0 0 0.02912896802 0 0 0 0 0 0.04619804969 0 0 0 0.06135830811 0 0 
0 0 0 0 0 0 0.04685363532 0 0 0 0 0 0 0 0 0 0 0 0 0 0 0 0 0.005310262501 0.009422950904 0 0 0 0 0 0 0 0 0 0.06284997609 0 0 0 0.04922954375 0 0 0.006126711645 0 0 0 0 0 0.03403025629 0 0 0 0 0 0 0 0.01300048812 0 0 0 0 0 0 0 0 0 0 0 0 0 0 0.0153953488 0 0 0 0 0 0 0 0 0.009361698015 0.04028439243 0.00985287669 0 0 0 0 0 0 0.02497194144 0.00847635651 0 0 0 0 0.02767062796 0.02442765246 0 0 0 0 0 0 0 0 0 0 0.01600050651 0 0 0 0 0 0 0 0 0 0 0 0 0 0.04966289794 0 0 0 0 0 0 0 0 0.1043468396 0 0 0 0 0.04734490194 0 0 0 0 0 0.03238793641 0.0409163023 0 0 0 0 0 0 0 0.03160485527 0 0 0 0.0363129735 0.009169087517 0 0 0 0 0 0 0 0.009772801282 0 0 0.01582489677 0 0 0 0.03375757993 0 0 0.02494210044 0 0 0.005063203134 0 0 0.01914455807 0 0.05944540851 0.009537621152 0 0 0.04916094039 0 0 0 0 0 0 0 0.04728090131 0.04410220542 0 0 0 0 0 0.03243984534 
0 0 0 0 0.01523854859 0 0 0 0 0 0 0.008714216759 0.01010668715 0 0 0 0.009808561187 0 0 0.009484318562 0.01626337585 0 0 0 0 0 0 0 0 0 0.01871526898 0 0 0 0.02526328201 0 0 0 0 0.005093496013 0.01688280944 0 0 0 0 0.01399759678 0 0 0 0 0 0 0.002856464346 0 0 0 0 0 0 0 0 0 0 0 0 0 0 0 0 0 0 0 0 0.01587468314 0 0.0008090762454 0 0 0 0 0.05080310863 0.01947487808 0 0 0 0 0 0.0101662069 0 0 0 0 0 0 0 0 0.06030837125 0 0.04339580991 0.01206068374 0 0 0.01590899005 0 0 0 0 0 0 0 0 0.01084540127 0 0 0.03440287898 0 0.008122775556 0 0 0 0 0 0 0 0 0 0 0 0 0 0 0 0 0 0 0 0 0 0 0 0 0 0 0.04119415867 0 0.0193375431 0.03410377422 0 0 0 0 0 0 0 0 0.01424764409 0 0 0.04151351022 0 0.0484622444 0 0 0 0 0 0 0 0 0 0 0 0 0 0.02188077841 0 0 0 0 0 0 0.03836311186 0 0 0 0 0.03144390324 0 0 0 0.06900047925 0.03917033367 0 0 0 0 0 0 0.0148546882 0.02844272035 
0 0 0 0 0 0 0 0 0 0.008042482832 0 0 0 0.01748751249 0 0.01095767522 0 0 0 0 0 0 0 0 0 0 0.04389389304 0 0 0 0.02350078957 0.03175135586 0 0 0 0 0 0 0 0 0 0.09406376985 0 0.02481797879 0 0 0 0 0 0 0 0.01544046056 0 0.02829305249 0 0 0.02457496294 0 0.009098260325 0 0 0 0.004285519649 0 0 0 0 0 0 0 0 0 0 0 0 0.008373219587 0 0.01230091713 0 0 0 0 0.007231642916 0 0.01592478414 0 0 0 0.01905459414 0 0 0 0.0484852509 0 0.0231153459 0.05925376837 0 0 0 0 0 0 0 0 0 0.01979306128 0 0.03471686565 0 0 0 0.01648126782 0 0 0 0 0 0 0 0.03739300489 0 0 0.03905613544 0 0 0.04965272076 0 0 0 0 0 0 0 0 0 0.1089993308 0 0 0 0 0.005053959677 0 0.05548919789 0 0 0 0 0.02984635774 0.01755942228 0 0 0 0.01897909298 0 0 0.05997640179 0 0 0 0.05938664033 0 0 0 0 0 0 0 0 0 0 0.04949498975 0 0 0 0 0 0 0 0 0 0 0 0 0.004667791523 0 0.03124906766 0.03833030554 0 0 0.02905902805 0 0 0 0 0 0.03294970981 0.02037528154 0.1527708482 0 0.03554329265 
0.01344900078 0.01989242283 0 0 0 0 0 0 0 0 0 0.0291047911 0 0 0 0 0 0.04960429006 0 0 0 0 0.0392964913 0.007175114955 0 0 0 0 0 0 0 0 0 0 0 0 0 0.03850069352 0 0.03298406219 0.02511500368 0 0 0 0.01424908101 0 0 0 0 0 0 0 0 0 0 0 0 0 0 0.05718644989 0 0.03412388123 0 0 0 0 0 0 0 0 0 0 0 0 0 0.01015566754 0 0 0 0 0.01295334332 0.007844483627 0 0 0 0 0 0 0 0 0 0.04740751187 0 0 0 0 0 0 0 0 0.03788124967 0 0 0 0.007569986216 0 0 0 0 0 0 0 0 0 0 0 0 0 0 0 0.02895653353 0 0 0 0 0 0 0 0 0 0 0 0 0 0 0 0 0 0 0 0 0 0.02793535976 0 0 0 0 0 0.02224835304 0.02645421191 0 0 0 0 0 0 0.05426712865 0 0 0 0 0 0.008597286452 0 0 0 0.01172101174 0 0 0.01343602838 0.03901086424 0 0 0 0 0.04050396331 0.02174716107 0 0 0 0 0 0 0.01238226608 0 0.01888691394 0 0 0 0 0 0 0.0657405855 0 0 0 0 0 0.02292535449 0 
0 0 0 0 0 0 0 0.01620837387 0 0 0 0 0 0 0 0 0 0.02850127631 0 0.007358074942 0 0 0 0 0 0 0 0 0 0.03333291798 0 0 0.05747619053 0 0 0 0.03550273699 0 0 0 0.007263443456 0 0 0 0.001999925147 0 0 0.03615738951 0.04208438884 0 0 0 0.03795008519 0.007299385304 0 0 0.008056786626 0 0 0 0 0 0 0 0 0 0 0 0 0 0 0 0 0 0 0.01795533523 0 0.01107412784 0 0 0 0 0 0.02240918495 0 0 0 0 0 0 0 0 0.02356092187 0 0 0 0 0 0 0.04211749626 0.008014129126 0 0 0 0 0 0 0 0 0 0 0 0.03764298194 0 0 0 0 0 0.0312697788 0.03402655285 0 0 0 0 0.06213663793 0.009834468778 0 0 0 0 0 0.02574885272 0.02820609724 0 0 0 0 0 0 0 0.04882585138 0 0 0 0.0161116208 0 0 0 0 0 0 0 0 0 0 0 0 0 0 0.03682031355 0 0.02972886227 0 0 0 0 0.01006939441 0.02115585221 0 0 0 0 0 0 0 0 0 0.04295342395 0.03613279204 0 0 0 0 0 0.01817739334 0 0 0 0 0 0 0 0 0 0 0 0 0.05073647794 0 0 
0 0 0.1587591035 0 0 0 0 0 0 0 0 0 0 0.01538056999 0 0 0 0 0 0 0 0 0 0.01904355686 0.02061608738 0 0.02083408036 0 0.01511441696 0 0 0 0.0007820736884 0 0.003826923212 0 0.02990798135 0 0 0.01631902313 0 0 0 0 0 0 0 0 0 0 0 0.03565881874 0 0.02941315625 0 0 0 0 0.02992323355 0 0 0 0 0 0 0 0 0.02008245627 0.03044762825 0 0 0 0.03006576765 0 0 0 0 0 0 0.03250957711 0 0.02703022032 0.04017173519 0 0 0 0.007480909708 0 0 0 0 0.01534532881 0 0.03693908723 0 0 0 0 0 0 0 0.01427610299 0 0 0 0.04838858256 0 0 0 0 0 0 0 0 0 0 0 0 0 0.01969533272 0 0 0 0 0 0 0 0 0.01139540046 0.02605594915 0 0 0 0 0 0 0 0 0.02223804358 0 0 0 0 0 0.03457631777 0 0 0 0 0 0 0 0 0.0171039112 0 0 0 0.04082284875 0.01557597512 0 0 0.0004001158666 0 0.05189208781 0 0 0 0 0 0 0 0 0 0 0.04843687561 0 0 0.01950753999 0 0 0 0 0.01836748867 0 0 0 0 0 0 0 0.02598423681 0 0 0.02515286668 0 0.02102478493 0 0.05504210208 0 0 
0 0 0 0 0 0 0 0 0 0 0 0 0 0 0 0 0 0 0 0 0 0 0 0 0 0.009739397671 0.008137797242 0 0 0 0 0 0 0 0 0 0 0 0.01484888311 0 0.009304227517 0 0 0.01169223076 0 0 0.01293922393 0.04688854419 0.02211415835 0 0 0 0 0 0 0.06405140505 0 0 0 0 0.02578484616 0 0 0 0 0 0 0 0.01128606224 0.03117355333 0.01629763621 0 0 0.04275464601 0 0 0 0 0 0 0 0 0 0 0 0 0.008291334795 0 0 0 0 0 0 0.0669290789 0 0 0 0 0.008337558342 0 0 0 0 0.03154330628 0 0 0 0 0.017015214 0 0 0 0.03473313841 0 0 0 0 0 0 0.01013653952 0.01703049413 0 0 0 0 0 0 0 0 0.01727691937 0 0.08270800347 0 0.01084431321 0 0 0 0.02692622893 0.007064723513 0 0 0 0 0 0 0 0 0.006929832184 0 0.01730520343 0 0 0.05243538736 0 0 0 0 0.03031885215 0 0 0 0.02827402859 0 0 0 0 0 0 0 0 0 0 0 0 0 0 0 0 0 0 0 0 0 0 0 0 0 0 0 0 0 0 0 0 0 0 0 0 0.004557187544 0 
0 0.02307958672 0 0 0 0 0 0 0 0.02189933071 0.0163855662 0 0 0 0 0.006029008845 0 0 0.008929371672 0 0 0.01283486692 0 0 0 0 0 0 0 0 0 0 0 0 0 0 0 0 0 0 0 0 0 0 0 0 0.01429955092 0 0.01357997747 0 0 0.02013494708 0 0 0.1063854859 0 0 0 0 0 0 0 0 0 0 0 0 0 0 0 0 0 0 0 0 0.03308186565 0 0 0 0 0.02091441107 0.009779269989 0 0 0 0 0 0 0 0 0 0 0.04903737109 0 0.001045013708 0 0 0 0 0.008624693678 0 0 0.03484503684 0 0 0 0 0.04260740358 0 0 0 0 0 0 0 0 0 0 0.02312495207 0 0 0.0477907374 0 0 0 0 0 0 0 0 0 0.02552389358 0 0.01218753936 0 0 0.004005780283 0.02324875941 0 0 0 0 0 0 0 0.05615058335 0 0.0534496106 0.04977365074 0 0 0 0 0 0 0 0 0 0 0 0 0 0 0.04901470379 0 0 0.03010365515 0 0.02991641418 0 0 0 0 0 0 0 0 0 0 0 0 0 0 0 0.01376060134 0 0 0 0 0 0.02203876967 0 0 0.01727227014 0 0 0 0 0 0 
0 0 0 0 0 0 0 0 0 0.01525161981 0 0.01108531162 0 0 0 0 0 0 0 0 0 0 0 0 0.01792542996 0 0 0 0 0.03308304515 0 0 0 0 0.001879571245 0 0 0 0 0 0 0.009089099435 0.04545563406 0 0 0 0 0 0 0 0.0120202582 0 0 0 0 0.003198715902 0.02319916505 0 0 0.03760277102 0 0.02486814433 0 0 0 0 0 0 0 0 0 0 0 0 0 0 0.01220635768 0.05368849954 0 0 0 0 0 0 0.008589036961 0.03014563941 0 0 0.04967155774 0 0.01109747565 0 0 0.01018973781 0 0.01262453742 0 0 0 0 0 0 0 0 0 0 0.04181468333 0 0 0.03553989826 0 0.01814070132 0 0 0 0 0 0 0 0 0 0 0 0 0 0 0 0 0 0 0 0 0.03047193609 0 0 0 0 0.03399704587 0 0 0 0 0.03109109919 0 0 0 0 0 0 0 0 0 0 0 0 0 0 0 0 0 0 0 0 0 0 0.05330743624 0 0 0 0 0 0 0 0.02267522077 0.03057822634 0 0 0.04279142471 0 0 0 0 0.02222767526 0 0 0.01211210468 0 0 0 0 0 0 0.02845512278 0 0 0 0 0 0 0 
0 0 0.03152644327 0 0 0.006808021759 0 0 0.02616334103 0 0 0 0.004194116962 0 0 0.05919158907 0 0 0.01980185046 0 0 0 0 0 0 0 0 0.01259798713 0 0 0 0.01612279213 0 0 0.006822353704 0 0.02520942684 0 0 0 0 0 0 0.04958054485 0 0 0 0 0 0.02644249488 0 0 0.01953702425 0 0 0 0.02842023632 0 0 0 0 0.009738034487 0 0 0 0 0 0 0 0 0 0 0 0 0 0 0 0 0 0 0.05022013772 0 0 0 0.01700076348 0 0 0 0 0 0 0 0 0 0 0 0 0 0.01432166214 0 0 0.02452299778 0 0 0 0 0 0 0 0 0 0.01411310759 0 0 0.02642615113 0 0 0 0 0 0 0 0 0 0 0 0 0 0 0 0.01175884507 0 0 0.0419448176 0 0 0 0 0.04688974653 0 0 0.009606494609 0 0 0 0.03086892481 0.0555839309 0 0 0 0 0 0 0.0337299943 0.04909722252 0 0.02195120411 0 0 0 0 0 0 0 0 0.01191776248 0 0 0 0 0 0.07286290943 0 0 0.04633827491 0 0 0.01359570777 0 0 0 0.03369403775 0.0418960367 0 0 0 0 0 0 0.04340669483 0.02619588174 0 0 0 0.02131940376 0 0 0 0 0 
0.01112793654 0 0 0.02942658657 0 0 0 0 0.008400825944 0 0.02192800716 0 0 0 0.01725671093 0 0 0 0 0 0 0 0 0 0.01491595536 0 0 0.02846757549 0 0 0 0 0 0.02489661809 0 0 0.04143019509 0.05662084972 0 0 0 0 0 0 0 0 0 0 0 0 0 0 0.008849146368 0.01702701548 0 0 0 0 0 0 0 0 0 0 0.004981250554 0 0.0391204101 0 0 0 0 0 0 0 0 0 0.005573301051 0 0 0 0 0 0 0 0 0 0.04288553575 0 0.008952351485 0 0.01226544486 0 0.03154517956 0 0 0 0 0 0 0 0 0 0 0 0 0.05159184913 0 0 0 0 0 0.04863093811 0 0 0 0 0.02755035109 0.0431229583 0 0 0 0.03476369908 0 0 0 0.03349028724 0 0 0 0 0 0 0 0 0 0 0 0 0 0 0 0.01064860397 0 0 0 0 0 0.02278482446 0.04133634719 0 0.02448939858 0 0 0 0.06305558649 0 0 0 0 0.03133813057 0 0.01580510964 0 0 0 0 0 0.03123681609 0 0 0 0 0 0 0 0 0 0 0.0204987291 0.02485184851 0 0 0 0 0 0 0 0 0 0 0 0.0379770923 0 0 0 0 0 0 0.05637411076 0 
0 0 0 0 0 0 0 0 0 0 0 0 0 0 0.03772237336 0.0308262205 0 0 0 0 0 0 0.04754047992 0 0 0 0 0 0 0 0 0 0.05684450684 0 0.02243552151 0 0 0 0 0.04371757585 0 0 0 0 0.006383908175 0.01935110407 0 0 0 0 0 0.02264453439 0.00292757979 0 0 0.006278026143 0 0 0 0.01558933304 0 0 0 0 0.03352575104 0.02304687517 0 0 0 0 0 0 0 0 0 0 0.01181520483 0 0 0 0 0 0 0 0 0 0 0 0 0 0 0 0 0 0 0 0.008508099604 0 0 0 0 0.03255491192 0 0 0 0 0 0 0 0 0 0 0 0 0 0 0 0.009114126973 0 0.03887571258 0 0 0 0 0 0 0 0 0 0 0.03548254211 0 0 0 0 0 0 0 0.004610164185 0 0 0.0508326722 0 0 0.01782520661 0.04948123349 0 0.04248734095 0.05496496739 0 0 0 0.02613893713 0 0 0 0 0 0 0 0 0 0 0 0 0.02662190449 0 0 0 0 0 0 0 0 0 0 0.01821979407 0 0 0 0 0 0 0 0 0 0 0 0.009880016968 0 0 0.05219196801 0 0 0.01669877789 0 0.04111150636 0 0 0.01775905 
0 0 0 0 0 0 0 0 0 0 0 0 0.007949161222 0 0.01929633281 0.02531484325 0 0 0 0 0 0.02572071284 0 0 0 0 0 0.05384795685 0 0 0.0423919258 0 0 0 0 0 0.0645964957 0 0 0 0 0 0.00846210488 0 0 0 0 0 0 0 0.009323494044 0 0 0 0 0 0 0 0.02338467934 0 0 0 0 0 0.0004481023205 0.01807428944 0 0 0 0 0 0 0 0 0 0 0.02657568202 0.08833891784 0 0 0 0 0 0.02461463815 0 0 0 0 0 0.01522136215 0 0 0 0 0 0 0 0 0 0 0 0 0.008725188584 0.03612570087 0.01113164413 0 0.01852232532 0 0 0 0 0.03519703856 0 0 0.03161883605 0 0 0 0 0 0 0 0 0 0 0 0 0.05467443608 0 0.01819439529 0 0 0 0 0 0 0 0.04355294611 0.04545969461 0 0 0 0.1438711113 0 0 0 0 0 0 0 0 0 0.06426787037 0 0 0 0.03233415943 0 0 0 0 0.05196759573 0 0 0 0 0 0 0 0 0 0 0 0.03550781284 0 0 0 0 0.03854435079 0 0 0 0.04065001956 0 0 0 0.03404779102 0 0.02633665406 0.04310782517 0 0.01949527608 0 0 0 0 0 0 0 0 
0 0 0.05181729593 0.0166859726 0.008692735855 0 0 0 0 0 0 0 0 0 0 0 0 0 0 0.01646523789 0 0 0.03700842604 0 0 0 0 0 0 0 0.04173900663 0.02234816666 0 0 0 0.02802351225 0 0 0 0 0 0 0 0.01866848965 0 0 0 0 0.04230533871 0 0 0 0.02026704053 0 0 0 0.08848316032 0 0 0 0 0 0.01950788738 0 0 0 0 0 0 0 0.03425557129 0 0 0 0 0.006656995348 0 0.02970524037 0 0.007437338648 0 0 0 0 0 0.01649725285 0.005558997676 0 0 0 0 0.04786245747 0 0.04750916453 0 0 0 0 0 0 0 0 0 0 0 0 0 0 0.002423380832 0 0 0 0 0 0.01720951252 0.01029341959 0 0 0 0 0 0 0 0 0 0 0 0 0 0 0.01923664908 0 0.01243087188 0.02263625895 0 0 0 0 0 0 0 0 0 0 0.02718608523 0 0 0 0 0 0 0 0 0.01097008698 0.01558075275 0 0 0 0 0 0 0 0 0 0 0 0 0 0 0 0 0 0 0 0 0.03683369262 0 0 0.05327488047 0 0 0.03431386851 0 0 0 0 0 0 0 0 0 0 0 0 0 0 0.02188688225 0 0 0 
0.02387054801 0.004111908442 0 0 0 0 0 0 0 0.03068756018 0 0 0 0 0 0 0 0 0.006437687279 0 0 0 0.04448242899 0 0 0 0 0.02586439334 0.02620073338 0 0 0 0 0 0.02234553712 0 0 0 0 0.01794908172 0 0.01860874717 0 0.01560914802 0.04147789024 0 0 0 0 0 0 0 0 0 0 0.02371581282 0 0 0 0 0 0.01704480711 0 0.0173789668 0.02147188687 0 0 0 0 0 0 0 0.06130713436 0 0 0 0 0 0 0 0 0 0 0.008331513754 0 0 0 0 0 0 0 0 0 0.007262582304 0 0 0 0 0 0 0 0 0 0 0 0 0 0 0.02642591876 0 0 0 0 0.03757815527 0 0 0 0 0.02009085621 0 0 0 0 0 0 0 0 0 0 0.02089208881 0 0 0 0 0 0 0 0 0 0 0 0 0 0 0 0 0 0 0 0.01976499217 0 0.02425499131 0 0 0.05053485359 0 0.01505182814 0 0 0 0 0 0 0.009469813184 0 0.0313278304 0 0 0.03514935007 0 0 0 0 0.01246221911 0 0 0 0 0 0 0 0 0 0 0.02510949151 0.02652225395 0 0 0 0 0 0 0 0 0 0 0 0 0.01845896523 0 
0 0 0 0 0 0 0 0 0 0 0 0 0 0 0 0 0 0 0 0 0.01572509989 0 0 0 0 0 0 0 0 0.01194769724 0 0 0 0 0 0 0 0 0 0 0 0 0 0 0 0 0 0 0.007139304619 0.01273937174 0 0 0.03759799934 0 0 0 0 0 0 0 0 0.03322354563 0 0 0 0 0 0 0 0 0 0 0 0 0.009513527752 0.05132536442 0 0 0 0 0 0 0 0 0.01702204382 0 0 0 0 0 0 0.04472192417 0.02330354251 0 0.02345850451 0 0.01767028876 0 0 0 0 0.01827293341 0 0 0 0 0 0 0 0.01429820229 0 0 0 0 0 0 0 0 0 0 0.03023808336 0 0.01139089577 0 0 0 0 0 0 0 0 0.01081533137 0 0 0.01633924881 0 0 0.01339392639 0 0 0 0 0.01534753262 0 0.01085813771 0 0 0 0.05700686671 0.05690901675 0 0.009085155407 0 0 0 0 0 0 0 0 0 0 0.02566615305 0.04879633675 0 0 0.05301040641 0 0 0 0 0 0.04252320374 0 0 0 0 0 0 0 0 0.05901362489 0 0 0 0 0 0.04405154633 0 0 0 0.0301944433 0 0 0.02684779909 0 0 0 0.0310592835 0.0415955608 
0 0 0 0 0 0 0 0 0 0 0.02560853415 0 0 0 0 0 0 0.028707114 0 0 0.03349090567 0 0 0 0 0 0 0 0 0.01809342854 0.04441890745 0.03324408625 0 0 0 0.01352925914 0 0 0 0 0 0 0 0 0 0 0 0 0 0.04395565869 0 0.01179686411 0 0 0 0 0 0 0 0 0 0.07784398768 0 0 0 0 0 0 0 0 0 0.01012574806 0.01627895335 0 0 0 0 0 0 0 0 0.05946545691 0 0 0.04956288856 0 0 0.02884164443 0 0.01260790325 0.09457231076 0 0 0 0 0 0 0 0 0 0 0.0116682242 0 0 0 0 0 0 0 0 0 0 0 0 0 0 0 0 0.01705635435 0 0 0 0 0 0 0.04948434687 0 0 0 0 0.04978112184 0.04179562785 0 0 0 0 0 0 0 0 0.03109422014 0.01661704958 0 0 0 0 0 0 0 0.0175124655 0 0 0 0 0 0 0 0 0.02098669933 0 0 0 0 0 0 0 0 0 0 0 0 0.04303941721 0 0 0 0 0 0.01497816841 0 0 0 0 0 0.01122268341 0 0 0 0 0.01580424244 0 0 0 0 0.02309842978 0.03048834953 0 0 0 0.0183327663 0 
0 0 0 0.01265518194 0 0.02219422366 0 0.01548072771 0.01242283002 0 0 0 0 0.02089958998 0 0 0 0 0 0 0 0 0 0.04784068736 0 0 0 0 0 0 0.01821804785 0 0 0 0 0.05961273052 0 0 0 0 0 0 0.02890223691 0 0 0 0 0 0 0 0 0 0 0 0 0 0.01788164283 0 0.04238415272 0 0 0 0 0.00833047275 0 0 0 0 0 0 0 0 0 0 0 0 0 0 0.0100817774 0 0.01209857758 0 0 0 0 0 0 0 0 0 0 0 0 0 0 0 0 0 0 0.04624330211 0.008527986873 0 0 0 0 0 0.01897665716 0 0 0 0 0 0 0 0 0 0 0 0 0 0 0 0 0.01070112429 0 0.01865394692 0 0 0 0.09295318851 0.0009095441143 0.01798633094 0 0 0 0 0 0 0.04805568131 0 0 0 0 0 0.01208965566 0 0 0 0 0 0 0.01928809458 0 0 0 0.01882045906 0 0.01129471229 0 0.02751522856 0.02787983584 0 0 0 0.05064572245 0.01498545281 0 0 0 0 0 0 0 0 0 0 0.03327800784 0.03053458122 0 0 0 0.02143049861 0 0 0 0 0 0.02187548257 0 0 0 0 0 0 0.007103351186 0 0.05385769966 0 0 0 
0 0 0 0 0 0 0 0 0 0.008412872222 0 0 0 0 0 0 0.01254966582 0 0 0 0 0 0 0 0 0 0 0 0 0.007193796726 0 0 0 0 0.006995149449 0 0 0 0 0.05706673206 0 0 0 0 0 0 0 0 0 0 0 0 0.02580709804 0 0 0 0 0 0.01041148515 0.008617797595 0 0 0 0 0 0 0 0 0 0 0 0 0.007505267311 0 0.01524692545 0 0 0 0.02699082391 0 0 0 0.0253626576 0 0.05191064528 0 0.008052649922 0 0 0 0 0.009719807776 0 0 0 0 0.05177728015 0 0 0 0 0 0 0.02268953949 0 0 0 0 0 0 0 0 0.03189238302 0 0 0 0 0 0 0.01902381872 0 0 0.05139728732 0 0 0 0 0 0.03195252316 0 0 0 0 0 0 0 0 0 0 0 0 0 0.00571238446 0.03842992911 0.04662127004 0 0 0.01481139835 0 0.005311594754 0 0 0.03738771397 0 0 0 0 0 0 0 0 0 0 0 0 0 0 0 0 0 0 0 0 0 0.02441070633 0 0 0 0 0 0 0 0 0 0 0 0 0 0 0 0 0 0 0 0 0 0 0 0 0 
0 0 0 0 0.01041089762 0 0 0 0.05354963845 0 0 0 0 0 0 0 0 0 0 0 0.005012568733 0 0 0 0 0.009621903109 0.009608748434 0 0.01026780701 0 0 0 0 0 0 0 0 0 0 0 0 0 0 0 0.0134903258 0.03109343274 0 0 0 0 0 0.04867854313 0 0 0 0 0 0 0 0 0 0.05055387271 0 0 0 0 0 0.03029538227 0 0.02981434504 0 0 0 0 0 0 0 0.009977901076 0 0 0 0 0.01280803545 0 0 0 0 0.05780631215 0 0.03086766886 0 0 0 0 0 0 0 0 0 0.008749960879 0 0 0 0 0 0 0 0 0 0.005684421996 0 0 0 0 0 0 0.04628795982 0.03369742133 0 0 0 0 0 0.06054572069 0 0 0.01180885532 0 0 0 0 0 0 0.02966512743 0 0.01041610975 0 0 0 0 0 0 0 0.01454727622 0 0 0.01513309281 0 0 0 0 0 0.02126203281 0 0 0.02900850236 0.01643173391 0 0 0 0 0 0 0 0 0 0 0 0.01698876982 0 0 0 0 0 0 0 0.03525627158 0 0 0 0 0 0 0 0 0.04467570783 0 0 0 0.01160351761 0 0 0 0 0.03064709838 0 0 0 0 0 
0.04599052578 0 0 0 0 0 0 0 0 0 0 0.008705327156 0 0.05275643939 0 0.006859043693 0 0 0.01774802589 0 0 0.02383097362 0.04256349851 0 0 0 0 0.01059222885 0 0.01085557391 0 0 0 0 0 0.01302404347 0 0 0.01906607411 0 0 0 0 0 0 0 0 0 0 0 0 0 0 0 0 0 0 0 0.02783942131 0 0.0576055882 0 0 0 0 0 0 0 0 0 0.01373580732 0 0 0 0.01176352493 0 0 0 0.02641987038 0 0 0 0 0 0 0 0 0 0.04735917003 0 0 0 0 0 0 0 0 0 0 0 0 0 0 0 0 0.03774744405 0 0.01088185133 0 0 0 0 0 0 0 0 0 0 0.01635894986 0 0 0 0 0 0.05817838811 0 0.03768183778 0.038183484 0 0.03555874409 0 0 0 0 0 0 0 0 0 0 0 0.03231516019 0 0 0 0 0.0222277637 0 0 0 0 0 0 0 0 0 0 0 0 0 0 0 0 0 0 0 0 0 0 0 0.04680366934 0 0 0 0 0 0 0 0 0 0 0 0 0 0 0 0 0 0 0 0 0 0 0 0 0 0 0 0 0 
0 0.02148802384 0 0 0.047290968 0.0570159068 0.004740053297 0 0 0 0 0 0 0 0 0.008709139325 0 0.01414375398 0 0.006744758994 0 0 0.03486559649 0.01366514369 0 0 0.01494039271 0 0 0.0239110898 0 0 0 0 0 0 0 0 0 0 0 0 0 0 0 0 0 0 0 0 0 0 0 0 0 0 0.02707403943 0 0 0 0 0 0 0 0 0 0 0 0 0.03198838489 0 0 0 0 0 0 0 0.01086121262 0 0.0175233927 0 0 0 0 0 0 0 0 0 0 0 0 0 0 0 0.005557106265 0 0 0 0.05006694422 0 0 0 0 0 0 0 0 0 0 0 0.02163503966 0 0 0.01594823825 0 0.01404661574 0 0 0.0183122161 0.0486145657 0 0 0.01099225337 0.0195079012 0 0 0 0 0 0.01759424156 0.03785697577 0 0 0 0 0 0 0 0 0.01144115436 0 0 0 0 0 0 0 0 0 0 0 0.02761266948 0 0 0 0.004310764491 0 0 0 0 0 0 0 0.03100715044 0 0 0 0 0 0 0.01135183129 0 0 0 0.01064719645 0.04029497 0 0 0 0.002191472945 0.01863638833 0 0 0 0 0.04168559339 0 0 0 0 0 0 0 0 0 0.02605730337 0.01881322571 0 0 
0.01221955687 0 0.04865292816 0 0 0 0 0 0 0 0 0 0 0 0 0.009342000387 0 0 0 0 0.008831869395 0 0 0 0 0 0 0 0 0 0 0 0 0 0 0.03948051629 0 0 0 0.01083433946 0 0 0 0.04996319468 0 0 0 0 0 0.03523232863 0 0.01159308673 0 0.05476571486 0 0.05276218996 0 0 0 0 0 0 0 0 0 0.01393561026 0.01183013454 0 0 0.03726056025 0 0 0 0 0 0 0 0 0.01642044422 0.02732808881 0 0 0 0 0.008655918466 0 0 0 0 0 0 0 0 0 0 0 0 0 0 0 0 0 0 0 0.03658609286 0.03386626385 0 0 0 0.04345609523 0 0.04503503432 0.06131196674 0 0 0 0 0 0 0 0 0 0 0 0.01265042413 0 0 0 0 0 0 0 0 0 0.04562245686 0 0 0 0 0 0 0 0 0 0 0.01105631101 0.01527756262 0 0 0 0 0 0 0 0 0 0 0.01624272849 0 0 0 0 0.01215497426 0 0.02249352629 0 0 0 0 0 0 0 0 0 0 0.04384023736 0.02713093996 0.04597804563 0 0 0.01436793503 0 0.02644327108 0 0.03180159989 0 0 0 0 0 0 0 0 0 0 0 0 0 0 0 
0 0 0 0 0 0 0 0.01274122192 0 0 0.009510893196 0 0.01136462109 0 0.04633883531 0 0 0 0.02387073714 0 0 0 0 0 0 0 0 0.07809466634 0 0 0 0 0 0 0 0 0 0.04001993921 0 0 0 0 0.03700720183 0 0 0 0 0 0 0 0 0 0 0 0 0 0 0.01507648047 0 0 0 0.01513876586 0 0 0 0 0 0.006818706557 0 0 0 0 0.02234502093 0 0.04504138233 0 0.01534871521 0.05614010374 0 0 0 0.05438695613 0 0 0 0 0 0.03878799401 0 0 0 0 0 0 0 0 0.03156261385 0 0 0 0 0.03118041291 0 0 0 0 0 0 0.0437905287 0 0 0 0.02622578127 0 0 0 0 0 0.01742969032 0 0 0 0 0.009271259837 0 0 0 0.03043879562 0 0 0.0147574795 0 0 0 0 0 0 0 0 0 0 0 0 0 0 0 0 0 0 0 0 0 0 0 0 0 0.009604927231 0 0.01978763166 0 0 0 0.02887878032 0 0 0 0 0 0 0.01134260539 0 0.03319169069 0.009405819777 0.04368337392 0 0 0 0.0556728536 0 0.03859473996 0 0 0 0 0 0 0.01536604179 0 0 0 0 0 0 0 0 0 0.02825084089 0 0 0 
0 0.01618577365 0 0 0 0 0 0.007354674681 0 0 0 0 0.03367413401 0 0.0321412931 0 0 0 0.0119090645 0 0 0 0 0.07560439507 0 0 0 0 0 0 0 0 0 0 0 0.01425782189 0 0 0 0 0 0.001718858907 0 0 0.01041593516 0 0 0 0 0 0 0 0 0 0 0 0 0 0 0 0 0 0 0 0 0 0 0 0.01070887913 0.0437364322 0.02995693196 0 0 0 0 0.055773417 0.05094320919 0 0 0.02031457194 0 0 0 0 0 0 0.02183882669 0 0 0 0 0 0 0 0 0 0 0 0 0.04942033793 0 0 0 0 0 0 0 0 0 0 0.05349080698 0 0.02148570033 0 0 0 0 0 0 0 0 0 0 0 0 0 0 0 0 0 0 0 0 0 0 0 0 0 0 0 0 0 0.00822686992 0 0 0 0 0 0 0 0.01797090036 0 0 0 0 0 0 0.05229336224 0.02870125406 0 0 0.04395283709 0 0.05946797808 0 0 0 0 0 0 0 0.009245841823 0 0 0 0 0 0 0 0.02443830778 0 0.02270473655 0 0 0 0 0 0 0 0 0 0.01403326288 0 0 0 0 0 0.02982026156 0 0 
0 0 0 0.009266107371 0 0 0 0 0.01623818486 0 0 0 0 0 0.05268477044 0 0.02625721147 0 0 0 0 0.1053099677 0 0 0 0 0 0 0 0.02556284608 0.009728600058 0 0 0 0 0 0 0 0 0 0 0 0 0 0 0 0.06803806033 0 0 0 0 0 0.02459296146 0 0 0 0 0.01332053061 0 0 0.04819118507 0.00818434579 0 0 0 0 0 0 0 0 0 0 0 0 0 0 0 0 0 0.04475515235 0 0 0 0 0 0.02708032157 0 0 0 0 0 0 0 0 0 0 0 0 0 0 0 0 0 0 0 0.01796130313 0 0.0311019779 0.02520318758 0 0 0.04670816362 0 0 0 0.03696940736 0 0 0 0 0 0 0 0 0 0 0 0.009252390969 0 0 0.04971234407 0 0 0 0 0.03521428608 0 0 0 0.02229291844 0 0 0 0.007059283142 0.0129199854 0 0 0 0 0 0.02910666732 0.04803669561 0 0 0 0 0 0 0 0 0 0 0 0 0 0 0 0 0 0 0 0 0 0 0.00975624745 0 0.05994831053 0 0 0 0 0 0 0 0 0 0 0.008002436279 0 0.01017743828 0 0 0 0 0 0 0.04431185402 0 0.01287397506 0 
0 0 0 0 0 0 0 0.02378730368 0 0 0 0 0.02110675157 0 0 0 0.01351987511 0.009136719583 0 0.01834566905 0 0 0 0 0.02213822934 0 0 0 0 0.07149333104 0.05174218528 0 0 0 0 0 0 0 0 0 0 0 0 0 0 0 0 0 0 0 0 0 0 0 0 0 0 0 0 0 0 0 0 0 0 0 0 0 0 0 0.04064526875 0 0 0 0.01163263389 0 0 0 0 0 0 0 0 0 0.04888752739 0 0 0 0 0 0 0 0 0 0 0 0 0 0 0 0 0 0 0 0 0 0 0 0 0 0.05936652047 0 0 0 0 0 0 0 0.001524411958 0 0 0 0 0 0.004905660122 0 0 0 0 0 0 0 0 0 0 0 0 0 0 0.02916918049 0 0.01348634991 0 0 0.02069294493 0.01280869443 0 0 0 0 0 0.03402968824 0 0 0 0 0 0 0 0 0 0.03614232221 0 0 0 0.04443695786 0 0 0 0 0 0 0 0 0 0 0 0 0 0 0 0 0 0 0 0.01502352379 0 0 0 0 0 0 0 0 0.01821180564 0 0 0 0 0.02419509804 
0 0 0 0 0 0 0 0 0 0 0 0 0 0 0 0 0 0 0 0 0 0.02531312993 0.02658600104 0 0 0.02116154125 0 0 0.004066972672 0.03219338956 0 0 0 0 0 0 0 0 0 0 0 0 0 0 0 0 0 0 0 0 0.01766474364 0 0 0.01083372326 0.008096734463 0 0 0 0 0.007865120234 0.01442877773 0 0 0.03572942319 0 0 0 0 0 0 0 0 0 0 0 0 0 0 0 0 0 0.02875842439 0.05271621067 0 0 0 0 0 0.01204150105 0 0 0.002652008437 0 0 0 0 0 0 0 0 0 0 0 0 0 0 0 0 0 0 0 0 0 0.02424269695 0 0 0.009259732985 0 0 0 0 0 0.02248958524 0 0.008799490741 0 0 0 0.00809637001 0 0 0 0 0 0 0 0 0 0 0 0 0 0 0 0 0 0 0 0 0 0 0 0 0 0 0 0 0.05068401029 0 0 0.05186834498 0 0 0 0 0.05364579827 0 0.0269639092 0.009327584891 0 0 0.01990862198 0.05409978491 0 0 0 0.05151701601 0 0 0 0 0 0.01042720864 0 0.02316687234 0 0 0 0 0 0 0 0 0 0 0 0 0 0 0 
0 0 0 0 0 0 0 0 0.04259541507 0 0.009491017995 0 0 0 0.04745487555 0 0.0136577938 0 0.05294989745 0 0 0 0 0 0.04032959429 0 0 0.001951162272 0 0 0 0 0.03406001219 0 0 0 0 0 0.01312803633 0 0.01270068357 0 0 0 0.01148929544 0 0 0 0 0 0 0.05797670344 0 0 0 0.03306697682 0 0 0 0.01020036202 0 0 0.00762244523 0 0 0 0 0 0.03683396662 0.01709903391 0 0 0 0.0208016312 0 0 0 0 0 0.008592102065 0 0 0 0 0.03685821695 0 0 0 0 0.005600120445 0 0 0 0 0 0 0 0.03451744152 0 0 0 0 0 0 0 0 0 0 0.01556858812 0 0 0 0 0 0 0 0.02861644084 0 0 0 0 0.0903716397 0 0 0.01117530444 0 0 0 0 0 0 0 0.03474864225 0 0 0 0 0 0 0.0178843008 0 0 0.03962012927 0 0.01179464562 0 0 0 0 0 0 0.008396709993 0 0 0 0 0 0 0 0.0004674359015 0 0 0.002722017737 0 0 0 0 0.03909069746 0 0 0 0.01323129527 0.0348245673 0.06028878274 0 0 0 0 0 0 0 0 0.0382507805 0.02199535892 0 0 0.01491895525 0 0 0 0.01247841169 0 0 0 0.01928405159 0 0 0.04731848275 0.01767209013 0 
0 0.01046585756 0 0 0 0 0 0 0 0 0 0 0 0.02217972537 0 0 0 0 0 0.02817689024 0 0 0 0 0 0.009758259305 0 0 0 0 0 0 0 0 0.02048752416 0 0.04311144584 0 0 0 0 0 0 0 0.03097760435 0 0 0 0 0 0 0.0002671652964 0.01817228622 0 0 0 0 0 0 0 0 0 0 0 0 0 0.00890395842 0 0.04676498146 0 0 0 0 0 0 0 0 0 0 0 0 0 0 0 0 0 0 0.01093878454 0.01554255806 0.06039872315 0 0 0 0 0 0 0 0 0 0 0.03543868451 0 0 0 0 0.03628054838 0 0 0 0.0108153575 0 0 0 0 0.05691134511 0 0.01745636774 0 0 0 0 0 0 0 0 0 0.01656465524 0 0 0 0 0 0 0.02270395897 0 0 0 0 0.01207926366 0 0 0 0.0122885427 0 0 0 0 0 0.008393793109 0 0 0 0 0 0 0 0 0 0 0.03724043787 0 0 0 0 0 0 0 0 0.02467587595 0 0 0.04206769857 0 0.01286198867 0 0 0 0 0 0 0 0 0 0 0 0.01824200484 0 0 0 0 0.06395129101 0 0 0.03723532602 0.05140119223 0.02498919733 0 0 0 0 
0 0 0 0 0 0 0 0 0 0 0.01215196365 2.617979611e-05 0 0 0 0 0 0 0 0 0 0.05840804384 0 0 0 0 0 0 0 0 0 0.01133412821 0 0 0 0 0 0.01019375113 0 0 0 0 0 0 0 0 0 0.009660271217 0 0 0 0 0.01108868417 0.01295373279 0 0 0 0 0 0 0 0 0.05643668049 0 0 0 0 0.05274212287 0 0 0 0 0.05570889679 0 0.1050731944 0 0 0.01709173483 0 0 0 0.04493623207 0 0.01684388415 0 0 0.00742267339 0.02461957367 0 0 0 0.01011592945 0 0.04053030546 0 0.02664732047 0 0.01843267209 0 0 0 0 0 0 0 0.1743416906 0.02690596865 0 0 0 0 0 0 0 0 0 0 0 0 0 0.08200988273 0 0 0.04034255754 0 0 0 0 0.05556781759 0.04807221394 0 0 0 0.01331208521 0 0.0455825166 0 0 0 0 0 0 0 0 0 0 0.01403029657 0 0.009727968976 0.05927755378 0 0.03701081053 0 0.007113456646 0 0 0.02403180965 0 0 0 0 0.04459693478 0 0 0 0 0 0 0 0 0 0 0.05026109611 0 0 0 0 0 0 0 0 0 0 0 0 0 0 0 0 0 0 0 0 0 0.02816333793 0 0 0 0 0 
0.008919880144 0 0 0.02710976411 0 0 0 0 0 0 0 0 0 0 0 0 0.006730081588 0 0 0 0 0 0 0 0 0 0 0 0 0 0 0 0 0 0 0 0 0 0 0 0 0 0 0 0 0 0 0 0 0 0 0 0 0 0 0 0 0 0 0 0 0 0 0 0 0 0 0 0 0.01372877108 0.03850178511 0 0 0 0 0 0 0 0 0 0 0 0 0 0 0 0 0 0 0 0 0 0 0 0 0 0 0 0 0.05123667332 0 0 0 0 0 0 0 0 0 0.009599579851 0 0 0 0 0.03314171926 0 0.02204704699 0 0 0.08613377634 0 0 0 0.009977955087 0 0.007992632478 0 0 0 0 0 0 0 0 0 0.0342866905 0.03316729259 0 0 0.02646704833 0 0 0 0.03553165899 0 0 0 0 0 0 0 0 0 0 0 0 0.02176896636 0 0 0 0.01205932272 0 0 0 0 0 0 0.01773593475 0 0 0 0 0 0 0 0 0 0 0 0 0.03393195734 0 0.05202997043 0.004324952574 0 0 0 0.01728454328 0.01109801267 0 0 0 0 0 0 0 0 0 0.01146590542 0 
0 0 0 0 0 0 0 0 0 0 0 0 0 0 0 0 0 0 0 0 0 0 0 0 0 0 0.0230973621 0 0 0 0 0 0.0212443817 0.01444088752 0 0 0 0 0 0 0 0 0.03376056619 0 0.0232454531 0.008929592219 0 0 0 0 0 0 0 0 0 0 0 0 0 0 0 0 0 0 0 0 0 0 0 0 0 0 0 0 0 0 0 0 0 0 0 0 0.03989887912 0 0 0 0 0 0.05332228882 0.02089910829 0 0 0 0 0 0 0 0.008122243309 0 0 0 0 0.02991683893 0.01358166074 0 0 0 0 0.01074653709 0 0 0.01935169085 0 0 0 0 0 0 0.01159362564 0 0 0 0 0 0 0 0 0 0.01645948399 0 0 0 0 0 0 0 0.06068758488 0 0 0 0 0 0.008970086971 0 0 0 0 0 0 0 0 0 0 0 0 0 0 0 0 0 0.01378453756 0 0 0 0 0 0 0 0.03662302135 0 0 0 0 0 0 0 0 0 0 0 0 0 0 0 0 0 0.04001497721 0 0 0 0 0 0 0 0 0 0 0.012598018 0 0 
0 0 0 0 0.01870237166 0 0 0 0 0 0 0 0 0 0.03028352275 0 0 0 0.04002029143 0.05044328895 0.04651443601 0.00335123098 0 0 0.01070216568 0 0 0 0 0 0 0 0 0.05109602759 0 0.01817315593 0 0.0643996969 0 0 0.03791926989 0 0 0 0.03799719099 0 0 0 0 0.01801177876 0 0 0 0 0 0 0 0 0 0 0 0 0 0.02951706707 0 0 0 0 0 0 0 0 0 0 0 0 0 0 0 0 0 0 0.01956618829 0 0 0 0 0 0 0.009210586735 0 0 0.04335533969 0 0 0.05094891854 0.02151595941 0 0 0 0 0 0 0 0 0 0.01693117476 0 0 0 0 0 0 0 0 0 0 0 0 0 0 0 0 0 0 0 0 0.05585077494 0 0.0459689334 0.02998263157 0 0 0 0 0 0 0 0 0 0 0 0 0 0 0 0.04036806586 0 0 0 0 0.03804597952 0 0 0 0 0 0 0 0 0 0 0 0 0 0 0 0.01154023725 0 0 0.01880542594 0 0.0473074021 0 0 0 0 0.005900918906 0 0 0 0 0 0 0.04545873592 0 0 0 0 0 0 0.01650921512 0.002740640401 0 0 0 0 0 0 0.01292804782 
0 0 0 0 0 0.02398083965 0 0.01337808561 0.0454644702 0 0 0 0 0 0 0 0 0 0 0.04481565443 0 0 0 0 0 0.05195632995 0 0.008254838592 0 0 0 0 0 0 0 0 0 0 0 0 0 0 0 0 0.03139493452 0 0 0 0 0 0 0 0 0 0.01782980108 0 0 0 0 0 0 0 0 0.009051346269 0 0 0 0 0 0 0.05275051086 0.0162277199 0 0.05025353572 0 0.003499135181 0.02949540693 0 0 0 0 0 0 0 0.02769370575 0 0 0 0 0 0 0 0 0 0 0 0 0 0 0 0 0 0.01982489221 0.02744553076 0 0 0 0 0 0 0 0 0 0 0.009508053097 0 0 0 0 0 0 0 0 0.01015757041 0 0 0 0 0 0 0 0 0.02214292882 0 0 0.03248866955 0 0 0.03124061382 0 0 0 0 0 0 0 0 0 0 0 0 0 0 0.01117170346 0 0.06027538811 0 0 0 0 0 0 0.00956071315 0 0 0 0 0 0 0.009153185193 0 0 0 0 0 0 0 0 0 0 0.05834036354 0.03897098788 0 0 0 0 0 0 0 0 0 0 0 0 0 0 0.03744450074 0.0217758026 0 0.004818403709 
0 0 0 0 0.01069634812 0 0 0.006583219853 0 0 0 0 0 0 0 0 0 0 0.02201911448 0.002871651988 0 0 0 0 0 0 0 0 0 0.008279871384 0 0 0 0 0.02343386849 0.0101265422 0.01159484577 0 0 0 0 0.04457813287 0 0 0.02056995182 0 0 0.0168764195 0 0.02580583761 0 0 0 0.08735658341 0 0 0 0 0 0 0 0 0 0 0 0 0 0 0 0 0.04415836889 0 0 0 0 0 0 0.03492367409 0 0 0 0 0 0 0 0.009608422251 0 0 0 0 0 0 0 0 0.03437211457 0 0 0 0 0 0 0 0 0 0.03371930791 0 0 0 0 0 0 0 0 0 0 0 0 0.02544789305 0 0 0 0 0.03180377177 0 0 0 0 0 0 0 0 0 0 0 0 0 0 0 0 0 0 0 0 0.008572536223 0 0 0 0.014078863 0.02724568647 0 0 0 0 0 0 0 0 0 0 0 0.01298435624 0 0 0 0 0 0 0.01325770935 0 0 0 0 0 0.07886794205 0.01775970733 0 0 0 0 0 0 0 0 0 0 0 0 0 0.04394557422 0 0 0.004991642062 0 0 0 0 0.06133120675 0.03467263643 0 0 
0.02863347118 0 0 0 0 0 0 0 0 0 0.03239993646 0 0 0 0.01841802573 0 0 0 0.005573351863 0.007331788511 0.01086741769 0 0 0.02314874218 0.02036092407 0 0 0 0 0 0 0 0 0 0 0 0 0 0.01871274908 0 0 0 0.01342866991 0 0.009371277801 0 0 0 0 0 0 0 0 0.02812433129 0 0 0 0 0 0 0 0 0.0230047503 0 0 0 0 0 0 0.03818194743 0 0 0.04029231289 0 0 0 0 0 0 0.02567704089 0 0 0 0 0 0 0 0.05422956399 0 0.02208734942 0 0 0 0.04161083149 0 0 0 0 0 0 0 0 0 0 0 0 0 0.05191608661 0 0.01933254092 0 0 0.0488173896 0 0 0 0 0 0 0 0 0 0 0 0.004493156804 0.02160591341 0 0 0.04538203834 0.04954670529 0.008681899327 0 0 0 0 0 0 0 0 0 0 0 0 0.03743741517 0 0 0 0 0.01431793605 0 0 0 0 0.01077530386 0 0.02140175887 0 0 0 0 0 0 0 0 0 0 0 0.05226743142 0.01627555041 0 0 0 0 0.02218013982 0 0 0 0 0 0 0.03444333354 0 0 0 0 0 0 0 0 0 0 0 0 0.02771567493 0 0 0.01235698448 0 0 0 
0 0 0 0 0 0 0.01176491613 0 0 0 0 0 0 0 0.006142043598 0 0.006107117893 0 0 0.01662874093 0 0 0 0 0.02683102808 0 0 0 0 0 0 0 0.03847597369 0 0 0 0 0 0 0 0 0 0 0 0 0.007515872138 0 0.03184542014 0 0.008219508628 0 0.048754606 0 0 0 0 0.01143475135 0 0 0 0 0 0 0.03264150198 0 0 0 0 0 0 0 0 0 0 0 0 0.007188352947 0 0.01010918118 0 0 0 0 0.007247287678 0 0 0 0.02148410914 0 0.01789721229 0 0 0 0 0 0 0 0 0 0 0 0 0 0 0 0 0 0 0 0 0 0 0 0 0 0 0 0 0 0 0 0 0 0 0 0 0.04747542703 0 0 0 0 0 0 0 0 0 0 0 0 0 0 0 0 0 0 0 0.01442456047 0.009938790252 0.009664727541 0 0 0 0 0 0 0.02194331774 0 0 0 0 0 0 0.01185232032 0 0 0 0.03441239045 0 0 0 0 0.05134140632 0 0 0 0.01825748485 0 0 0 0 0 0 0.03159221909 0 0 0 0 0 0 0 0 0 0 0 0 0 0 0 0 0 
0.01879912744 0 0 0 0 0 0 0 0 0 0 0 0 0 0 0 0 0 0 0 0.09537865447 0 0.0361851962 0 0 0.009974717434 0 0 0 0 0 0 0 0 0 0.01650121855 0 0.01253881335 0 0 0.02885171048 0.007109726542 0 0 0 0 0 0 0 0 0 0 0.007026430807 0 0.01334167865 0 0.0300318779 0 0.01538512482 0.01989910218 0 0 0 0 0 0 0 0 0 0.01666430271 0.007307358266 0 0 0 0 0 0 0 0.03682739539 0 0 0.08049505176 0 0 0 0.05377498978 0 0.07235523358 0 0 0 0.01632540978 0 0 0 0 0.04320284285 0 0 0 0 0 0 0 0 0 0 0 0 0 0.01069160931 0 0 0 0 0.05523101218 0 0.04209950138 0 0 0 0 0 0 0 0 0 0 0 0 0 0.03095079345 0 0 0.02523125795 0 0 0 0.04823151828 0.03809913382 0 0 0.03991520498 0 0.02390903904 0 0 0 0 0 0 0 0.02855236301 0 0 0 0 0.02920757224 0 0 0 0 0 0.0334755369 0 0 0 0 0 0 0 0 0 0 0 0 0.04380888268 0 0.0337360424 0.003444822205 0 0 0 0 0 0 0.03189580682 0 0 0 0.0140656767 0.04433938004 0 0 0.001543111882 0 0.01764898978 0 0 0.06804638562 
0 0 0 0 0 0 0 0 0 0 0 0 0.008105225841 0.02376383583 0 0 0 0 0 0 0 0.03098495391 0 0 0.005638121776 0 0 0.01879506794 0 0 0 0 0 0 0 0 0.03862563123 0 0 0 0.03547904317 0 0 0 0.0228925472 0 0 0 0 0 0 0 0.05383405619 0 0 0 0 0 0 0 0 0 0 0 0 0 0 0.01200562191 0 0 0 0 0 0 0.0153365568 0 0 0 0.01040860396 0 0 0 0 0.03650015159 0 0 0 0 0 0 0 0.01555578877 0 0 0.01856847734 0 0.03686320542 0 0 0 0 0 0.03184468425 0 0 0 0 0 0.009982585647 0 0 0 0 0 0.02083659765 0 0 0.04584729724 0 0 0 0.03480332083 0 0 0 0 0 0 0 0 0 0 0 0.02102733997 0 0 0 0 0 0 0 0 0 0 0.05724077697 0 0.01019520892 0 0 0 0 0 0 0 0 0 0 0.01825386777 0.02488392193 0 0 0 0 0 0 0.01221756119 0 0 0 0 0 0 0 0 0 0 0 0 0 0 0.06561328185 0 0 0 0 0 0 0 0 0 0 0 0 0 0.01074177945 0 0 0 0 0 
0 0 0.03550916124 0 0 0 0 0 0 0 0.02415676127 0 0 0 0 0 0 0.04931763277 0 0 0 0 0 0 0 0 0 0.03710463952 0 0 0 0 0 0 0 0 0 0 0.01125638237 0 0 0 0 0.05277886729 0 0.01968113242 0.02455095608 0.02144207572 0.02444580464 0 0 0.0461869431 0 0.009606572868 0.05822214793 0 0 0 0.05108845597 0 0 0 0.1097601867 0 0 0 0 0.01580217503 0 0 0 0 0.05464130201 0 0 0 0 0 0 0 0 0 0 0.0368517026 0 0 0 0 0 0 0.05583835939 0 0.01795275712 0.0519975399 0.01003804297 0 0 0 0 0 0.007575562937 0 0 0 0 0 0 0 0 0 0 0 0 0 0 0 0 0 0.00798840921 0 0 0 0 0 0 0 0 0 0 0 0 0 0 0 0 0 0 0 0 0 0 0 0 0 0 0 0 0.02319787826 0.02390605352 0 0 0 0 0 0 0 0 0 0 0 0 0 0 0 0 0 0 0.05069515793 0 0 0 0 0 0 0 0 0 0 0 0 0 0 0 0 0 0.008719582716 0.02641144973 0 0.01207834821 0 0.04675855757 0 0 0 0 0.06539142171 0 0 0 0 
0.00781905712 0 0 0 0 0 0.01159479838 0 0.02671283312 0 0.007914179166 0 0 0 0 0.02610565286 0 0 0 0 0.03877221257 0 0 0.02912208614 0 0 0 0 0 0.02290494536 0.02841741553 0 0 0 0 0 0 0 0.01990150684 0.02362178073 0 0 0 0 0 0 0 0.002954601178 0 0 0 0.008395508017 0.01818390758 0 0 0 0.01105627368 0 0.01686379309 0.04814873676 0 0 0.004372881289 0 0.01552335654 0 0 0.05092920286 0 0 0 0 0 0 0 0 0 0 0.01668986266 0.003314307893 0 0 0 0 0 0.05249193342 0 0 0 0.06081169534 0 0 0 0 0 0 0 0 0.02244543006 0 0.01597612487 0 0 0 0 0 0 0 0.01047853859 0.03248328277 0.02955319092 0 0.02753668082 0 0 0 0 0 0 0 0 0 0 0 0.03961222461 0.008345276436 0 0 0.0328588147 0 0.05403263233 0 0 0.01827783552 0 0 0 0 0 0 0 0.01529367402 0 0 0 0.04418102843 0 0.05487422786 0 0 0.009909160166 0 0.0348060602 0 0 0 0.02826973325 0 0 0 0 0 0 0 0 0.0117577682 0 0 0 0 0 0.04150387549 0 0 0.01193130017 0 0.02975517969 0 0 0 0 0 0 0 0.01385005904 0.04034181592 0 0 0.01799778097 0 0 0 0 0 0 0.007061115362 0 0 0 0 
0 0 0 0 0 0 0 0 0 0 0.01675060651 0 0 0 0 0 0 0 0 0 0 0 0 0 0 0 0 0 0 0 0 0 0 0 0 0 0 0 0 0 0 0 0 0 0 0.01419601585 0.03034239369 0 0 0 0 0 0 0 0.008992517314 0 0 0.01855993237 0 0 0 0 0 0.01130639059 0 0.04073586089 0 0 0 0.02320940436 0 0 0 0 0 0 0.03556426672 0 0 0 0 0 0 0 0 0 0 0 0 0 0 0 0 0 0 0 0.01411062307 0 0 0 0.06722319097 0 0 0 0 0 0.03378992158 0 0 0 0 0 0 0 0 0 0 0 0 0 0 0.02883798632 0 0.05406769115 0 0 0 0.007432752935 0 0 0 0 0 0 0 0 0.01946340955 0.0128558374 0 0 0 0.003816114571 0 0 0.003023027147 0 0 0 0.01148866448 0 0.01393636244 0.023247057 0 0 0 0 0 0 0 0 0 0.03898088127 0 0 0 0.05163933969 0.01540699935 0 0 0 0 0 0 0 0 0 0 0 0 0 0 0 0 0 0 0 0 0 0 0.07028910955 0 0 0 0.01108306516 0 0 0 0 0.01073176838 0 
0 0 0.02143515927 0 0 0 0 0 0 0 0 0 0 0 0 0.01340799887 0 0 0 0 0 0 0 0 0 0 0 0 0.002197809178 0 0 0 0 0 0 0 0 0.05744028702 0.007024960534 0 0 0 0 0 0 0 0 0 0 0 0 0 0 0 0 0 0.04309323738 0 0 0.0105595219 0 0 0 0 0 0 0 0 0.007751762423 0 0 0 0 0 0 0 0 0 0 0 0 0 0 0.03065888347 0 0.005390818992 0 0 0.01006600086 0 0 0 0 0 0 0 0 0 0 0.00551534182 0 0 0 0.005692212004 0 0 0 0 0.02346340906 0 0 0.009318328515 0 0 0 0 0 0 0 0 0 0 0 0 0 0 0 0 0 0 0 0 0 0 0 0 0 0.03156130787 0 0 0 0 0 0 0 0 0.01887892593 0 0 0.01132900276 0 0 0.06083106054 0 0 0 0 0 0.01270485129 0 0 0.04576941294 0 0 0 0.02041194203 0.05085510955 0.04305463295 0.02725987346 0 0 0.01247404048 0 0 0.04015849453 0 0 0 0 0.01256107685 0 0 0 0 0.04794470888 0 0 0.04205507365 0 0 0 0 0.02239621714 0.02096369021 0 0 0 0 0 0 
0 0.004316991408 0.008711919797 0 0 0 0 0 0 0 0.0304248381 0 0 0 0.01457285978 0 0 0 0 0.01049476238 0 0 0 0.05017144208 0 0 0 0 0 0 0 0 0 0 0 0 0 0 0 0 0 0 0 0 0 0 0 0 0.03286549299 0 0.007263812902 0 0 0 0.05573236099 0 0 0.009980974789 0 0.01926946637 0 0 0 0.04282925057 0 0 0 0 0 0 0 0 0 0 0 0 0 0 0.01976785969 0 0 0.05475992121 0 0 0 0 0 0 0 0 0 0.008544668987 0 0.01258830767 0 0 0 0 0 0.02177016668 0 0 0 0.02941923793 0.04747451747 0 0 0 0 0 0 0 0.007789080759 0 0 0 0 0 0 0 0 0 0 0 0 0.01351654231 0.05261382724 0 0 0 0 0 0.04319684543 0 0 0.05105125121 0 0.04245672353 0 0 0 0.03172460249 0 0 0 0 0 0.0330521232 0 0 0 0 0 0 0 0 0 0 0 0 0 0 0.04806917327 0 0 0.02636788497 0 0 0 0 0.02156831694 0 0 0 0 0.01054460694 0 0.009306648018 0 0 0 0 0 0.05442248797 0 0 0 0 0.007336595327 0 0 0 0.05732808065 0 0 0 0 0 0 0 
0 0 0 0 0 0 0 0 0 0.04543541687 0 0 0.008041256512 0 0 0 0 0 0 0 0 0 0.00889045219 0 0 0 0 0 0 0 0.0344197972 0 0 0 0 0 0 0.05533151839 0.006584505676 0 0.03686068715 0 0 0 0 0 0 0 0 0 0.03561104485 0.02949395516 0 0 0 0 0 0 0 0 0 0 0 0 0 0 0.01595557185 0.01450296293 0 0 0.04315525754 0 0 0 0 0.0213882919 0.0328947815 0 0 0 0 0 0 0 0 0 0 0 0.003672737252 0 0 0.01768739617 0 0 0 0 0 0 0 0 0 0 0 0 0 0 0 0 0 0 0.03941778003 0 0 0.0152760026 0 0 0 0.03015584399 0 0 0 0 0 0 0 0 0 0 0 0 0 0.03697639729 0 0 0 0 0 0.009304227819 0.01265375549 0 0 0.004552730148 0.05160202483 0 0.04030744819 0 0 0 0.0311086229 0 0 0 0 0 0.02045601657 0 0.05475139908 0 0 0 0 0 0 0 0 0 0 0 0 0 0.02154043311 0.008821780271 0 0 0 0 0 0.05423442773 0 0 0 0 0 0 0 0 0 0 0.02314593413 0.01086536805 0 0 0 0 0 0 0 0 0 0 
0.03256433117 0 0 0 0.01905312749 0 0 0.02494949786 0 0.009939631474 0 0 0 0 0 0 0 0 0 0 0.05507158617 0 0 0 0 0 0 0 0 0 0 0.02101769616 0 0 0 0 0 0 0 0 0 0 0 0 0 0 0 0 0 0 0 0 0 0.04151703866 0 0 0 0 0 0 0 0 0 0 0 0 0 0 0 0.008253037404 0 0.01238522622 0 0 0 0 0 0.01848874951 0 0 0 0 0 0 0 0 0.06967174838 0 0 0 0 0 0 0.04067317379 0 0 0.01635313519 0 0 0 0 0 0 0 0.008841554867 0 0 0 0 0.01444199921 0 0 0 0 0.03692067311 0.03573454509 0 0 0 0 0.03847683531 0 0 0 0 0 0 0 0 0 0.04458364584 0 0 0.01104090524 0 0 0 0 0 0 0.02583090954 0 0 0.008424177475 0.009532044109 0.005732023483 0 0.016166111 0.03761088879 0 0 0 0 0 0 0.01165715713 0 0 0 0 0 0 0 0 0 0 0 0 0 0.02766222983 0 0 0 0 0 0 0 0 0 0 0 0 0 0 0 0 0 0.01218453894 0.03051002272 0 0 0 0 0 0 0.01325502162 0.01490073419 0.02022071202 0 0 
0 0 0 0.0222570827 0 0 0 0 0 0 0 0 0 0 0 0 0 0 0.01491095994 0 0 0 0 0 0 0 0 0.01420855933 0 0 0 0 0.0110738648 0.01335697146 0.02375671055 0 0 0 0.04430228656 0 0 0 0.0556025349 0 0 0 0 0.014043068 0 0.01300180242 0 0 0 0 0.006866678021 0 0 0 0.03725297046 0 0 0.01523321632 0.04942488185 0.009350682191 0 0.02747277484 0 0 0 0 0 0 0 0 0 0 0 0 0 0 0 0 0 0 0.01653426059 0 0 0 0 0 0 0 0 0 0 0 0 0 0.01331188219 0 0 0 0 0 0 0 0 0 0.02646356678 0 0 0.0144924894 0 0 0 0 0.01281195479 0.001650695718 0 0 0 0 0.01877114904 0 0 0 0.008634118767 0 0 0.04018876322 0 0 0.04919856546 0.04414971386 0 0 0 0.01770741281 0 0 0 0 0 0 0 0 0 0 0 0 0 0 0 0 0 0 0 0 0 0 0 0 0 0 0.01019857949 0 0 0 0 0 0.08197856122 0 0.02003587843 0 0 0 0 0 0 0 0 0 0.03986540877 0 0 0 0.02025334325 0 0 0 0 0 0 0 0 0 0 0.04978403785 0 0 
0 0 0 0 0 0 0 0.02501050645 0 0 0 0 0 0 0 0 0.01072572455 0 0 0 0 0 0 0 0 0 0 0 0 0 0 0 0 0 0 0 0 0.01589570356 0 0 0 0 0.1296440573 0 0 0 0 0 0 0 0 0.05238603414 0 0.01249011576 0 0.02560402799 0 0 0 0 0 0 0 0.05147245067 0.06485367801 0 0 0 0.02828466741 0 0 0.02859017005 0.008742860807 0 0 0 0 0.02944577915 0 0.06791088884 0 0 0 0.02863186422 0 0 0 0 0 0 0 0.01307887569 0.03075427914 0 0 0 0 0 0.07648059122 0 0 0 0 0 0 0 0 0 0 0 0 0 0 0 0.01077713312 0 0 0.0272186316 0 0 0 0 0 0 0 0.02056834232 0 0 0 0 0.01627089759 0 0 0 0 0.06208642009 0 0 0.05505309537 0 0 0 0 0 0.038183073 0 0 0 0.01442314885 0 0 0.03376452975 0 0 0 0 0.01086038168 0 0 0 0 0 0 0 0 0 0 0 0.03012997189 0 0 0.0116567265 0.02898078408 0 0 0 0 0.03931592278 0 0 0.01644587831 0.01951598855 0 0 0 0.03841642913 0 0 0 0 0.07094556449 0 0 0 0 0 0.03821661779 0 0 0 
0 0.01243943713 0.00872734085 0.04997353442 0 0 0 0 0 0 0 0.05824142419 0 0 0 0 0 0 0.02274595045 0 0 0 0 0.01633633031 0 0 0 0 0 0 0 0 0 0 0 0 0 0 0 0 0 0 0 0 0 0 0 0 0 0 0 0 0 0 0 0 0 0 0.0251537066 0 0 0 0.006986167463 0 0 0 0 0 0 0 0 0 0.01339660886 0 0 0 0 0.03140992461 0 0 0 0.02034048717 0.02224047384 0 0 0 0 0.01689743683 0 0 0 0 0 0 0 0 0 0 0 0 0 0 0 0 0 0 0 0 0 0 0 0 0 0 0 0 0 0 0 0 0 0 0 0 0.02917180148 0 0.01356274591 0 0 0 0 0 0 0.01093069468 0 0 0.01683429881 0 0 0 0 0 0 0 0.01959643554 0 0 0 0.02201621516 0 0 0 0 0.02562547555 0 0 0 0 0 0 0 0 0.04113725122 0 0.01141325374 0 0 0 0 0 0 0 0 0 0 0 0 0 0 0 0 0 0 0 0 0.06059261502 0.01738695716 0 0.01582638402 0 0 0 0 0 0 0 0 0 0 0 
0 0 0 0 0 0.02876406005 0 0.02672688364 0 0 0 0 0 0.0157139234 0 0 0 0 0 0 0 0 0 0 0.04641004234 0 0 0.01407348778 0.01796606299 0.04412781254 0 0 0 0 0 0 0 0 0 0 0 0 0 0 0 0 0 0 0.0004264678563 0 0 0 0 0 0 0 0 0 0 0 0 0 0 0 0.01839912703 0.02467710665 0 0 0.05741074149 0 0 0 0.05481973383 0 0 0 0 0 0 0 0 0 0 0 0 0 0 0 0 0 0 0 0.04153435712 0 0 0.001930360435 0 0 0 0.02400401865 0 0 0 0.0123617505 0 0.03467565686 0 0 0 0 0 0 0 0 0 0 0 0.003539629063 0 0 0.02890793649 0.03643993078 0 0 0 0 0.0322699482 0 0 0 0 0 0 0 0 0 0 0 0 0 0 0.009068383012 0 0 0 0 0 0 0 0.04951516749 0 0 0 0.04446658688 0 0 0 0 0 0.05899407549 0 0 0 0 0 0 0.0266422291 0 0 0 0 0 0 0 0 0 0 0 0.0587750539 0 0 0 0.0252910964 0 0 0 0 0 0 0.04582460721 0.01489983775 0 0 0 0 0 0 0 0 0.01318111277 
0 0 0 0 0 0 0 0 0 0 0 0.01650130545 0 0 0 0 0.0747379814 0 0 0.03482707575 0 0 0 0 0 0 0 0 0 0 0 0 0 0 0 0 0 0 0.01993378185 0.0120197905 0 0.01159015785 0 0 0 0 0 0 0 0 0 0 0 0 0.01133567148 0 0 0 0 0 0 0 0 0 0 0 0 0 0.01899156009 0 0 0 0 0 0 0 0 0 0 0 0 0.008380690683 0 0 0 0 0 0 0 0 0 0 0 0 0 0 0.04200219267 0 0.04140263517 0 0 0 0 0 0 0 0.02068278349 0 0.04523597244 0.0123673136 0 0 0 0 0 0 0 0 0 0 0 0 0 0 0 0.01082265106 0.01328305729 0 0.0169226962 0 0 0 0 0 0 0 0.05357301404 0 0 0 0 0 0 0.03391779483 0 0 0 0 0 0 0 0 0.008899505987 0 0.01517354501 0 0 0 0 0 0 0.01200203908 0 0 0 0 0 0 0 0 0 0 0.06466615179 0 0.01969867328 0 0 0 0 0 0 0 0 0 0 0 0 0 0 0 0 0 0 0 0 0 0.02207739523 0 0 0 
0 0 0 0 0 0 0.02927556715 0 0 0 0 0 0.03393390256 0.02473157744 0.006420092868 0 0.01008974183 0 0.004336058844 0 0.01585540193 0 0.01055872064 0 0.02292812861 0 0 0 0 0.01714920781 0 0 0 0 0 0.01925571376 0 0 0 0 0 0 0 0 0.02124475784 0 0 0 0 0 0 0 0 0 0 0 0.006231263098 0 0 0 0.007746742495 0.01831169272 0 0 0.03432792763 0 0.02580051927 0 0 0 0 0.03422490904 0 0.02513451054 0 0 0 0 0 0 0 0.02661930906 0 0 0 0.01594402041 0 0 0 0 0.04863507525 0 0 0 0 0 0 0 0 0.01145101881 0.05172598094 0 0 0 0 0 0 0 0 0 0 0 0 0.05174427845 0 0 0 0.02385794411 0 0 0 0 0 0 0 0 0 0 0 0 0 0 0 0.0114776978 0.06094236503 0 0 0 0 0 0 0.01067302393 0 0 0 0 0 0.000250229967 0 0.01386625499 0 0 0 0 0 0 0 0 0 0 0 0 0.02561597186 0 0 0 0.01049112065 0.01110696867 0.01549686626 0 0 0 0.01010872438 0 0 0 0 0 0 0 0.05339983387 0 0 0 0 0 0 0 0 0 0 0.04141009571 0.01080878541 0 0 0 0 0 0.02614827111 0 
0 0 0 0 0 0.009926150937 0 0.007302125611 0 0 0 0 0 0 0 0 0 0 0 0 0 0 0 0 0 0.04951221325 0 0 0 0 0 0 0 0 0 0 0 0.08503469293 0 0.01587982446 0 0 0 0 0 0 0 0 0 0 0 0 0.007172213667 0 0.0391375578 0 0 0 0 0 0 0 0 0 0 0 0 0 0.0278879162 0.007634726115 0.008964929675 0 0 0 0 0 0 0 0 0 0 0 0 0 0 0 0.02072400116 0 0 0 0.01214354664 0 0.008100722505 0 0 0 0 0 0 0 0.009258359116 0 0 0 0.02490622646 0.02824455952 0 0.035065126 0 0 0 0 0 0.05733307538 0 0 0 0 0 0 0 0.07261499928 0 0 0.008544943015 0 0 0 0 0 0 0.01167247207 0 0 0 0 0 0 0 0 0 0 0 0 0 0 0 0 0 0 0 0 0 0 0 0 0.03166898174 0 0.01458977135 0 0 0 0 0 0 0 0 0.01784921966 0 0.01903316848 0 0.04511781468 0 0 0 0 0 0 0.02932563298 0 0 0 0 0 0 0.004986984842 0 0 0 0 0.009763497402 0 0 0.01688395304 0.03416596759 0 0 0 0 0 
0.01161831444 0 0 0 0.06622539832 0 0 0 0 0.007930059168 0 0.006397458797 0 0 0 0 0 0 0.04189971483 0 0 0.02914209937 0 0 0 0 0 0 0 0 0 0 0 0.006359409186 0.04368038572 0.001044851263 0 0 0 0 0 0 0 0 0 0 0 0 0 0 0.031595076 0 0 0 0 0 0 0.0181564388 0.05385984469 0 0 0 0 0 0 0 0.03213138954 0 0 0 0 0 0 0 0 0 0 0 0.04573543136 0 0 0.01399735248 0.01476472728 0.01549169906 0 0 0 0.03740295001 0.02711820389 0 0 0 0 0 0 0 0 0 0 0 0 0 0.01129538685 0 0 0 0 0.01155357308 0 0 0 0 0 0 0 0 0 0 0.008439426339 0 0 0 0 0 0 0 0 0 0 0 0 0 0 0 0 0.01126030531 0 0 0.01954775401 0 0 0 0.01786817087 0.03905924755 0 0 0 0 0 0 0 0 0 0 0 0 0 0.03831719695 0 0 0 0 0 0 0 0 0 0 0 0 0 0 0.05070079635 0 0 0 0 0 0 0.03103264884 0 0 0 0 0.04179839528 0 0 0 0 0 0 0 0 0 0 0.03281696085 0 0 0 0 
0 0 0 0 0 0.002188501999 0 0.01003947757 0 0 0 0 0 0 0.04000763081 0.009751344307 0 0 0 0 0.02466928584 0 0 0 0 0 0 0 0.01952743466 0.03792829581 0 0 0 0.04843485284 0 0.01776154545 0 0 0 0 0.01231438521 0 0 0 0 0.006302504713 0 0.009635967089 0 0 0.01457668657 0 0 0 0 0 0 0 0 0 0 0.03573634397 0 0 0 0 0 0 0 0 0 0.07190349656 0 0 0 0 0 0 0 0 0 0 0 0.02670319206 0 0.01354781338 0 0 0 0.03413785007 0 0 0.02949967649 0 0 0 0.04099448422 0 0.02743477867 0.01442797419 0 0 0 0 0 0 0 0 0 0 0.02346006585 0 0.008428851656 0 0 0 0 0 0 0 0 0 0 0.0525706734 0.01939058933 0 0 0 0.01561436572 0 0 0.01119914433 0.09372672251 0 0 0 0 0 0.02823305409 0 0 0 0 0 0 0 0 0.02087305107 0.04114918338 0 0 0.01195288079 0 0.002164708498 0 0.07628385318 0 0 0.03637131266 0 0 0 0 0 0.01019849269 0 0 0 0.01007899581 0 0 0 0 0.03917472575 0 0 0 0 0.01176564156 0.02364986258 0.05142817297 0 0 0 0 0 0.03302402275 0 0 0 0 0 0 0 0 0 0 0 0.01408217482 0 
0.03666530106 0.05803442199 0 0 0 0 0.06873885032 0 0 0 0 0 0 0.01806385642 0 0 0 0 0 0 0 0.01176787595 0 0 0 0 0 0 0 0 0 0 0 0 0 0 0.03174917649 0 0 0 0 0.007188123318 0 0 0 0 0.007177122152 0 0 0.007258913415 0 0 0 0 0 0 0 0 0 0 0 0 0.0105999418 0 0.04980093534 0 0 0 0 0 0 0.01533896347 0 0 0 0 0 0 0 0 0 0 0 0.007961846941 0 0 0 0.007843354431 0 0 0 0.02025138777 0 0 0 0 0 0.00402691069 0 0 0 0 0 0 0.00788001986 0 0 0 0 0.0282495125 0 0 0 0 0.04137837163 0 0 0.01116133617 0 0 0 0 0 0 0 0 0 0 0 0 0 0 0 0 0 0 0.009427155105 0 0 0.02381058297 0 0 0 0 0 0 0 0 0 0 0 0.03996554615 0 0 0 0 0 0.02488121657 0.027510061 0 0 0 0 0 0 0 0 0 0 0.04797728471 0 0 0 0 0 0 0 0 0 0 0.0101505219 0 0 0 0 0 0 0 0.01523230354 0 0 0 0 0 0 0 0.05436375892 0 0 0 
0 0 0 0 0.02209542799 0 0 0 0 0 0 0 0 0 0.002322536549 0 0.02241815695 0 0 0 0 0 0 0 0 0 0 0 0.006153394809 0 0.01123819322 0 0 0.04249557722 0 0.05077091583 0 0.08701936045 0.02599554462 0 0.0328360709 0 0 0 0.0190613948 0 0 0 0.006382473868 0 0 0 0 0 0 0 0 0 0 0.01261772027 0 0 0 0 0 0 0 0 0 0 0 0 0 0 0 0 0 0 0 0 0 0 0.01983836713 0 0 0 0 0 0 0 0 0 0 0 0.03500992383 0 0 0 0 0 0 0.02069986015 0 0 0.008837426208 0 0 0.0437737665 0 0 0 0 0 0.01670415419 0 0 0 0.009295796919 0 0.076223804 0 0 0.03468638903 0.0236090256 0 0.008441499525 0 0 0 0.05641443915 0 0 0 0.01835898012 0 0 0 0 0.04235502582 0 0.008529530765 0.05072630175 0 0 0 0 0 0 0 0 0 0 0 0 0 0 0 0 0 0 0 0.0515408266 0.01866306693 0 0 0 0 0 0 0 0 0 0 0 0 0 0 0 0.04247501017 0.0005029195669 0 0.07475960319 0 0 0.02144225926 0 0 0 0 0 0 0 0 0.02901962501 0 0 0 0 0 0 
0 0 0 0 0.03218482179 0 0 0 0 0.02058184918 0 0 0 0.04213129021 0 0 0 0 0.007970500417 0.008356015079 0 0 0 0 0 0 0 0 0 0 0 0 0.02095220462 0.01152664449 0 0 0 0 0 0.06115110265 0 0 0 0 0 0 0 0 0 0 0.03534505611 0 0 0 0 0 0 0.05272102006 0 0 0 0 0 0.03399119758 0 0 0 0.01742982226 0.02928097099 0.01188309865 0 0 0 0 0 0 0 0 0 0 0 0 0 0.008673540409 0 0 0 0 0 0 0 0 0 0 0.02712796026 0 0 0 0 0 0 0 0 0 0 0 0 0 0.05486496137 0 0 0 0 0 0 0 0 0 0.03267805394 0 0 0.02289587569 0 0 0 0 0 0 0.05466688041 0 0.02117334562 0 0 0 0 0 0.009753809126 0.02476576786 0 0 0.05692949575 0 0 0 0 0.02868122163 0 0 0.03656951892 0 0 0 0 0 0 0.04248906597 0 0 0 0 0 0.03537166222 0 0 0 0 0 0 0 0 0 0 0.005662541722 0.002886874694 0 0 0 0 0 0 0 0 0 0 0 0 0 0 0 0 0 0 0 0 0 0 0 0 0 0.01096094975 
0 0 0 0 0 0 0 0 0.01350749708 0 0 0 0 0 0 0 0 0 0 0 0 0.02058967298 0 0 0.002403692056 0 0.01742729466 0 0 0 0 0 0 0 0 0 0 0 0 0 0.009924823773 0 0 0 0 0.01089689101 0 0 0 0 0 0 0 0 0 0 0.02508202816 0.02042449236 0 0 0 0 0 0 0.008489520885 0.00647012543 0.009489388097 0 0 0 0.06891576591 0.01526061815 0 0 0 0.02204455407 0 0.002872075704 0 0 0 0 0 0 0 0 0 0 0 0 0 0.05524111319 0.07405953646 0.02552866203 0 0 0 0 0 0.01353337348 0 0 0 0.02334277186 0 0 0 0 0 0 0 0 0 0 0 0 0 0 0 0 0 0 0.04218811159 0.01549742155 0 0 0 0 0 0 0 0 0 0 0 0 0 0.06048247609 0 0 0 0 0 0.05816974009 0 0 0 0.01081424338 0 0.03092479666 0 0.01763300015 0.02096978969 0 0 0.05267179375 0.01874169395 0 0 0.01267608977 0 0 0 0 0 0.01917517066 0 0 0 0 0 0 0.04948133279 0.02490830946 0 0 0 0.03743759185 0.02424356005 0 0 0 0.1007659084 0 0 0 0 0 0 0.03395088107 0 0 0 0 0 0 0 0 0 0 
0 0 0 0 0.01540392844 0 0 0 0 0 0.03588752663 0 0 0 0 0 0 0 0.09026078853 0 0 0 0 0.008145519954 0 0 0 0 0 0.007879157464 0.02455623052 0.02278424235 0.007922367754 0 0 0 0 0 0 0 0 0 0 0 0 0 0 0.008983478376 0 0 0 0.01082308794 0.02033573003 0 0 0.02559908813 0 0 0 0 0 0 0 0 0 0 0 0 0 0 0 0 0 0 0 0 0 0 0 0 0 0 0 0 0 0 0 0.03381367223 0 0 0 0 0 0 0 0.05288201138 0 0.01085272801 0.02497882369 0.01830644325 0 0 0 0 0 0 0.03866976528 0 0.01138340542 0 0 0 0 0 0 0 0 0 0 0 0 0 0 0.05392926837 0 0.09654601136 0 0 0 0 0 0 0 0 0.01617015357 0.02003476236 0 0 0 0 0 0 0 0.01260107022 0 0 0 0 0 0 0 0 0 0 0 0 0 0 0.0309538401 0 0 0 0.04444722096 0.0361900492 0 0 0.02862588261 0 0 0 0 0 0 0 0 0 0 0 0 0 0 0 0 0 0 0 0.009917719981 0.02366322367 0.08947889323 0 0.02041002426 0 0 0 0 0.03692767365 0 0 0 0 
0 0 0 0 0 0 0 0 0 0 0 0 0 0.02874058059 0 0 0.03709013252 0 0.01362077732 0 0 0 0 0 0 0 0.04097727534 0 0 0 0 0 0 0 0 0 0 0.009065569644 0 0 0 0 0 0.02440794629 0 0 0 0 0.01136111582 0 0.03064704536 0 0.02362288993 0 0 0 0 0 0 0 0 0 0 0.0213490481 0 0 0 0 0 0.002976511329 0.007657091083 0 0 0.02560243091 0 0.00239593379 0 0 0 0 0 0 0 0 0 0 0 0 0 0 0 0 0 0 0 0.01847465407 0 0 0 0 0 0 0 0.008135777618 0 0 0 0 0 0.02229899303 0 0 0 0 0 0 0 0 0 0 0 0 0.0131263602 0 0 0 0 0 0 0.05168537067 0 0.00576445704 0 0 0 0 0 0 0 0 0 0 0 0 0 0 0 0 0 0 0 0 0 0 0 0.01025802529 0 0 0 0 0 0 0 0 0 0 0 0.07851481609 0 0 0 0 0 0 0 0 0.02106484394 0 0 0 0.05596068565 0 0 0 0 0 0 0.1218527629 0 0.03460616589 0 0 0 0 0 0 0 0 0 0 
0.0252472831 0 0 0 0.03817166569 0 0 0 0 0 0.02459222651 0 0 0.01621140666 0 0.009122570038 0 0 0.005760882533 0.03328711885 0 0 0 0 0 0 0 0 0 0 0 0.02083509388 0 0.006877251395 0 0.008716616916 0 0 0.01809579128 0 0.01138264566 0 0 0 0.0325656687 0 0 0 0.04716917693 0.0310424543 0.0124806642 0 0 0.008223031762 0 0 0 0 0 0 0 0 0 0.04984919995 0 0.08389064991 0 0 0 0.02169829383 0.01899127268 0 0 0.0126840186 0 0.04215008125 0 0.02168892868 0 0 0.01112783928 0 0 0 0 0.01548053372 0 0 0 0 0 0 0 0 0 0 0 0 0 0 0 0 0 0 0 0 0 0 0 0.07721809665 0 0 0 0.008683896338 0 0 0.03707265305 0 0 0.02482087575 0 0 0 0 0 0 0 0 0 0 0 0 0 0 0 0 0 0 0.05873472985 0 0 0 0 0 0 0 0.05278818989 0 0 0 0.02196178863 0 0 0.06588776932 0 0.03849162388 0.03737345653 0 0 0 0 0 0 0 0 0 0 0 0 0 0 0 0 0 0.0009126976458 0 0.05178371102 0 0 0.036618582 0 0 0 0.0151959897 0 0 0 0 0 0 0.02258331016 0 0 0 0 0 0 0 0.01864557294 0 
0 0 0 0 0 0.01205752188 0 0 0 0 0 0 0.03197776002 0 0 0 0 0 0.03505396086 0 0 0 0 0 0.006144295484 0 0 0 0 0 0 0 0 0 0 0.01424900022 0 0 0 0 0 0.03750905405 0 0 0 0 0 0.01832553467 0 0 0 0 0 0.02939001019 0 0 0.006689822004 0 0.03576931848 0 0 0.04682640446 0 0 0 0 0.03614518432 0.007107789225 0 0 0 0 0 0 0 0 0 0 0 0 0 0 0 0 0.01762882008 0 0 0 0 0 0.03456003862 0 0 0 0 0 0 0 0 0 0.0305024203 0 0 0.0110077854 0 0 0 0 0 0 0 0 0 0 0 0.01058171334 0.0302928773 0.04506604352 0 0 0 0 0 0 0 0 0 0 0 0 0 0 0 0 0 0 0 0 0 0 0 0 0.03448110399 0 0 0 0 0 0.004846012141 0 0 0 0.02660968033 0.03813586793 0 0 0 0.05093339718 0 0 0 0 0 0 0 0 0 0 0 0.03092347875 0.0401613256 0 0 0 0 0 0 0.01617406318 0.04005760056 0 0 0.06215934672 0 0 0 0 0 0 0 0 0 0 0 0 0 0 0 0.03884047076 0 0 
0.04538540546 0 0 0 0 0 0 0 0 0 0 0 0 0 0 0 0 0.03093732558 0 0 0 0 0 0 0 0 0 0 0 0 0 0 0 0 0 0 0 0 0 0.04534804247 0 0 0 0 0 0 0.02602275245 0 0 0.008221702549 0 0 0 0 0 0 0 0.06117156975 0 0 0 0 0 0 0 0 0 0 0 0 0 0 0 0 0 0 0 0 0 0 0 0 0 0.05187613394 0.05043752759 0 0 0 0.01030924498 0 0 0 0 0 0 0 0 0 0 0 0 0 0.07099781352 0 0 0 0.06031502066 0.02947773502 0.03404173817 0 0 0 0 0 0 0 0 0 0 0.02128600918 0 0 0.008393825569 0 0 0 0 0 0 0 0 0 0 0 0 0 0 0 0 0 0 0 0 0 0 0 0 0 0 0 0 0 0 0 0 0 0.04806209604 0.01789228488 0 0 0 0 0 0 0 0 0 0 0 0.08811735512 0.01575467398 0 0 0.05227285482 0 0 0 0 0 0 0 0 0 0 0.05523179192 0 0.01622271932 0 0 0 0 0 0 0 0 0.01525435093 0.02302421787 0 0 0.06207052214 
0.01288503465 0 0 0 0 0 0 0.02061832794 0.0423687684 0 0 0 0 0 0 0.01834624165 0 0 0 0 0 0 0.02650443933 0 0 0 0 0 0 0.02417119982 0 0.02709387078 0 0 0 0 0 0.01004384257 0 0.008984500074 0 0 0 0 0 0 0 0 0 0 0 0.05161477464 0 0.01611899302 0 0 0.03523446702 0 0 0 0 0 0 0 0 0 0 0 0 0 0 0.04538655203 0 0 0 0 0 0 0 0 0.008366070101 0 0 0.002930770042 0 0 0 0.03787267724 0 0 0 0 0 0 0 0 0 0.05149280704 0.02977887166 0 0.02945518804 0 0 0.02491013912 0 0.009730966284 0 0 0 0 0 0.05391069563 0.0493486897 0 0 0.06188941989 0 0 0 0 0 0 0 0 0 0 0 0.0132369559 0 0 0 0 0 0 0 0.04445062487 0 0 0 0.0500852222 0 0 0 0.03498870283 0 0 0 0 0 0 0 0 0 0 0 0 0.03638737487 0.02996379802 0 0 0 0.01145942368 0.0616692027 0 0 0 0 0 0 0 0 0 0 0 0 0 0.009681133413 0 0 0.05217307047 0 0.0271817358 0 0 0 0 0 0 0 0 0 0.02893227433 0.05506752836 0 0 0 0 0 0 0.01583204674 
0.230697875 0 0 0 0.01991606576 0 0 0 0 0 0 0 0.01027106208 0 0.008548917627 0 0 0 0 0 0 0.0295498905 0.02901212531 0 0 0 0 0 0 0 0 0 0 0 0 0 0 0 0 0.02069252222 0.03441907164 0 0 0 0 0 0 0 0 0 0 0 0 0 0 0 0 0 0 0 0.01771956805 0 0 0 0.0291854074 0 0 0 0 0 0 0 0 0 0 0.02493212745 0 0 0.009368055666 0 0 0 0 0 0.05792798208 0 0.01158810275 0 0 0 0 0 0 0 0 0 0 0 0.02670180458 0 0 0 0 0 0 0 0 0 0 0 0 0 0 0.05749321768 0 0 0.021786584 0 0 0 0 0 0 0 0 0 0 0 0 0 0 0 0 0 0 0 0 0 0 0 0.05144801958 0 0 0 0 0 0.05080883517 0 0 0 0 0 0.06263992769 0 0 0 0 0 0 0 0 0 0 0 0 0.04954051688 0 0 0 0 0 0 0 0 0.04617967354 0 0 0 0 0 0 0 0 0 0 0 0 0 0 0 0 0 0 0 0.01421991653 0 0 0 0 0.03134525848 
0 0 0 0 0 0 0.05597279686 0.02343096934 0 0.008350847769 0 0 0 0 0 0 0 0 0 0 0 0 0 0 0 0 0 0 0 0.02603396553 0.01784891533 0 0 0 0 0 0 0 0 0 0 0 0 0 0 0.009910493918 0.01157169247 0 0 0 0 0 0 0 0 0 0 0 0.02044744105 0 0 0.05766529513 0.01719577457 0 0 0 0 0 0.01128648032 0 0 0 0 0 0 0 0 0 0 0.02077612823 0 0 0.07792577986 0.01992272478 0 0 0 0.05715040047 0 0 0 0 0 0 0 0 0.02713948252 0 0.001249841327 0 0 0.001265333325 0 0 0 0 0 0 0 0 0 0 0 0 0 0 0 0 0 0 0 0 0 0 0 0 0 0 0 0 0 0 0.03235335236 0.008473289843 0 0 0 0 0 0 0 0 0 0 0 0 0 0 0 0 0 0 0 0.0403417417 0 0 0 0.02762956131 0 0.0513993966 0 0.02291632674 0 0 0 0 0 0 0 0 0 0 0 0 0 0 0.01801043349 0.01832424365 0 0 0 0 0 0 0 0 0 0 0 0.03304978026 0.03492871537 0 0 0 0 0 0 0 0 0 
0 0 0 0 0.04107044524 0 0 0 0 0 0 0 0.01498718996 0 0 0 0 0 0 0 0 0.01474276051 0 0.08870457624 0 0 0 0 0 0 0 0 0 0 0 0 0 0 0 0 0 0 0.01091626647 0 0.007783264192 0.03232242028 0 0 0 0 0 0 0 0.01082616884 0 0 0 0 0 0 0 0 0 0.04233348331 0 0 0 0 0 0.04953567583 0 0 0.01200342353 0 0 0 0 0 0 0 0 0 0 0 0 0 0 0 0 0 0 0 0.03036018489 0 0 0 0.01659008695 0 0 0 0 0 0.04454331194 0.07479669891 0 0 0 0.01540204088 0 0.04723634025 0 0.0239267119 0 0 0 0 0.01160654768 0 0 0 0 0.03439918583 0 0 0 0.07475426983 0 0 0 0 0 0 0 0 0.02325952129 0 0 0 0 0.01001471994 0.01220399052 0 0 0 0 0 0 0 0 0 0 0 0 0 0 0 0 0 0 0 0 0 0 0 0 0 0.05256648757 0 0 0 0 0.005516808238 0 0 0 0.01344677259 0 0 0 0 0 0 0 0 0 0 0 0 0 0 0 0 0.04970146572 0 0 0 0 0 0 0 
0 0 0 0 0 0 0.05596559178 0 0 0 0 0 0.01842242977 0 0 0 0 0 0 0 0 0 0.04419233949 0 0.03609052966 0 0 0 0.03720565332 0 0 0 0 0.0433736976 0 0 0 0.003457109731 0 0.01736283953 0.04051841508 0 0 0 0.009831196781 0 0 0 0.03959082076 0 0 0 0.02401284998 0.04524574228 0 0 0 0 0 0.02238434822 0 0 0 0.002994317878 0 0 0.01672863037 0 0 0 0.01729565433 0.02639722112 0 0 0 0 0 0 0.03969525906 0 0 0 0 0 0.02481431162 0 0.02248848202 0 0 0.02458545804 0 0 0 0 0 0.009192751228 0 0 0 0 0 0 0.04651255531 0.008399695905 0 0 0.03485938899 0 0.01545676255 0 0 0 0.008422144241 0.01095828476 0.02058200098 0 0 0 0 0 0.01007350608 0 0 0 0.0254279963 0 0 0 0 0 0 0.02122127669 0 0 0 0 0.01982944246 0 0 0 0 0 0 0 0 0 0 0 0 0 0 0 0 0 0 0.0483626217 0 0 0.006451750741 0 0.02697750402 0 0 0 0 0.009683731549 0 0 0 0 0 0 0.03668791648 0 0.02552803873 0 0 0 0 0 0 0.03382885187 0 0.05866277726 0 0 0 0 0 0 0 0.04840654958 0 0.01203895658 0 0.04063783395 0.01731950165 0.02882736902 0 0 
0 0.01137583508 0 0 0 0 0 0 0 0 0 0.02464545916 0 0 0.005778463176 0 0 0 0 0 0 0 0 0 0 0 0 0 0 0 0 0 0 0 0 0 0 0 0.01020497226 0.02106783749 0 0 0 0 0 0.02163349695 0 0 0 0 0 0 0.02730455342 0.01948232153 0.01890949305 0 0 0.02098978469 0 0 0 0 0 0 0 0 0 0 0 0.05034553147 0 0 0 0 0 0 0.06338902048 0 0 0.02125901137 0 0 0 0 0 0 0 0 0.003851625133 0 0 0 0 0 0 0 0 0 0 0 0 0 0 0 0 0 0 0 0 0 0.006290157858 0 0 0 0 0 0 0 0 0.04102147879 0 0.006107927506 0 0 0.02774838 0 0 0.01080103578 0 0 0.01082931825 0 0.01559655833 0 0 0 0 0 0 0 0 0.05398071869 0 0.03725060782 0 0 0 0 0.02488942396 0 0.009786600229 0 0 0 0 0 0 0.0502645384 0 0 0 0 0 0 0 0 0 0 0 0 0 0.04062589469 0.05288786241 0 0.01552807831 0 0 0 0 0 0.05301152908 0 0 0 0 0.002791590946 0 0 0.007548929196 0 0 0 0 0 0 0 0 0.04905380443 0 0 
0 0 0 0.03146027195 0 0 0 0 0 0 0 0 0.04904329573 0 0.002628626108 0 0 0 0 0.0468371855 0.02317486212 0 0 0 0 0 0.01657254926 0 0 0 0 0 0 0 0 0 0 0 0 0 0 0 0 0 0 0 0 0 0 0.02671788156 0 0 0 0 0 0.1055740739 0.02549504235 0 0 0 0.03496344624 0 0 0 0.01702520233 0.02211781895 0 0 0.07313028221 0 0 0.0101373579 0 0 0 0 0 0 0 0 0 0 0 0 0 0 0 0 0 0 0 0 0 0 0.02249862076 0 0 0 0 0 0 0 0.02381234757 0 0.04326869511 0 0 0 0 0 0 0 0 0.04620419072 0 0 0 0 0.04534102923 0 0.01031524511 0 0.01417945888 0 0.02132035919 0.009626821246 0 0 0 0 0 0 0 0 0 0.01159619384 0.04120209083 0 0 0 0.01693376657 0 0 0 0 0 0 0.007487902048 0 0 0 0.03863887053 0 0 0.01100444052 0.03526888772 0 0 0 0.03292910218 0 0.02201153371 0 0 0 0.01190377763 0 0 0.009244046325 0.02438874284 0 0 0 0.03905150093 0 0 0 0 0 0 0 0 0 0 0.05264347983 0.01448140486 0 0 0.01047385782 0 0 0 0 0 0 0 0 0 0 0 
0 0 0.009272551187 0 0 0 0 0.05688277319 0.04352237203 0 0 0 0 0 0 0 0 0 0 0 0 0 0 0.006971100584 0 0 0 0 0 0 0 0 0 0 0.03630054637 0 0 0 0 0.00785303575 0 0.02916722948 0 0 0 0 0 0.02209303303 0 0 0 0 0 0 0 0 0.01165260261 0 0 0 0 0 0.02688940328 0 0 0 0 0.02296785706 0 0.01327903377 0 0 0.04892324087 0 0 0 0 0 0.05212058647 0 0 0 0 0 0 0 0.02186043623 0.01780970785 0 0.003296287759 0 0 0.2360637582 0.03238248064 0.03256728277 0.03266345011 0 0 0 0 0 0 0 0.04089571076 0 0 0 0 0 0 0 0 0 0 0 0 0 0 0 0 0 0 0 0 0.01068555369 0 0 0 0 0.01883871339 0 0 0 0 0 0 0 0 0 0.03241549251 0 0 0 0 0 0 0 0 0.01317680381 0 0.02151052603 0 0 0 0 0 0.02520764767 0.03675928635 0 0 0 0 0 0 0 0.04770289814 0 0 0 0 0 0 0 0 0.02663895151 0 0 0 0 0 0 0.04595919687 0 0 0 0 0 0 0 0.0007406494373 0 0 0 0 0 0 0 0.04515976535 0.04048142081 0 
0 0 0 0 0 0.006141942459 0 0 0 0.02464337295 0 0 0 0 0.02622060442 0 0 0 0 0 0 0.03681256267 0.01544749448 0 0.01338964087 0 0 0 0.01012210711 0 0 0 0 0 0 0 0 0 0 0 0 0 0 0 0 0.01138541585 0 0 0 0 0 0 0 0 0 0 0 0.007556205821 0 0 0 0 0 0 0.01218793044 0 0 0 0 0 0 0 0 0 0 0 0 0 0 0 0 0 0 0 0 0 0.008138889036 0 0 0 0 0 0 0 0 0 0 0.002544044197 0 0 0.01666264569 0 0 0.01476179172 0 0 0 0.07636622693 0 0 0 0.05277388534 0 0 0 0 0 0 0 0 0.04929059205 0 0 0 0 0 0 0 0 0.01732916035 0 0 0.05324042394 0.01609296368 0 0 0 0 0 0 0 0 0 0 0 0 0 0 0 0 0 0 0 0 0 0 0 0 0.03014550747 0 0 0 0 0 0 0 0 0 0 0 0.01898445232 0 0 0 0 0 0 0 0 0 0 0 0.03160688389 0.01224457229 0 0 0.0738347453 0 0 0 0 0 0 0 0 0 0.02976459311 0 0 0 
0 0 0 0 0 0 0 0.01035701656 0 0 0.06156277707 0.0132449328 0 0 0 0 0 0 0 0 0 0 0.00749150272 0.01280699412 0 0 0 0 0 0 0 0 0 0 0 0 0 0.02937244203 0 0 0.001755431406 0.006767435349 0 0 0 0 0.03883887973 0 0.02191764861 0 0 0 0 0 0 0 0 0 0 0.01165399227 0 0 0 0 0 0 0 0 0 0 0 0 0.02651891911 0 0 0 0.008006406759 0 0 0 0 0 0.03152249903 0 0 0 0.05486713885 0 0 0 0 0 0.03652879755 0.01809501547 0 0 0 0.05356076269 0 0 0 0 0 0 0 0 0 0.00851991803 0 0 0 0 0 0 0 0.05982137096 0.04034626129 0 0 0.03565478174 0 0 0.05263430329 0 0 0 0 0 0 0 0 0 0 0.02670048783 0 0 0 0 0 0 0.03025958757 0.02694231504 0 0.04431407598 0 0 0 0 0 0 0 0.03388753908 0.03225029642 0.00900568673 0.01159681303 0 0 0 0.01083253481 0 0 0 0.04369530658 0 0 0.03199886305 0.03227524183 0 0 0 0 0.03768196162 0 0 0 0 0.01603420267 0 0 0 0 0 0 0 0 0 0 0.01065589303 0 0 0 0 0 0 0 0 0 0 0 0 
0.01674541562 0.01513853302 0 0 0 0.006962592981 0 0 0.001178112951 0 0 0.007341684211 0 0 0 0 0.02423270756 0.01906545645 0 0 0 0 0 0 0 0 0 0 0 0.008425171268 0 0 0 0 0 0 0 0.00905450015 0 0 0 0.05177170961 0 0 0 0 0 0 0 0 0 0 0 0 0 0 0 0 0.02129710939 0 0 0.00693077189 0 0 0 0 0 0 0 0 0.04971076178 0 0 0 0 0 0 0.04418889892 0 0 0 0 0.03585263903 0 0 0 0 0 0.01156195002 0 0 0 0 0 0 0 0.01822563057 0 0 0 0 0 0 0 0 0 0 0 0 0.05567651187 0 0.03614537979 0 0 0.02022899808 0.02849837904 0 0 0 0 0 0 0 0 0 0 0 0 0.01317360557 0.02780169978 0 0 0 0 0 0 0.03125943766 0 0 0 0.01981773721 0 0 0 0 0 0 0 0 0 0 0 0 0 0 0.04499848197 0.02126393766 0 0.03301263886 0 0 0 0 0 0 0 0 0 0 0 0 0 0 0.02596092256 0 0.04305694446 0 0.01429697843 0 0 0 0 0.01708756498 0 0 0 0 0 0 0 0 0 0 0 0 0 0 0.0004955701285 0 0 
0 0.01513023598 0 0 0 0 0 0 0.01242421362 0 0 0 0 0 0.01665890182 0 0 0 0 0 0 0 0 0.01097706066 0 0 0 0.01548148421 0 0 0 0 0 0 0 0 0 0 0 0 0 0 0 0 0 0.03623836036 0 0.03636777912 0 0 0 0.01712273021 0 0.008801365012 0 0.05064345556 0 0 0 0 0 0 0 0 0 0 0 0 0 0 0 0.02318989977 0 0 0.01649101979 0 0 0 0.01948114943 0 0 0 0.03510869018 0 0 0 0 0 0 0 0 0 0 0 0 0 0.04178271659 0.01399476614 0 0 0 0 0.02853958456 0 0 0 0 0 0.002026052385 0 0 0 0 0 0 0 0 0 0.02485836594 0 0 0 0 0 0 0 0 0.02853673094 0.04242323672 0 0 0 0.02252081743 0 0 0 0 0 0.01385249898 0 0 0 0 0 0 0 0.04696635448 0 0 0 0 0 0 0 0 0.01530366129 0 0.04071984864 0 0.0187577004 0 0 0 0 0 0 0 0 0.01504455424 0 0.01636725488 0 0.05570605537 0 0 0 0 0 0 0 0 0 0 0 0 0.01411322507 0 0 0 0 0 0 0 0 0 0 0 0 0 0 
0 0 0 0 0.02197421946 0 0 0.006595034428 0 0 0 0 0 0 0 0 0 0.00962453346 0 0 0.006095928656 0 0 0 0 0 0 0 0 0 0 0.02043917073 0 0 0 0 0 0.005158339974 0 0 0 0 0 0 0 0 0 0 0.01028099329 0 0.0414481359 0 0 0 0 0 0 0.03692008034 0.03039326132 0.03518279846 0 0 0 0 0 0 0 0 0 0 0 0 0 0 0 0 0 0 0 0 0 0 0.0001975439418 0.02161058854 0.02444617157 0 0 0 0 0.03559650526 0.07828293715 0 0 0.03421860358 0 0 0 0 0 0 0 0 0.02235558946 0 0 0 0 0 0 0 0 0.01071236372 0 0 0 0.01432094405 0 0 0 0 0 0 0 0 0 0 0 0.02196015281 0 0 0.06340405354 0 0.009801837333 0.03396242019 0 0 0 0 0 0 0 0 0.01323193923 0.01355296377 0 0 0 0 0 0 0 0 0 0 0 0 0 0 0 0 0.04728479804 0 0 0.02779344662 0.01031963933 0 0 0.03441919824 0 0 0.02463566181 0 0 0 0 0 0.01763832249 0 0 0 0 0 0 0 0 0 0 0 0 0 0 0 0 0 0 0.05898602779 0 0 0.03133777898 0 
0 0 0 0.04220223546 0 0 0 0 0 0 0 0 0 0 0 0 0.05408188209 0.01600236998 0 0 0.008075780501 0 0 0 0 0 0 0 0 0 0.01054355966 0 0 0 0.01178277863 0 0 0.0101399172 0.03937315336 0 0.01927638051 0.047605949 0 0 0.007477915075 0 0 0 0.0357404811 0 0 0 0 0.007119094512 0 0 0 0 0 0 0 0 0.05203893716 0 0 0 0 0.02171267585 0 0 0 0 0 0 0 0 0 0 0.02649398009 0 0 0 0 0 0 0 0 0 0 0 0 0 0 0 0 0.02416081871 0 0 0 0 0 0 0 0 0 0 0 0 0 0.04813464082 0 0 0 0 0 0 0 0 0 0 0 0 0 0 0 0 0 0 0.04252810012 0.009885334739 0 0 0 0 0 0.01940545194 0.03335616743 0 0 0 0 0.01031922724 0 0 0 0 0 0 0 0 0 0 0 0 0 0 0.00892970866 0 0 0.03436687801 0 0 0 0.005432220446 0.04838070366 0.04565379422 0 0 0 0 0 0 0 0.01269232709 0.02041287616 0 0 0 0 0 0 0 0 0 0.02581768495 0 0 0 0 0 0 0.04085002819 0 0 0 0 0 0.02432387852 0 0 
0 0 0 0 0 0 0.006343746435 0 0 0 0 0 0 0 0 0 0 0.01417357224 0 0 0 0 0 0 0 0.01259178239 0 0 0 0 0 0 0.04972982437 0 0 0 0 0 0 0 0 0.006911647082 0 0 0 0.04105681444 0 0 0.03153012839 0 0 0 0 0 0.01739971608 0.01036084925 0 0 0 0 0.009466692964 0 0 0.009451320316 0.04754407167 0 0 0 0 0 0 0 0 0.01048488098 0 0 0 0 0 0 0 0.01541996329 0 0 0 0 0 0 0 0 0 0 0 0.009624588132 0.09031672353 0 0 0 0 0 0 0 0.04416406121 0 0 0 0 0 0 0 0.010874482 0 0 0 0 0 0 0 0 0 0 0 0 0 0 0 0 0 0.02292339174 0 0 0 0 0 0 0 0 0 0 0 0 0 0 0 0 0 0 0 0 0 0.07141720783 0 0 0 0 0 0.02076036891 0.01683935041 0 0.02954820189 0 0 0 0 0 0 0 0 0 0 0 0 0 0.00952667057 0 0 0 0 0 0 0 0 0 0 0 0 0 0.0235671967 0 0 0 0 0.0125193841 0.01603267268 0 0 0.02542581775 0 0 0 
0 0 0 0.01323186766 0 0.04417215117 0 0 0 0 0 0 0 0 0 0.04822731149 0 0.01725530382 0 0 0 0 0.0589278949 0 0 0 0 0 0 0.01928882431 0.03939382914 0 0 0 0 0 0 0.05097989668 0.01691549247 0.007947811698 0 0 0 0 0 0 0 0 0.02396399303 0 0 0 0 0 0 0 0 0 0 0 0 0.04383226416 0 0 0 0 0 0 0 0 0 0 0 0.04045381041 0.05219549864 0 0 0 0 0 0.02120675235 0.03255869164 0 0 0 0.02117587266 0 0 0 0 0 0 0 0 0 0 0 0 0 0 0 0 0 0.01052671969 0.02042554204 0 0.01357471114 0 0 0 0 0 0 0 0 0 0.02485507334 0 0 0 0 0 0 0 0 0 0 0 0 0.0478560548 0.02336913629 0.04751684331 0.008247535661 0 0 0 0 0 0.01252861955 0 0 0 0 0 0 0 0 0.03297793986 0 0 0 0 0 0 0.02721670029 0 0 0 0 0 0 0.01119200588 0 0 0 0 0.1785561155 0 0 0 0 0 0.01102611029 0.01932588738 0 0 0 0 0.01371612058 0 0 0 0 0 0 0 0 0 0 0.02088860927 0 0 0 0.0656715176 0 0 0 0 0 0 
0.01338131479 0 0 0 0.02215908176 0 0 0 0.0140840296 0 0 0 0 0 0 0.03336733826 0 0 0 0.08303254505 0 0 0 0 0 0 0 0 0 0 0 0 0.01776237648 0 0 0 0 0 0 0 0 0 0.01746923135 0 0.01249380937 0 0 0 0 0 0 0 0 0 0.007514999966 0.02113917799 0 0 0 0 0 0 0 0 0 0 0 0 0 0 0 0 0 0 0.02118483588 0 0.05457701457 0 0 0 0 0 0.05008828944 0 0.008175509579 0 0 0 0 0.01167583855 0 0 0 0 0 0 0 0.008352517362 0 0.0209622355 0 0 0 0 0 0.01358099426 0 0 0 0 0.009139255534 0 0 0.02986611336 0.03365495385 0 0 0 0 0 0 0.05395530904 0 0.02343420868 0 0.03345068588 0 0 0 0 0 0 0.000685710913 0 0 0 0 0 0 0 0 0.02623173327 0.03885462082 0 0 0 0.0211599918 0 0 0 0 0.009176001782 0 0 0 0 0 0 0 0.02270632877 0.016982687 0 0 0 0 0 0 0 0 0 0 0.01560692248 0 0.01867202742 0 0.0582359169 0 0 0 0 0 0 0.02392132204 0 0 0 0 0 0 0 0 0 0 0 0 0.04965124377 0.02187029606 0 0 0.03873952698 
0 0 0 0 0 0.008184709299 0 0 0 0 0 0 0 0 0 0 0 0 0 0 0 0 0 0 0 0 0 0 0 0.02466737222 0 0.04211260586 0 0.05216017823 0 0.008118082402 0.02430875431 0 0.04546196312 0 0 0 0 0 0 0 0.02798047256 0.02844640105 0 0 0 0 0 0 0 0 0 0 0.009621210015 0 0 0 0 0 0 0 0.01740655077 0 0 0.009044795861 0.01312648589 0.05222172911 0 0 0 0 0 0 0 0 0 0 0 0 0 0 0 0 0.0421219234 0 0 0 0 0 0 0 0 0 0 0 0 0 0 0.03579015115 0 0.03571513173 0 0 0 0 0 0 0 0 0 0 0 0 0 0 0 0 0.04296170378 0 0.01339097234 0 0 0 0 0 0 0 0 0 0 0 0 0.0351549285 0 0.01689707862 0 0 0 0.04921335797 0.01088662684 0 0 0.04477411748 0.0318949696 0 0.0120200616 0.05265814276 0 0 0 0 0 0 0.01947019024 0 0 0 0 0 0 0 0 0 0 0 0 0 0 0.01954792629 0 0 0.01336271513 0 0.01695926288 0 0 0 0 0 0 0 0 0 0 0 0 0 0.02743202588 0 0 0.01025109757 0 0 0 0.01632888456 
0 0 0 0 0 0.008670423362 0 0 0 0 0 0 0 0 0 0 0 0 0 0.03255096428 0 0 0 0 0.0205249792 0 0 0 0 0 0.01477898366 0 0.01037952072 0 0 0.02741476552 0 0 0 0.03507508976 0 0 0.01315312192 0 0 0.0250478979 0 0 0 0 0 0 0 0 0 0 0 0 0 0 0 0 0 0 0 0 0.0134365574 0 0 0.0125432064 0 0 0 0 0 0 0 0 0 0 0 0 0 0 0 0 0.02986197544 0 0 0.01668516308 0 0 0 0 0.03864710976 0.008039112277 0 0 0 0 0 0 0 0.009432984114 0 0.02037545031 0 0 0 0 0 0.02214722373 0 0 0 0 0 0 0 0 0.01027433071 0.01176445469 0 0 0 0 0 0.039204033 0.01250715088 0 0 0 0 0 0 0 0 0 0 0 0 0 0 0 0 0 0 0 0 0 0 0 0.01037262322 0 0 0.01641509466 0.04460314226 0 0 0.02266956031 0 0 0 0 0 0 0 0.01339177796 0 0 0 0 0 0.01017354014 0 0 0.02314832 0 0 0 0.04888384517 0 0 0 0 0 0 0 0 0.01823167036 0.05264562398 0 0 0 0 0 0.02446496845 0 0 0 
0 0 0 0 0 0 0 0 0 0 0 0.007723025237 0 0.0386120388 0 0 0.001883092511 0 0 0 0 0.0179758344 0 0 0.07151898222 0 0 0 0 0 0 0.03103761292 0 0.01112219949 0 0 0 0 0 0 0.02440449074 0 0 0 0 0 0 0.04364849725 0 0.0098991621 0.02134476249 0 0 0.0259872373 0 0 0 0 0 0 0 0 0 0 0 0 0 0 0 0 0 0 0 0 0 0 0 0 0 0 0 0 0 0 0 0 0 0 0 0 0 0 0 0 0 0 0 0 0 0 0 0.03366965145 0 0 0.03552819252 0 0 0 0 0 0 0 0.01294252511 0.03854267115 0 0 0 0 0 0.03540518991 0 0 0 0 0 0 0.01747986827 0 0 0 0.01147818037 0 0.04175198585 0 0 0 0 0.004273182431 0 0 0 0 0 0.01282936176 0 0 0.01124822635 0 0 0 0 0.02487897695 0 0 0 0 0 0 0.01412614673 0 0 0 0 0.01047350095 0.01271332762 0 0 0 0 0 0 0 0.02697410602 0.03396040776 0 0 0 0 0.001957673141 0.01202397392 0.03816256264 0 0.009277423264 0 0 0 0.01363779963 0 0 0 0 0 0.03925764731 0 0 0.08557920257 0.02102142121 0 0.05561194904 0 
0 0 0.01584502255 0 0 0 0.01910780117 0.009459983954 0 0 0.0479230094 0.02604721487 0 0 0 0 0 0 0 0.03061948561 0 0 0 0 0 0 0.02448509574 0 0 0 0 0 0 0.02139871775 0 0 0 0 0.02284399969 0 0 0 0.006174371414 0 0.00704976885 0 0 0 0 0 0.03513933581 0 0 0 0 0 0 0 0 0.01239589602 0 0 0 0 0 0.007165003068 0 0 0.0334599955 0 0 0 0 0 0 0 0 0 0 0.05103061571 0 0 0 0 0 0 0.02020505229 0.03484875817 0 0 0 0 0 0 0.01430631873 0 0 0 0 0 0 0 0 0.02102315708 0 0.0001285308531 0 0 0.02527052337 0 0 0.01708821775 0 0 0.008983875629 0 0 0.01703504342 0 0.04582013542 0 0 0 0 0 0 0 0 0 0 0 0 0 0 0 0 0 0 0 0 0 0.04530008804 0 0 0 0 0 0 0 0 0.07719762516 0 0 0 0 0 0 0 0 0.0257446403 0 0.01674071175 0 0 0 0 0 0 0 0 0 0.00930396165 0.050401506 0 0 0 0 0 0.01824128108 0 0 0 0 0.02133632382 0 0 0 0 0.02931055947 0 0 0.01290928377 0 0 0 0 0 0 0.05289981532 0 
0.006598270915 0 0.005987314626 0 0 0 0 0 0 0 0 0 0 0 0.02685906041 0 0 0.007219924671 0 0.05631505113 0.008717611051 0 0 0 0.00631068671 0 0 0.009673388659 0.007900463506 0.01416259271 0.01906205143 0 0 0 0.007077084426 0 0 0 0 0.02221153345 0.02542593154 0.01385793923 0 0.008229096452 0.02003165599 0.01293490087 0.03001406566 0 0 0 0 0.02959249066 0 0 0.0449294066 0.008776480272 0 0 0.04916649437 0 0 0 0 0 0 0 0 0.04924253812 0 0 0 0 0 0 0 0 0.03792605999 0 0 0.02007971328 0.01081578515 0 0 0 0 0 0 0 0.04050317947 0 0 0 0.04651001842 0 0.04709431299 0 0 0 0 0 0 0 0 0 0.02627061773 0.03950826891 0 0 0 0.008175532389 0 0 0 0 0 0 0.01032329215 0 0 0 0 0 0 0 0.02395591274 0 0 0 0 0.008458740376 0 0 0 0.08037183175 0 0 0 0 0 0 0 0 0.05997646839 0 0 0 0 0 0 0 0 0 0 0 0 0 0 0 0 0.009165805641 0 0 0 0 0.1540981844 0 0 0 0 0.01219434283 0 0 0 0 0.03104597339 0 0.03957974179 0 0 0 0 0 0 0 0 0.04520850639 0.01875208503 0 0 0.06023318943 0 0 0 0.0107879179 0 0 0.0128408157 0 0 0 
0 0 0 0 0 0 0 0 0 0 0 0 0 0 0 0 0 0 0 0.005152322926 0 0.006402058431 0 0 0 0 0 0 0 0.01814636745 0.03354560385 0 0 0 0 0 0 0 0 0 0 0 0 0 0 0 0 0 0 0.01288300463 0 0.009049334611 0.02650609393 0 0 0 0 0 0.03530411665 0 0 0 0 0 0 0 0 0.01835354845 0 0.02194860593 0 0.008801453657 0 0 0 0 0 0 0 0 0 0 0 0.03066937629 0.01701961826 0.02774752652 0 0.02232924865 0 0 0 0 0 0 0 0.03234155636 0 0 0 0 0 0 0 0 0 0 0 0 0 0 0 0 0 0 0 0 0 0 0.004979109333 0 0.02581034449 0 0 0 0 0 0 0 0 0 0 0 0 0 0 0 0.05622001294 0.01003420739 0 0.01700812551 0.04350751701 0 0 0 0 0.009079090797 0 0.03614455104 0 0 0 0 0 0 0 0 0 0 0.02178676556 0.02486429556 0 0 0 0 0 0 0 8.236602109e-05 0 0 0 0 0 0 0 0 0 0 0 0 0.01504432086 0 0.009855969824 0.06010028196 0.05082543773 0 0 0 0 0.03576178339 0 0 0 0 0 0 0 0 0 0 
0.02117631243 0.04178261605 0 0 0 0 0 0 0 0.06770686293 0 0 0.04323544587 0 0 0 0 0 0 0 0 0 0 0 0 0.02170034381 0 0 0.00763585983 0 0 0 0 0 0 0 0 0 0 0 0 0 0.01041317999 0 0 0.01515771764 0 0 0 0 0.04157792463 0 0 0 0 0 0 0 0.02799524132 0 0 0 0 0 0.002742485005 0 0 0 0 0 0 0 0 0 0 0 0 0 0 0 0 0 0 0 0 0 0.04122519787 0 0 0 0 0 0 0 0.03177420061 0 0 0 0 0 0 0 0 0 0.0113283448 0 0 0 0.0140694155 0.08112060083 0 0 0 0 0 0 0 0.02201003301 0 0 0 0 0.04207458846 0 0 0 0 0 0 0.02716707719 0 0 0.03594020492 0 0 0 0 0 0 0 0 0 0 0 0 0 0 0 0 0 0.1015440021 0 0 0 0.03421831501 0 0 0 0 0 0 0 0 0 0 0 0 0 0 0 0 0 0 0 0 0 0 0 0 0 0 0.1121757934 0 0 0 0 0 0 0 0 0.02812894727 0 0 0 0.04874615036 0 0 0.02238271782 0.03000779166 0 
0 0 0 0 0 0 0 0 0 0 0 0 0 0 0 0.1037983978 0 0 0 0 0 0.02098161999 0 0.02524447938 0 0 0 0.0007322046051 0 0 0 0 0 0 0 0 0 0 0 0.02972670638 0.006704051988 0 0 0 0 0.01387358918 0 0 0 0 0 0 0 0 0 0 0 0 0 0 0 0.01185126377 0 0 0 0 0 0.01207305723 0 0 0 0 0 0 0 0 0 0.007443231479 0 0 0 0 0 0 0 0 0 0 0 0 0.04061973298 0 0 0.03917312478 0.009284505963 0 0 0 0 0 0.0357236816 0 0 0.03380119037 0 0 0 0 0 0 0 0.01093847386 0 0 0 0 0 0 0 0 0.01076762088 0 0 0 0 0 0 0 0 0 0 0 0 0 0 0 0 0 0 0.006007669986 0 0 0 0 0 0 0 0 0 0 0 0 0 0 0 0 0 0.01007933328 0 0.01676089083 0.0151647234 0 0 0 0 0 0.04660226506 0 0 0.01203794316 0 0 0 0 0.01218040919 0 0 0 0 0 0 0 0 0.0267385486 0 0 0 0.03112214984 0 0 0 0 0 0 0 0 0 0 0 0 
0 0 0 0 0 0 0 0 0 0 0.03831647375 0 0 0.0279972377 0 0 0 0 0 0 0 0 0 0 0.007660657584 0.02788525691 0 0.01673936655 0 0.03015325592 0 0 0 0 0 0 0 0 0 0 0 0 0 0 0.05206535339 0 0 0.01136907049 0 0 0.002937022217 0.01782462078 0 0 0 0 0 0 0.009807089542 0 0 0 0 0 0 0 0.04345253723 0 0 0 0 0 0 0 0 0 0.02251332783 0 0 0 0 0.01351894378 0.01810774235 0 0 0 0 0 0 0 0 0 0 0.01108833887 0 0 0 0.007842628699 0 0 0 0 0 0 0 0 0 0 0 0 0.005963981722 0 0 0 0 0.0565167461 0 0 0.02813631714 0.01040965726 0.01066994002 0 0 0 0 0 0.01028912152 0 0 0 0 0 0 0 0.04401795846 0 0.01032081874 0 0 0 0 0 0.03763411731 0.01654314287 0 0 0 0 0 0 0 0 0 0 0.04488545355 0 0 0.02554691286 0.04153359964 0 0 0 0.03494997857 0.04257780572 0 0 0.01796185751 0.07963303028 0.06451387727 0.04033782911 0.04027355963 0.05082389972 0.01079873615 0 0.05040617197 0.0353294453 0 0 0 0.01861739776 0 0 0 0 0 0 0 0.02962052939 0.03823944123 0 0 0 0 0 0 0 0 0 0 0 
0 0.01763046786 0 0 0 0 0 0 0 0 0.008158635091 0.03115417549 0.01866923376 0.04760661981 0 0 0 0 0 0 0 0 0 0 0 0 0 0 0 0 0 0 0 0 0 0 0 0 0.01055757527 0 0 0 0 0 0 0 0 0 0 0 0 0.04455936193 0 0 0 0 0 0 0 0.008242505742 0 0 0 0 0 0 0 0 0 0 0.01389285235 0 0 0 0 0 0 0 0 0 0 0 0 0 0.02160701503 0 0 0 0 0 0 0 0 0 0 0 0 0 0.04088694993 0 0 0 0 0 0 0 0 0 0 0 0 0.06606600321 0 0 0.01324743348 0 0 0 0.01525848465 0.003025139349 0 0 0 0 0 0 0.003237016137 0 0 0 0 0 0 0 0 0 0.0238015777 0 0 0 0 0 0.02371778134 0.03610063224 0 0.04674424502 0 0 0 0 0 0 0.02033789177 0 0 0.01007980492 0 0 0 0 0 0.02297308326 0 0.02581585833 0 0 0 0 0 0 0 0.01113517983 0.01151384278 0 0 0 0 0 0 0 0 0 0 0 0 0.03750398358 0 0.04264046848 0 0 0 0 0.0144509568 0 0 0 0.01592543183 0 0 0 
0 0 0 0 0 0.01539016806 0 0 0.04001793095 0 0 0 0 0 0.001011565857 0 0 0 0.008515533697 0.03196307513 0.05312781829 0 0 0 0 0 0 0 0.01947062395 0.02967596888 0 0 0.007624710708 0.002718580329 0 0 0.03508425508 0 0 0 0 0.02152835855 0 0 0 0 0 0.03951512256 0 0 0.01153937771 0 0 0.009990215454 0.007527800512 0 0.02113918444 0.03044399799 0 0 0 0 0 0.01181142371 0 0 0 0 0 0 0 0 0 0 0 0 0 0 0 0 0 0 0 0 0 0 0 0.01590105081 0.032407184 0 0 0.01485827676 0.01922435111 0 0 0 0 0 0 0.01016523867 0.05179310321 0 0 0 0 0 0 0 0 0 0 0 0 0 0 0 0.02701137377 0 0 0 0 0 0 0 0 0 0 0 0.01207649009 0 0 0 0 0 0 0 0.02231734047 0.017327873 0 0 0 0 0 0 0 0 0 0.01942703255 0.008597452249 0 0 0 0 0 0.02706071826 0 0 0.04094751379 0 0 0 0 0 0 0.03660282207 0 0 0 0 0 0 0 0.02322157585 0 0 0 0 0.01792811378 0.01187288118 0 0 0 0 0 0 0 0 0 0.05513076303 0 0 0 0 0 0 0 0 0 0 0 
0 0 0.05079898844 0 0 0 0 0 0.02790656831 0 0 0 0 0 0 0 0 0.01000854218 0 0.02909153667 0.001969818224 0 0 0 0 0 0 0 0 0 0 0 0 0 0 0 0 0 0 0 0 0 0 0.01130287094 0 0.0481709938 0 0.07568827862 0 0 0 0 0 0 0.02045501721 0 0 0.02600809227 0 0 0.02264921411 0 0 0 0.01161805577 0 0 0 0 0 0 0 0 0 0 0.01240399296 0 0 0 0 0 0 0 0 0 0.01857840815 0 0 0 0 0 0 0 0 0 0.02558185427 0 0 0 0 0.01915181266 0 0 0.01034842819 0 0 0 0 0 0 0.03268276039 0 0 0 0 0 0 0 0 0.02794913295 0 0 0 0.06077433869 0 0 0 0.01929327709 0 0 0 0 0 0 0 0 0 0 0 0 0 0 0 0 0 0.06579349881 0 0 0.03003496261 0 0 0 0 0 0 0.01294465124 0 0 0.06258039811 0 0 0 0 0 0 0 0 0 0 0 0 0 0 0 0.01339437516 0.09578922757 0 0 0 0 0 0 0 0 0.02094771147 0 0 0 0 0 0 0 0.03619279893 0 0 0 0.02402311778 0 0 0 
0.01608784904 0 0 0 0.02996728687 0 0 0 0.01040442158 0 0 0.005340824013 0 0.04965437559 0 0 0 0 0 0 0.001453380921 0 0.01521406711 0 0 0 0 0 0.05127888846 0 0.02954388428 0 0.0546048718 0 0.04786747509 0 0 0.0175662248 0 0 0 0 0 0 0 0 0 0 0 0.009202504679 0.04550028075 0 0 0.01067730671 0 0 0 0 0 0 0 0.01774238865 0 0 0 0 0 0 0 0.0162993248 0 0.02567870248 0 0 0.005456427755 0 0 0 0 0 0.0172954931 0 0 0 0 0 0.0141710309 0 0 0.01838476806 0 0 0.05829100435 0 0 0 0 0 0 0 0 0 0 0.03179308404 0 0 0 0 0 0 0 0 0 0 0 0 0.0109116036 0 0.05098601908 0 0 0 0 0.0269827127 0 0 0 0 0 0 0.02290722699 0 0 0 0 0 0 0 0 0 0 0.01010443698 0.01429929241 0 0 0 0 0 0.05436100564 0 0 0.01406575721 0 0 0 0.00946835015 0.04277000839 0 0 0.02999681418 0 0 0 0 0 0 0 0.01772049179 0.03033917669 0 0 0 0 0 0 0.04253568416 0 0 0 0 0 0 0 0 0 0 0 0 0 0 0 0 0 0 0 0 0 0 0 0 
0 0 0 0.01229362796 0 0 0.03578440274 0 0 0 0 0 0 0.01797633342 0 0 0.004137616582 0 0 0.01572645425 0 0 0.03189145471 0.04043305831 0 0 0 0 0 0 0 0 0 0 0.04291326838 0 0 0 0 0.00317691451 0.03859818068 0 0 0 0 0.02182530666 0 0 0.01939388281 0 0 0 0 0 0 0 0 0 0.001360970227 0.03465263581 0 0 0 0.02333109036 0 0 0.1198040242 0 0 0 0 0 0.04295417081 0 0.004299017921 0 0 0.04658553875 0.01393931183 0.01448394877 0 0 0 0 0 0 0 0 0 0 0 0 0 0 0 0 0 0 0 0.00321845922 0 0.00291076126 0 0 0 0 0 0 0 0 0 0 0 0 0.01258743698 0 0 0.05893940682 0 0 0 0 0.00598675163 0 0 0.03886897389 0 0 0 0 0 0 0 0 0.01830101003 0 0 0.04282501363 0 0 0.05536760572 0 0 0 0 0 0 0 0.01203705012 0 0 0 0.01212559695 0 0 0 0.05203954805 0 0 0 0 0 0 0 0.053522875 0 0 0 0 0 0 0 0 0 0 0 0 0.05242247306 0 0 0 0 0.04798464764 0 0 0 0 0 0 0 0 0 0 0 0 0.02688919792 0 0.01118583322 0 0 
0.02158706136 0 0.006640687364 0 0 0 0 0 0 0.006890046051 0 0 0 0 0 0 0 0 0 0.01560151377 0 0.04027296379 0 0 0 0 0 0 0 0.03669945619 0 0 0 0.02255300653 0 0 0.009908650094 0 0.01884320747 0 0.02208344859 0 0 0 0 0 0 0 0 0 0 0 0 0 0 0 0 0.04674193222 0 0 0 0 0 0.009183670902 0 0 0.05349433498 0.002996995494 0 0.03570480352 0 0.04653182468 0 0 0 0.03339976368 0 0.05071904377 0 0 0 0 0 0 0 0 0 0.02442312919 0 0 0 0.009765991636 0 0.008526453445 0 0 0.02180792601 0 0.004141285775 0 0.03102539973 0.02443323029 0 0 0 0 0.01366828555 0 0 0 0 0 0 0 0 0 0 0 0 0.01891822443 0 0 0 0 0.02059353249 0 0 0 0 0 0 0 0 0.03228225723 0 0 0 0 0 0 0 0 0 0.01284554103 0 0 0 0 0 0 0.01496231439 0.04522140032 0 0.001095820164 0.03871112326 0 0 0 0.05291363439 0 0 0 0 0 0 0 0 0 0.01952079948 0 0 0 0 0 0 0 0 0 0 0 0 0.04161619531 0 0 0 0 0 0 0 0 0 0 0.01939376838 0.03087083148 0 0 0 0 0 0 
0 0 0 0.07665647222 0 0 0 0 0.05372377991 0 0 0 0 0 0.02977585529 0 0 0 0 0 0 0.02152231744 0 0 0 0 0 0 0 0 0.04779545438 0 0 0.04591491303 0 0 0 0 0.006076278011 0 0.02305048531 0 0 0 0 0 0 0 0 0 0 0 0 0 0 0 0 0 0 0 0.01525502933 0.02172425103 0 0 0.0130827611 0 0 0 0.002757218714 0 0.03881687386 0.02330673736 0 0 0 0 0 0 0.04606978026 0 0 0 0.02176798478 0 0.008304138153 0 0.05766543851 0.011398983 0.0138783868 0 0 0 0 0 0 0 0.008127220577 0 0 0 0 0.01697287617 0.03377918179 0 0 0 0 0 0 0 0 0 0 0 0 0 0 0 0 0 0 0 0 0 0 0 0 0 0 0 0 0 0 0.05647479001 0 0 0.003517517513 0 0 0 0 0.004613067972 0 0 0 0 0.02135651168 0 0 0 0.03014876136 0.01124083692 0 0 0 0 0 0.02491186758 0 0 0.0369940406 0 0 0.05649811247 0 0.0163873656 0.01388235426 0 0.05014002481 0 0 0 0 0 0.02666175521 0 0 0.01517822478 0 0 0 0 0 0 0 0 0 0 0 0 0 0 0 0 0 0 0 0 0 0 
0 0 0 0 0 0 0.03548449899 0 0 0 0 0 0 0.01321603672 0 0 0 0 0 0 0 0 0 0 0 0 0 0 0 0 0.04508888136 0 0 0 0 0 0.006602473254 0 0 0 0 0 0 0 0 0 0 0 0.04225953138 0 0 0 0 0 0.02709124636 0 0 0 0 0 0.0489981361 0 0 0 0 0 0.03146757531 0 0 0 0 0 0 0 0 0 0 0 0 0 0 0 0 0.05548797227 0 0 0 0 0 0 0 0 0 0 0 0 0.0578826462 0 0.05777611463 0 0 0 0 0 0 0 0 0 0 0 0 0 0 0 0 0 0 0 0 0 0 0 0 0.04451020476 0 0 0 0 0 0 0 0 0 0.01521421799 0 0 0 0.02058317095 0 0 0 0 0 0 0 0 0 0.04680057691 0 0 0 0.01095227799 0 0 0.00622602152 0 0 0 0 0 0 0 0.01343362163 0.0176867543 0 0.04562565443 0 0.02679140076 0 0.009573256153 0 0 0 0 0 0 0 0 0 0.02395706443 0 0 0 0 0 0 0.01593806478 0.0103527011 0.009616800471 0 0 0 0 0.01326468055 0 0 0 0 0 0 
0 0 0 0 0 0 0.006326890099 0 0 0 0 0 0.0302152658 0 0 0 0 0.02137295313 0 0.02269316304 0 0.01178647255 0 0 0.01569718612 0 0 0 0 0 0 0.02931879412 0.02557838796 0 0 0 0 0 0.008192179646 0 0 0 0 0 0 0.01028304694 0 0 0 0 0 0 0.01477975961 0 0 0.05224436599 0 0 0.02121395845 0 0 0 0 0 0.01394713726 0 0 0 0 0 0.01090638981 0 0 0 0 0 0 0 0 0 0 0 0 0 0 0 0 0 0 0 0 0 0 0 0 0 0 0 0 0 0 0 0 0 0 0 0 0 0 0 0 0 0 0 0 0 0 0 0 0.04234950762 0 0 0 0 0 0 0 0.01376398753 0 0 0 0 0 0.02060646349 0 0 0 0 0 0 0 0 0 0 0 0 0 0.01308538178 0.01364926768 0 0 0 0 0 0 0.04305351326 0 0 0 0 0.009095173585 0 0 0 0 0 0.01753988425 0.0625129098 0 0 0 0 0.05978633864 0 0 0 0 0.01907532871 0 0 0 0.01142070667 0 0 0 0 0 0 0 0 0.02716033814 0 0 0 0 0 0 0 0 0 
0 0.037775303 0 0 0 0 0 0 0 0 0 0 0 0 0 0 0 0 0.03810057283 0 0.04045965716 0.008041721403 0.04572443568 0.0400858577 0 0 0 0 0.03132729956 0 0 0 0.01788970599 0 0 0.008569173688 0.00956597876 0 0 0 0.008334504658 0 0 0 0 0 0 0 0.03245419862 0 0.01895252138 0 0 0 0.006711949553 0 0 0 0 0 0 0 0.07846389575 0 0.07597462286 0 0 0 0 0 0.009176156671 0 0 0 0 0 0 0 0 0 0 0 0 0 0 0 0 0 0 0 0 0 0 0 0.05271112847 0 0 0 0 0 0.02922254534 0 0.009623890117 0 0 0 0 0 0 0 0.01617379272 0.03512681646 0 0 0.01482515134 0 0 0 0 0 0 0 0 0 0 0 0 0 0 0 0 0 0 0 0 0.01413569078 0 0 0 0 0 0 0 0 0 0 0 0.01475986547 0 0 0.01230171051 0 0 0 0 0 0 0 0 0 0 0 0.00615019337 0 0 0.01096398172 0 0 0.0173497659 0 0 0.01162208347 0 0 0 0.06381120127 0 0 0 0 0.01332701695 0 0 0 0 0 0 0 0 0 0 0 0 0 0 0 0 0 0 0 
0 0 0 0 0 0 0.01225490434 0 0 0 0 0.01072472064 0 0 0 0 0 0.008060056268 0 0 0 0 0 0 0.006372681535 0.02427883809 0 0 0 0 0.04760250124 0 0 0 0.01765002273 0.01472585236 0 0 0.01524517353 0 0 0.01205486741 0.01372199983 0 0 0 0 0.008389009146 0 0 0.04172821325 0.04880157731 0 0 0 0 0.01556842842 0 0 0.007536703746 0 0 0 0 0 0 0.03934973492 0 0 0 0 0 0 0.05157590825 0 0 0 0 0 0 0 0 0 0 0.01112806219 0 0 0.04484612195 0.02173214037 0 0 0 0 0.005929659984 0 0 0 0 0 0 0 0 0 0.02672289806 0 0 0 0 0 0 0.03925137313 0.03138394854 0 0.03160184226 0 0 0.0436953424 0.008476201808 0.01181434069 0 0 0 0.01889056786 0 0.05984095851 0 0 0 0 0.02337657703 0 0 0 0 0 0 0.04648609358 0 0 0.05014859815 0 0 0 0 0 0.03709567848 0.09540712208 0 0 0 0 0 0 0 0.03005935737 0.008763106204 0 0 0 0 0 0 0 0 0.009374705909 0 0 0 0 0 0 0.02251532633 0.01944929467 0 0 0 0.02850024052 0 0 0 0 0 0 0 0 0 0 0 0 0 0 0 0 0 0.06024000052 0 0 0 0.02586672254 0 
0 0 0 0 0 0 0 0 0 0.01570817394 0.02819591113 0 0.02506846181 0 0 0 0 0 0 0 0 0 0 0 0 0 0.02802753267 0 0 0 0 0.01743325394 0 0 0 0 0 0 0 0.02343228463 0 0 0 0 0 0 0 0 0 0 0 0 0.07493487043 0.01155416879 0 0.05488873199 0 0 0.009224999477 0 0 0 0 0.03431995935 0 0.03156120683 0 0 0 0 0 0 0 0 0 0 0 0 0.0263182025 0 0 0 0 0.01526349803 0 0 0 0 0.03039493937 0.03195511542 0 0 0 0 0.02977211478 0 0.01043582809 0 0 0.02927358349 0 0 0 0 0 0.01792071615 0 0.0009762183748 0 0 0.007495738523 0 0 0 0 0.04196325421 0 0 0 0 0 0 0 0 0 0 0 0 0 0.01812337955 0 0 0 0 0 0 0.009875191795 0.02215059297 0 0 0 0 0 0.01857752755 0.02583982881 0 0 0 0.02354036057 0 0 0 0 0 0 0.03369811503 0 0 0 0 0 0 0 0 0 0.009136659738 0 0 0 0 0 0 0.03027878719 0 0 0 0 0 0.01386886031 0 0 0 0.05016981282 0 0 0 0 0 0 0 0 0 0 0 0 0 0 0 0 0 
0 0 0 0.009409640659 0 0 0 0.007013049775 0 0 0 0 0 0.007035936351 0 0.03642284722 0.007963718871 0 0 0 0 0 0.03724424529 0 0 0 0 0 0.0121081731 0 0 0 0 0 0 0 0 0 0 0 0 0 0 0 0 0 0.01191640098 0 0 0 0.02902861462 0.003245868304 0 0 0 0 0 0 0 0 0 0 0.009118964389 0.02465902606 0 0 0.01012602023 0 0 0 0 0 0.01273191703 0 0 0.07075411263 0 0 0 0 0 0 0 0 0 0 0.0460216226 0 0 0 0 0 0 0 0 0 0 0 0 0 0 0.01182434097 0 0 0 0 0 0.004607040884 0 0 0 0 0 0 0 0 0 0.01527872334 0.0133127005 0 0 0.02037075193 0 0.01467693673 0 0 0 0 0.03265847235 0 0 0.02975937479 0 0.03363949627 0.01746598361 0 0 0.02118843195 0 0 0 0 0 0 0 0 0 0.03482958652 0 0 0 0 0 0 0 0 0.03454391495 0 0 0 0.03023594329 0 0 0 0 0 0 0 0 0.02951234459 0.01308714982 0 0 0.05412963563 0 0 0 0 0 0 0 0 0 0 0.02049979484 0 0 0 0 0 0 0 0 0 0 0 0.01200593397 0 0 0 
0.02542490207 0 0 0 0 0 0 0 0 0 0 0 0 0 0 0 0 0 0.01430801402 0.01658054123 0 0 0 0.004446471329 0 0 0 0 0 0 0 0 0 0 0 0 0 0 0 0 0 0.05020448401 0 0 0 0 0 0 0.04396177547 0 0 0 0.009010016867 0 0 0 0 0.02246942294 0.03124955048 0 0 0.01493242237 0 0 0 0 0 0 0 0 0 0.0199887283 0 0 0 0.009520145104 0 0 0 0 0 0 0 0 0 0 0 0 0.00288889916 0 0 0 0 0.03414621958 0.02573854641 0 0 0.02838843151 0 0 0 0 0 0 0 0 0.009943881471 0 0 0 0 0 0 0 0.01329315284 0 0 0 0.04321702862 0.009098284272 0.05050060787 0 0 0 0 0.009236922043 0 0.03825056585 0 0 0 0 0 0 0 0 0 0 0 0 0.05243566526 0.01338041454 0 0.01327218096 0 0 0 0 0 0 0 0 0 0 0 0 0 0 0 0 0.0300876521 0 0 0 0 0.009165549428 0 0 0 0 0 0 0 0 0 0.03571143732 0 0 0 0 0 0 0.01081784942 0.04556675619 0 0 0 0 0 0 0 0 0 0 0 0 0 0 0 0 
0 0 0 0 0 0 0.01826620144 0 0 0.0304279388 0 0 0 0 0 0 0 0 0 0 0 0 0 0 0 0 0 0 0 0 0 0 0 0 0 0 0 0 0.01619328466 0 0 0.01221797006 0 0 0 0 0 0.01790323312 0 0 0 0 0 0.01413835979 0 0.04408103342 0 0 0 0.09332984954 0 0.06440779029 0.01136603764 0 0 0.08205657309 0 0 0.04313234461 0 0 0 0 0 0 0.0174809335 0 0 0 0 0 0 0 0 0.03384605806 0.008401903826 0 0.0449039769 0 0 0 0 0.02366325422 0 0.008693125931 0.05412522508 0 0 0 0 0 0 0 0 0 0 0.01411755726 0 0 0 0 0 0 0 0.009053678771 0 0 0 0 0 0 0 0 0 0 0 0 0 0 0 0 0 0.01660550059 0 0.02502377392 0.03128410651 0 0 0 0 0 0 0 0.02845657711 0 0.01119153452 0 0 0 0 0 0 0.02025069699 0.013895553 0 0.03402358847 0 0 0 0 0 0.04221989769 0 0 0 0 0 0 0 0.02670371558 0.03196728965 0 0 0 0 0 0 0 0 0 0 0 0.01415420327 0.05795153413 0 0 0 0 0 0 0 0 0 0 0 0 0 0.03131104176 0.01386315916 0 
0 0.04558942241 0.01109926617 0 0 0.01326863988 0 0 0 0 0 0 0 0.02047609794 0 0.0436000752 0 0 0 0.01241363441 0 0 0 0 0.008947709168 0 0 0 0 0 0 0.0143658492 0.0321068194 0 0 0 0 0 0 0.008007918836 0 0 0 0 0 0 0 0 0 0.09577192322 0 0.01261133681 0 0 0.001836391822 0 0 0 0 0 0 0 0 0 0 0 0 0 0 0 0 0 0 0 0 0 0.05326039228 0.01436231953 0 0 0 0 0 0 0 0.007001238406 0 0 0 0 0 0 0 0 0 0 0 0.03327549402 0 0 0 0 0 0 0 0 0 0 0.008138646684 0.01365806296 0 0 0 0 0 0 0 0.000270661934 0 0.01054982068 0 0 0.01638418509 0 0.01020166759 0.01406261847 0 0 0 0 0 0 0 0 0 0.000635473497 0 0 0 0 0.01288603947 0 0 0 0 0 0 0.009520237517 0 0 0 0.02067962352 0 0 0 0 0 0 0 0.04038465334 0 0 0 0 0 0 0 0 0 0 0.0101148214 0 0.009717585738 0 0 0 0 0 0 0.01203034414 0.01388125539 0 0 0 0 0.02485821609 0.00600367723 0.01068400623 0 0 0 0 0 0 0.02316412733 0 0 0 0.02515913535 0.02421905211 
0 0 0 0 0 0 0 0 0 0 0 0.02872402629 0 0 0 0 0 0 0 0 0 0 0 0 0.01959178189 0 0.007655810221 0.04088105582 0 0 0 0 0 0 0.004249698637 0.004496763497 0 0 0 0.04586360663 0 0 0 0 0 0 0 0 0 0 0 0 0 0 0 0 0 0 0 0 0 0.01296334532 0.01358842394 0 0.0518594883 0 0.03994158006 0.009876125625 0 0 0 0 0 0 0 0 0 0 0 0 0 0 0 0 0 0 0 0 0 0 0 0.01435516122 0 0 0.03480744348 0 0 0 0 0.003519083658 0 0 0 0 0.007713116001 0.00792597844 0 0 0 0 0.007780025742 0 0 0 0 0 0 0.02974510747 0 0 0 0.009918564981 0 0 0 0 0 0 0 0 0 0.03629250602 0.0114491629 0 0 0 0 0 0 0.02533172443 0.03569658811 0 0 0 0 0 0 0.03286671537 0 0 0 0 0 0.02664609267 0 0 0 0 0 0 0 0 0 0 0 0 0 0 0 0 0 0 0 0 0 0 0.009719464439 0 0.0159681328 0 0 0.02277198909 0.0086477423 0 0 0 0 0 0 0 0.02986115367 0 0 0 0.01428215468 0.06301389917 0 0 0 0 
0 0 0 0 0 0 0 0 0.0061171731 0 0 0 0 0 0.03854566981 0 0 0 0 0 0.02784076682 0 0 0 0 0 0 0 0 0 0 0.007067122027 0 0 0 0 0.006281576753 0 0 0 0 0 0 0 0 0 0 0 0.01440100923 0 0 0 0 0 0 0 0 0 0 0 0 0 0.02581205477 0.05645109593 0 0 0 0 0.008638500461 0 0 0 0 0 0 0 0 0 0 0 0 0.03704193995 0 0 0 0 0 0 0 0 0 0 0 0 0 0 0 0 0.05650420464 0 0 0 0 0 0 0 0 0 0 0 0 0 0 0 0.07340364041 0 0 0 0 0 0 0 0 0 0 0 0 0 0.01111367816 0 0.0116112945 0 0 0 0 0 0.00757745791 0.01094165303 0 0 0 0 0 0 0 0 0 0.0173523246 0 0 0.009252661171 0 0 0 0 0 0.04955453491 0 0 0 0 0 0 0 0.05491917749 0 0 0 0 0 0 0 0 0 0 0 0.02101545484 0 0 0 0 0 0.01754482417 0 0 0 0 0.01142713154 0 0 0 0 0.03873040463 0.053454957 0 0 0 0 0 0 
0.04124860622 0.007755668676 0 0 0 0 0 0 0 0.01480661917 0 0 0 0 0 0 0.006494369109 0 0 0 0 0 0 0.0371868136 0 0 0 0 0 0 0 0 0.01616524662 0 0 0 0 0.0282122182 0 0 0.04452409104 0 0 0 0 0.005414882831 0.009399757162 0 7.703040221e-05 0 0 0 0.03936094485 0 0 0 0 0 0 0 0 0 0 0 0 0 0.03155856304 0 0 0 0 0 0 0 0 0 0 0 0 0 0 0.01281408911 0 0 0 0 0 0 0 0 0 0 0 0 0 0.01161683545 0.01504520133 0 0 0.01343398696 0 0 0 0 0 0 0 0.02932702471 0.02284417538 0 0 0.03091761265 0 0 0 0 0.009743958716 0 0 0 0.02068308483 0 0 0 0 0 0.005482647343 0 0 0 0 0 0 0 0 0 0 0 0.0488820029 0 0 0 0 0 0 0 0 0 0 0 0 0 0 0 0.01870274534 0 0 0 0 0 0 0 0 0 0 0.05069212087 0 0 0 0 0 0 0.04261847994 0 0 0 0.04548281542 0 0 0.01989650501 0 0 0 0 0 0 0.03359056721 0.02094400091 0 0 0.05204315225 0 0 0 0 0 0.03871609585 0 0 0 
0.05909366321 0 0 0.04854112972 0.06881444163 0 0 0 0.01834085421 0 0 0 0 0.02774781811 0 0 0 0 0.006585687586 0.02948971806 0 0 0 0 0 0 0 0 0 0.02624374268 0 0.01973665724 0 0 0 0 0 0 0 0 0 0.01143301989 0 0 0 0 0 0 0 0 0.01059094511 0 0.01316457553 0 0 0.02105264384 0 0 0 0 0 0 0 0 0 0.04216345754 0.04381806398 0.05037438689 0.00690789678 0 0 0 0 0 0 0 0 0 0 0 0 0 0.01772812086 0 0 0.02193966074 0 0 0 0 0 0 0 0 0 0 0 0 0 0 0 0 0 0 0.02026462513 0 0 0 0.01185604176 0 0 0.04922260041 0 0 0 0.008547746417 0 0 0 0 0 0 0.01536554499 0 0 0 0 0 0.04960219353 0.02654145875 0.01508186969 0 0 0 0 0 0 0.01852969731 0 0 0 0 0 0 0 0 0 0 0 0.0100910617 0 0 0 0 0 0.01414897415 0 0.04088334288 0 0 0 0 0.018774924 0 0 0.01851054693 0 0 0.02801167568 0 0 0 0 0 0 0 0 0 0 0 0 0 0 0 0 0 0 0 0 0.03001886773 0 0 0.0402876169 0 0 0 0 0 0 0 
0 0 0 0 0 0 0.03754032857 0 0 0 0 0 0 0 0 0 0 0 0.02954585564 0 0 0 0 0 0 0 0 0 0 0 0.01337849009 0 0.03508111973 0 0 0 0 0 0.02751033433 0 0 0 0 0 0 0.03120371602 0 0 0 0.02908144754 0 0 0 0 0 0 0 0 0 0 0 0 0 0 0 0 0 0 0 0 0.04674360491 0 0 0 0 0 0.02580415837 0 0 0 0 0 0 0 0 0 0 0 0 0.05550025628 0 0 0 0.01148040752 0 0 0 0 0 0 0 0.009293618782 0 0 0.04891289877 0 0 0 0 0 0 0 0 0 0 0 0 0 0 0 0 0 0 0 0 0 0 0 0 0 0 0.05657268367 0 0.01680361973 0 0 0 0 0 0 0 0 0 0 0 0.01494487286 0 0 0.03045922955 0 0 0 0.03564645819 0 0 0 0 0 0 0 0 0 0 0 0.04632507989 0 0 0.01475873738 0 0.02561205991 0 0.02131400329 0 0.02310269604 0.01743408218 0 0 0 0 0 0.04083247595 0 0.01022874722 0 0 0 0 0 0 0 0 0 0.06759704141 0 0 0 0 0.01254629446 0 0 
0 0 0 0 0 0 0 0 0 0 0 0 0 0.009702004394 0 0 0 0 0 0 0 0 0 0 0 0 0 0.03998313115 0 0.01404091454 0.039393856 0 0 0.03459935594 0 0 0 0.02248674948 0 0 0 0.007438615733 0 0 0.03372570535 0 0 0 0 0.03369688752 0.03321408305 0 0 0 0 0 0 0 0 0 0.02443648188 0 0 0 0.009298619198 0 0 0 0.009267332884 0.002938056393 0 0 0 0 0.01199991866 0 0 0 0 0 0 0.01697423986 0 0 0 0 0 0 0 0 0 0 0 0 0 0 0 0 0 0 0 0 0 0 0.01409460306 0 0 0 0 0 0 0.01916385381 0 0 0 0.04635394902 0 0 0 0 0 0 0.00803785891 0 0 0 0 0 0 0 0 0 0 0 0 0 0 0.02489704064 0 0 0 0 0 0 0 0 0 0 0.01124430462 0 0 0 0 0 0.01997693011 0 0 0.04195506046 0 0 0 0 0 0 0 0 0 0 0 0 0 0 0 0 0 0.04770498919 0 0.01455560285 0.008762231369 0 0 0.02200653751 0 0 0 0 0 0 0 0 0 0 0 0 0 0 0 0 0 0 
0.006112160179 0 0 0 0 0 0 0 0 0 0 0 0 0 0.01768389869 0 0 0 0.01694033351 0 0 0 0 0 0 0 0 0 0 0 0 0 0 0 0.04318906101 0 0 0 0 0.006558906656 0 0 0 0 0 0 0 0 0 0 0 0 0 0.05833624868 0 0 0 0.01794839319 0 0 0 0 0.006779638145 0 0 0 0 0 0 0 0 0 0 0.02470048752 0 0 0 0 0.00803231713 0.05318715112 0 0 0 0 0 0 0 0 0 0 0 0 0 0 0.03271546764 0 0 0 0 0 0.01003697833 0 0 0.05049618206 0 0 0 0 0 0 0 0 0 0 0.011609364 0 0.00993217842 0 0 0 0.01979183871 0 0 0 0 0 0 0 0 0 0 0 0.02560636714 0 0 0 0.03033432034 0 0 0 0.02179538885 0 0 0 0.01479599829 0 0 0 0 0 0 0 0.02156089424 0.06352951688 0 0.0509627084 0 0 0 0.01927869015 0 0 0 0 0 0 0 0.02750727474 0.009169064288 0 0 0 0.0588589752 0 0 0 0 0 0 0 0 0 0 0 0 0 0 0.07760254905 0 0 0 0 0 0.05917365534 0 0 0 0 0 0 
0 0 0 0 0 0 0 0 0 0 0 0.005214196348 0.05633467877 0 0 0.007601241223 0 0 0 0 0 0 0.009979175618 0 0.0353435747 0.01276945214 0 0 0 0 0 0.04884493652 0 0.01960136485 0.008928631361 0.05598251661 0 0 0 0.008325332701 0 0 0 0 0 0 0 0 0 0 0 0 0 0.02409843522 0 0 0 0 0.01032282195 0 0 0 0.0501897571 0 0.04998236413 0.01690708016 0 0 0 0.02082123442 0 0.01262783306 0 0 0 0 0 0 0 0 0 0 0 0 0.03428457285 0 0 0 0 0 0.0742650863 0.009681987703 0 0 0 0 0 0 0.02692227448 0 0 0 0 0 0.009037093385 0.03452561685 0 0 0 0 0.01050090184 0 0 0 0 0 0 0.03784934481 0 0 0 0 0 0 0 0 0 0.03188857211 0 0 0 0 0 0 0 0 0 0 0 0 0 0 0 0 0 0 0 0 0 0 0 0 0 0 0 0 0 0 0 0 0.02418167254 0 0 0 0 0.01240564663 0 0 0.03152280748 0 0 0 0 0 0 0 0 0 0 0 0 0 0 0.01597898026 0 0.07954055826 0 0 0 0 0 0 0.01568130088 0 0 0 0 0 0 0 
0 0 0 0 0 0 0 0 0 0 0 0 0 0.02988943715 0.01874852704 0 0 0 0 0 0.02796250207 0 0.0211861897 0 0 0 0 0 0 0 0 0 0 0.007046954512 0 0 0 0 0.006944093234 0 0 0 0 0 0 0 0.00450342108 0.02044433043 0 0 0 0 0 0 0 0.03915681082 0 0 0 0 0 0 0 0 0 0 0 0 0 0 0 0 0.04788477825 0 0 0 0 0 0 0 0 0 0.0297476778 0 0 0 0 0.02287913825 0 0 0 0 0 0 0 0 0 0 0 0 0 0 0 0 0 0 0.00957549075 0 0 0.01976923985 0 0.05775643283 0 0 0 0.001832514877 0 0 0 0 0 0 0 0 0.02370050728 0 0 0 0 0 0 0 0 0.01371441464 0 0.008799840818 0 0 0 0 0 0 0.02581106921 0 0 0 0 0.01092604745 0 0 0.04696166977 0 0 0 0.02869313208 0 0 0.05585579164 0.03001023165 0 0.0191595297 0 0 0 0 0 0 0.033660327 0.02696154263 0 0 0 0 0 0 0 0 0 0 0 0 0 0 0 0 0 0 0.01696954553 0 0 0.008614277457 0 0 0 0 0 0 0.01452931255 0 0 
0.006062583087 0.01175728711 0 0 0 0 0.04667512365 0 0.04831675232 0.02683963281 0 0 0 0.01871005068 0 0 0 0 0.01236852069 0 0 0 0 0.05160690624 0 0 0.01639694833 0 0 0 0 0 0 0 0 0 0 0 0 0 0 0 0 0 0 0.01548825656 0 0 0 0 0 0 0 0 0 0 0 0.0344196457 0 0 0 0 0 0.02756017836 0 0 0 0 0 0 0 0 0 0 0 0 0 0 0.0281723714 0 0 0 0 0.02421998421 0 0.008306050647 0 0 0 0 0 0 0 0 0.02895664321 0 0 0 0.03346568218 0 0 0 0.02394599656 0 0.02239356558 0 0 0 0 0 0 0 0 0 0 0 0 0 0 0 0 0 0 0.02183611497 0 0 0 0 0 0.04011569123 0 0 0.0115048441 0 0 0 0 0.01411047754 0 0 0 0 0 0 0 0 0 0 0 0 0 0 0.01119596215 0 0 0.01942067753 0 0 0 0 0 0 0 0 0 0 0 0 0 0.01871794602 0 0 0 0 0 0 0 0.03742320849 0 0 0 0 0 0 0 0 0 0.06087787464 0 0 0 0 0 0 0 0 0 0 0.09825370929 0 
0 0 0 0 0 0 0 0 0 0 0 0 0 0 0.01017621035 0 0 0 0 0 0 0 0.02360960218 0 0 0 0 0 0 0 0 0 0 0 0 0 0 0 0 0 0 0 0 0 0 0 0 0 0.03249607701 0 0.05898963917 0 0 0 0 0 0 0 0 0 0 0.009092335022 0.02872251022 0.05857778252 0 0 0 0 0 0 0 0 0 0 0 0 0 0 0.05308180352 0 0 0 0 0 0 0 0 0 0 0.01216505151 0 0 0 0 0.02589496979 0 0 0 0 0 0 0 0 0 0 0 0 0 0 0 0.01018630478 0 0.05020774829 0 0 0.01838749992 0 0 0 0 0 0 0 0 0.01182324831 0 0 0 0 0 0 0 0 0 0 0.01133614035 0 0 0 0 0 0.02130096418 0.04397774776 0.0139153152 0 0.02563303957 0 0 0 0 0 0 0 0 0 0 0 0.02440393308 0 0 0 0 0 0.01174414969 0 0 0.00886998505 0 0 0 0 0 0.01939475903 0 0 0 0 0.01054007729 0.0267478747 0 0.006294459902 0.05150423653 0 0 0 0.01917853554 0 0 0 0 0 0 0 0 0 0 0 0 0.001080134124 0 
0 0 0 0 0 0 0 0 0 0 0 0 0 0 0 0 0 0 0 0 0 0 0 0 0.001087875201 0 0 0 0 0 0 0 0 0 0 0.03431453364 0 0 0.01439910417 0 0 0 0 0 0.03809284532 0 0.01503723227 0 0 0 0.03693163448 0 0 0 0 0.009428962721 0 0 0.02460860905 0 0 0 0 0 0 0 0 0 0 0.01928937815 0 0.0306715872 0 0.0105103524 0 0 0 0 0 0 0 0 0 0.02436082307 0 0 0 0 0.04670264197 0 0 0 0 0 0 0 0 0.1011965767 0.02941853319 0 0.00914059096 0 0.03039881211 0 0.03240313998 0 0.03933692942 0.009901015769 0 0.00876293886 0 0 0 0 0 0 0.01555855588 0.02513693113 0 0 0 0 0.01202755133 0 0 0.01140870402 0 0 0 0 0 0 0.01435723791 0.01999514778 0 0 0 0 0.03694716735 0.04923164375 0.01480315796 0 0 0.0190249663 0.03107270449 0 0 0 0 0 0 0 0 0.02605570463 0.01047225422 0 0 0 0 0 0 0 0 0 0 0 0.01228033305 0 0 0 0 0 0.02571618035 0 0 0.02319555047 0 0.05880498111 0 0 0 0 0 0.01923488488 0 0 0 0 0 0 0.05028487097 0 0 0 0 0 0 0 0 0 
0 0 0.03697967051 0 0.05577459967 0 0 0 0 0 0 0 0 0 0 0 0.04734423731 0 0 0 0 0 0 0 0.04406629498 0 0 0 0 0 0.03972637142 0 0 0 0 0 0 0 0 0 0 0 0 0.06914877539 0 0.07168108632 0 0.05208397076 0.011677907 0.008515276234 0 0.0081661805 0 0 0 0 0 0.01276678751 0 0 0 0 0.0276614623 0 0 0 0 0 0 0 0 0 0 0 0 0 0 0 0 0.009810302598 0 0 0 0 0 0 0 0.03207700967 0 0 0.01141133796 0 0 0.01279079528 0 0.05711925444 0.01115803869 0 0 0 0 0 0 0 0 0.008818840823 0 0 0 0 0 0 0 0 0 0 0.05217353723 0 0 0 0 0 0 0 0.01916506137 0 0.02526771749 0 0 0 0.03699331067 0 0 0 0 0 0 0 0.008819679386 0 0 0 0 0 0 0 0 0 0 0.0328677079 0 0 0 0 0 0 0 0 0 0 0 0 0 0 0 0 0.05328804215 0 0 0 0 0 0 0.01468234086 0 0 0.003558470922 0 0 0 0 0 0 0 0 0.01343173534 0 0 0 0 0 0 0 0 0 0 0 0 0 0 
0.02456720792 0.01484279279 0 0 0 0.02557172435 0.04931355135 0 0 0 0 0 0 0 0 0 0 0 0 0 0 0 0.02319786335 0 0 0.00981653296 0 0 0 0 0 0 0 0 0 0.00789950586 0 0 0 0.006767459402 0.0106931868 0 0 0 0 0 0 0 0 0 0.01318519491 0.02235776731 0 0 0 0 0 0 0 0 0.01439336915 0.01575133563 0 0 0 0 0 0 0 0 0 0 0 0 0.01685818661 0 0 0 0 0 0 0.0347573804 0 0 0 0 0 0 0 0 0 0 0 0.01812366674 0 0 0 0 0.02361464602 0 0 0 0 0 0 0 0 0 0 0 0 0 0 0.01500460396 0.0007510787393 0 0 0.0268285846 0 0 0 0 0.05428193162 0 0 0.01171571814 0.04401015818 0 0 0 0 0 0 0 0 0 0 0 0 0.03196320323 0.01471171291 0 0 0.01230816067 0 0.02261313336 0 0 0.008418722646 0 0 0 0 0 0.004091139149 0.03479796045 0 0 0 0 0 0 0.01210595494 0.009329337915 0 0 0 0 0 0 0 0.03457739546 0 0 0 0.0346903956 0.02000205319 0 0 0 0 0 0 0 0 0.03841549398 0 0.05211058317 0 0 0 0 0 0 0 0 0 0 0.04247399885 0 
0 0.03784776303 0 0 0.03778519231 0.01044581532 0 0 0 0 0.04880996882 0 0.01138451406 0 0.007660044475 0.01017725475 0 0 0 0.01280544055 0 0 0.01142530896 0 0 0 0.02823447312 0 0 0 0 0 0 0.007372402886 0 0 0 0 0.05294822731 0 0 0.04048133051 0 0 0.01030884372 0 0.03705400074 0 0 0 0 0.02937066238 0 0 0 0 0 0 0.01336541575 0 0 0 0 0 0 0 0 0 0 0 0 0 0 0.007753770752 0 0 0 0 0 0 0 0 0 0 0 0.0008277515663 0 0 0 0.01853360745 0 0 0 0.01402168076 0 0 0 0 0 0 0 0 0.008536909263 0 0 0.01687861209 0 0 0 0.02105439156 0 0.05871912509 0 0 0 0.01714941842 0 0 0 0.03603526689 0 0 0 0 0 0.009495347811 0.04735917378 0 0.01194272512 0 0.01767454513 0 0 0 0 0 0.03147891968 0 0 0 0 0 0 0 0.05799504 0 0 0 0 0.01386350292 0 0 0 0 0 0 0 0 0 0 0 0 0 0.0199820258 0 0 0 0.03745674386 0 0 0 0 0 0 0 0 0 0 0 0 0 0 0 0 0 0 0 0 0 0 0 0 0 0 0 0 0 0.05402197645 0 0 
0 0 0 0 0 0 0 0 0 0 0 0 0 0 0 0.01021584943 0 0.01529915501 0 0 0 0 0 0 0 0 0.01235313922 0 0 0 0 0 0 0 0 0 0 0 0 0 0.02789646923 0 0 0 0 0 0 0.0254423598 0 0.03960697475 0.05921160574 0 0 0.04155693471 0 0 0 0 0 0 0 0.001321614033 0 0.02868147317 0 0 0 0 0 0 0 0 0 0 0 0 0.07719290215 0.01245466722 0 0 0.03066711781 0.009401901682 0 0 0 0.02650320952 0 0 0 0 0 0 0 0 0 0 0 0 0 0 0 0 0.04767688567 0 0 0.01285135859 0 0 0 0 0 0 0 0 0 0 0 0.02115926256 0 0 0 0 0 0 0 0 0 0.0344662897 0.01801950639 0 0 0 0 0.02338669653 0.008949114264 0 0.03682209752 0.04392386328 0 0 0 0 0 0 0 0 0 0 0 0.0533909391 0 0 0 0 0 0 0 0 0 0 0 0 0 0 0 0 0 0 0.0385720685 0.02041698163 0 0 0.02538233875 0 0 0 0.02376890473 0 0 0 0 0 0 0 0 0 0 0 0 0 0 0 0 0 0 0 0 0 0 0 
0 0 0 0 0 0 0 0 0 0 0 0 0 0 0.0321448287 0.01541226934 0 0.03266520816 0 0.006937176286 0 0.009350510338 0 0 0 0 0 0 0 0 0 0 0 0 0 0 0 0 0.01456108271 0.01940045922 0 0 0.006938166964 0 0 0 0 0 0 0 0.03090183424 0 0 0 0 0 0 0 0 0 0 0 0.03379791366 0.007475968264 0.01157164363 0.008499505374 0 0 0 0 0.04191463326 0 0 0 0 0 0 0 0 0 0.05341973069 0 0 0 0 0 0 0 0 0 0.008343888229 0 0 0 0 0 0 0 0 0 0 0 0 0 0 0.03809171124 0 0 0.01472049659 0 0 0 0 0 0 0 0 0 0.04629942129 0 0 0.02069528568 0 0 0 0 0 0.03116595625 0.03750337657 0.02103338894 0 0 0 0 0 0 0 0 0 0 0 0 0 0 0 0 0 0 0 0 0.01160842705 0 0.007277011499 0.02116109225 0 0 0 0 0 0 0 0 0.03969122307 0.01065564044 0 0 0 0 0 0 0 0.01848678906 0 0 0 0.0494607953 0.02080245763 0 0 0.009626928828 0 0 0 0 0 0 0 0 0 0.03073341701 0 0.03319349461 0 0 0.018612333 0 0 0 0 0.003721197765 
0 0 0 0 0 0 0 0 0 0 0.006905579045 0 0 0 0 0 0 0 0.01641546351 0 0 0 0 0 0 0 0 0 0 0.01701421423 0 0 0 0 0 0 0.03052726566 0 0.03049346741 0 0 0 0 0 0 0 0 0 0.0459969236 0 0 0.008501471414 0 0 0 0 0 0.01176712222 0.04264155538 0 1.164338514e-05 0 0.03784866864 0.01795661489 0 0 0.05431972516 0.03878348055 0 0 0 0 0 0 0 0 0 0.003190804576 0 0 0 0.007172287391 0 0 0 0 0 0.02235658322 0 0.01526279189 0.01434920003 0 0 0 0.02032102134 0 0.01660532855 0 0 0 0.02162316166 0 0 0 0 0 0 0 0 0 0.03259727549 0 0 0 0 0 0 0 0 0 0 0 0 0.0117568538 0 0 0 0 0 0 0 0 0 0 0 0.07018297065 0 0 0 0 0 0 0 0 0 0.02223945334 0 0.02106374717 0 0 0 0 0 0.04685174892 0 0 0 0 0 0 0 0 0 0 0.02012331763 0 0 0 0 0 0.02368506329 0.04173482854 0 0 0 0 0 0 0 0.007350359629 0 0 0 0 0 0.01113151697 0 0 0 0.01172203404 0.05568044463 0 0 0 0 0 0 0.01058633525 0 0 
0 0 0 0 0 0.04765462502 0 0.01273601592 0 0.01384808485 0 0 0 0 0.007212279812 0 0.01021813865 0 0 0 0.03421095973 0 0 0 0 0 0 0.007168783211 0 0 0.0295591208 0 0 0.00681396596 0 0 0 0 0 0 0.04048650599 0.007548810304 0 0 0 0 0.006753899521 0 0.01590218422 0 0.03450339442 0 0 0.006991097108 0 0 0 0 0 0 0.05281398708 0 0.04654246743 0 0 0 0.008877829731 0 0 0 0.05129761756 0 0 0 0 0 0 0 0 0 0 0 0 0 0 0 0 0.08884190438 0 0 0.02248795047 0 0 0.01000430598 0.01101692242 0 0 0 0 0 0 0 0 0 0 0 0 0 0 0 0 0 0 0 0 0 0.01106886011 0 0 0 0 0 0 0 0 0.01904811376 0 0 0 0 0 0 0 0 0.04737195965 0 0 0 0 0 0 0 0 0 0 0 0 0 0 0 0 0 0 0 0 0 0.03907883797 0 0.02838598161 0 0 0.02292675386 0 0 0 0 0 0 0.02157016775 0 0.01110202248 0 0 0 0 0 0 0 0 0 0 0 0 0 0.05707404553 0 0.001037116476 0.01591518525 0 0 0 0 0.02089420588 0 0 0 0 0.02069300982 0 0 
0 0.01969562081 0 0 0 0 0 0 0 0 0 0 0 0 0 0 0 0 0 0 0 0 0.05727113732 0 0 0.05386814866 0 0 0.0124937645 0 0 0 0 0 0 0 0.01142645156 0 0 0 0 0.05939530115 0.01341850402 0 0 0 0 0.04747642827 0 0 0 0 0 0 0 0 0 0 0 0 0 0 0 0 0 0 0 0 0.02269805894 0 0 0.01706296504 0 0.007970622088 0 0 0 0 0 0 0 0 0.0175565676 0 0 0.0076038342 0 0.009832186407 0.0313881552 0 0.03594951665 0.04678872432 0 0 0 0 0 0 0 0 0.02152328565 0.01693033329 0 0 0 0 0 0 0 0 0 0 0 0 0 0 0 0 0 0 0 0 0.01150319877 0 0.01880954069 0 0 0 0 0 0 0 0 0 0.03694301734 0 0.01669560877 0 0 0 0.06014960809 0 0 0 0 0 0.01331456247 0.01538803854 0 0.05389030011 0 0 0 0 0 0 0 0 0 0 0.01139129886 0 0.06343557821 0 0 0 0 0 0 0 0 0 0 0 0 0 0 0 0 0 0 0 0 0 0 0 0 0.05468135297 0 0.007137420276 0.02866180732 0 0 0 0.02965221386 0.02038055346 0 0 0 0 
0 0 0 0 0 0 0.03635334742 0 0 0 0 0 0.02738707058 0 0 0 0 0 0 0 0 0 0 0 0 0 0 0.007255576951 0 0 0 0 0 0 0 0 0 0 0 0 0 0 0 0.02386552084 0 0 0 0 0 0 0 0.01533515483 0 0 0 0 0 0.007951457222 0 0 0 0 0 0 0 0 0 0 0.00763189568 0 0.0194986258 0 0 0 0 0.01062303168 0 0 0 0 0 0 0 0 0 0 0 0 0.01167973528 0 0 0.03179200507 0 0 0 0 0 0 0 0 0 0 0 0.0080413831 0.02031351982 0 0.008368021481 0 0.02483274093 0 0 0.03148513942 0 0 0.03824315881 0 0 0 0.008761473703 0 0 0 0 0 0 0 0.03317370429 0 0 0 0 0 0 0 0 0 0 0 0 0 0 0 0.0413369986 0 0 0 0 0 0 0 0.001322306415 0 0 0.01481251404 0 0 0 0.03481902017 0 0 0 0 0 0 0 0.0263692038 0 0 0.06099646367 0 0 0 0.02247657697 0 0.01755517971 0 0 0 0.04712047672 0 0.01861262626 0 0 0 0 0 0 0 0 0 0 0 0 0 0 0 0 0.01051053406 0.006509741353 0 
0 0 0 0 0 0 0 0 0.007928316958 0 0.0121416206 0 0 0 0 0.05620967112 0 0 0 0 0.03298995816 0 0 0 0 0 0 0 0.01523642053 0 0.006071647014 0 0 0 0 0 0 0.007101269393 0 0 0 0 0.01658540267 0 0 0.07268792323 0 0 0 0 0 0 0 0 0.04808337032 0.01710290942 0 0 0 0 0.005363308025 0 0.007714844523 0 0 0 0 0 0 0 0 0 0 0 0.02307279246 0 0 0.004379284082 0 0 0 0 0.01245985099 0.01527540633 0.01253142879 0.001405147048 0 0 0.04361360424 0 0 0 0 0 0 0 0 0 0 0.01084816266 0 0 0 0 0 0 0 0 0 0 0.002091793186 0 0 0 0 0 0 0 0 0 0 0 0 0 0 0 0 0 0 0.03633325485 0 0 0 0 0 0 0 0 0 0 0 0 0 0 0 0 0 0 0 0 0 0 0.01133092844 0.03380065385 0 0 0 0.01016257031 0 0 0 0 0 0 0 0 0 0.01985942442 0 0 0 0 0 0 0 0 0 0 0 0 0 0.01132083005 0 0 0 0 0 0 0.01619608581 0 0 0 0 0 0 0 0 0 0 0 
0 0.01532794002 0.04044722092 0 0 0 0 0 0 0 0.01451130269 0 0 0 0.02974699412 0.01027360028 0 0 0 0 0 0 0 0 0 0 0.007315648306 0 0 0 0 0.02257704847 0 0 0 0 0 0 0 0 0.04318647762 0 0 0 0 0 0 0 0 0 0 0 0 0 0.02223370228 0 0 0 0 0 0 0 0 0.01407484149 0.03283083907 0 0 0 0 0.007972062022 0 0 0 0 0 0 0 0 0.007950400631 0 0 0.01647135609 0 0.01345281772 0 0 0 0 0 0.009760324675 0 0 0 0 0 0 0 0 0.01627214591 0 0 0.01937792548 0.03993300934 0 0 0 0 0 0 0 0 0 0.01054067134 0 0 0 0 0.002572132507 0 0.02131037272 0 0 0 0 0 0 0 0 0 0 0.001848346657 0 0.01201012867 0 0 0.01489081744 0.01796452476 0 0 0 0 0 0 0 0.04052230941 0 0 0.01191670655 0 0 0 0 0 0.1082516563 0 0.0001993609993 0 0 0 0 0.032722882 0 0 0.02007405629 0 0 0 0 0 0 0 0 0 0 0 0 0 0 0 0 0.009984178823 0 0 0 0 0 0.03109263976 0 0.02417577361 0 0 0 0.01093406134 0 0 0 0 0 0 0 
0 0 0 0 0 0.01429703073 0 0 0 0 0 0 0 0.02567742737 0 0.008938957486 0 0.02937283747 0 0 0.04215244957 0 0 0 0 0.02850675242 0.01239986297 0 0 0 0 0 0 0 0 0 0.02678604474 0 0 0.01097007084 0 0 0 0 0 0 0 0 0 0 0 0 0.02250252395 0 0 0 0.01591877778 0 0 0 0 0 0 0 0 0 0 0 0 0 0.0219718487 0 0 0 0 0 0 0 0.0144178853 0 0 0 0 0 0 0 0 0 0 0 0.04310443402 0.009937216441 0.01060026852 0 0 0 0 0 0 0.009872199165 0 0 0 0 0 0 0 0 0 0 0 0 0.01346730772 0 0.01759842744 0 0 0 0 0 0 0 0 0 0 0 0 0 0 0 0 0 0 0 0 0 0 0 0 0 0 0.03573713073 0.01653309339 0.01186608153 0 0 0 0 0 0 0 0 0 0 0 0.04069547374 0 0 0 0 0 0.04352443068 0.02177776159 0 0 0.01496487306 0 0 0 0 0 0 0.03734524047 0 0 0 0 0 0 0 0 0 0 0 0 0 0 0 0 0 0 0 0 0.02258765922 0.01666457834 0.01575384895 0 0 0 0.004149161064 
0 0 0 0 0 0 0 0 0 0 0 0 0 0.009229317469 0 0 0 0 0 0 0 0.007541230415 0.04018288298 0 0 0.009934878498 0 0.04391947131 0.05897445091 0 0 0.006920038699 0 0 0 0 0 0 0 0 0 0 0 0 0 0 0 0 0 0.04166590433 0 0 0 0 0.009464619382 0 0 0 0 0 0 0 0 0 0 0 0.04464745967 0 0 0 0 0 0 0.01074025257 0 0.06183190963 0.0253127719 0.0110917238 0 0 0 0 0 0.03267990305 0 0 0 0 0 0 0 0 0 0.01346143434 0 0.03278285147 0.008843380846 0 0.0351559178 0 0 0 0 0 0 0 0 0.0477846397 0 0 0 0 0 0 0 0 0 0 0.01366077605 0 0 0.04066265573 0.01226198806 0 0 0 0 0 0 0 0 0 0 0 0 0 0 0 0 0 0 0 0.01731436943 0.03848427759 0 0 0 0 0 0.01579579699 0 0 0 0 0 0 0 0 0 0.05816829133 0 0 0 0 0 0 0 0 0 0 0.05456214962 0 0 0 0 0 0.00648858571 0.01031077447 0 0 0.03007514278 0 0 0 0 0 0 0 0 0 0.01168071245 0 0 0 0 0 0 0 0 0.01672502618 
0 0.01806567107 0 0.02843252474 0 0 0 0 0.0812576734 0 0 0 0 0.008730513483 0 0 0 0.00841340465 0 0 0.005234455279 0.02699741361 0 0 0 0 0 0 0.00184944761 0 0 0 0 0 0 0.02126241083 0 0 0 0 0.03212797445 0 0 0 0.029285615 0 0 0 0 0 0.002969578548 0 0 0 0 0 0 0.08346626216 0 0 0 0 0 0 0 0 0 0 0 0 0.01808977561 0 0 0.05223238916 0 0 0 0 0 0 0 0 0 0 0 0 0.02096356051 0 0 0 0 0 0 0 0 0 0 0 0 0 0.05202122288 0 0 0 0 0.01199649874 0 0 0.03344004921 0 0.03222584628 0 0 0.0466651828 0.0100195618 0.0495423383 0.03880677902 0 0 0 0 0.05255753877 0.1123410742 0 0 0 0 0 0 0 0 0.05147323873 0 0 0 0 0.04511291799 0.1388421841 0.01573123672 0 0 0 0 0 0 0 0 0 0 0 0 0.001075359046 0 0 0 0.01342192766 0 0.04244855555 0 0 0 0 0 0 0 0 0 0 0 0.04801921292 0.05544981596 0 0 0 0 0.01355720634 0 0 0 0 0 0 0 0 0 0.01352721899 0 0 0 0 0 0.01005651493 0 0.02606106606 0 0 0 0 0 0.05147206999 
0 0 0 0 0 0 0 0 0.02090542655 0.008860234381 0 0 0 0 0 0 0 0 0 0 0 0 0 0 0 0.01153520419 0 0 0 0 0 0.02381974031 0 0 0 0 0 0 0 0 0 0 0 0 0 0.0506059651 0 0 0 0 0 0 0 0.01206928429 0 0.02420601732 0 0 0 0 0 0 0 0 0 0 0 0.02683500837 0 0 0 0.01865087724 0 0 0 0 0 0 0 0 0 0 0 0 0 0 0 0 0.01199446478 0 0 0 0 0 0 0 0 0 0 0 0.005436789682 0 0 0.02692577653 0 0 0 0 0 0 0 0 0 0 0.02287592988 0.02043333543 0 0.01077736782 0 0 0 0 0.02383655689 0 0 0.07688061265 0 0 0.04604844753 0.01473787388 0 0 0 0 0.01202366207 0 0 0 0 0 0 0 0.01593816952 0.01446876344 0 0.02790614337 0 0 0 0.04231895179 0 0 0.009704495722 0 0 0 0 0 0 0 0 0 0.012536704 0 0 0 0.01744765567 0 0 0 0.01678831179 0 0 0 0.01288785282 0 0 0 0 0 0 0 0 0.04710144295 0.036652227 0 0 0 0.04192301657 0.02396027144 0 0 0.01300739235 0 0 0.02077782739 0 0 0 0 
0 0 0 0.02151123559 0.01604040062 0 0 0 0 0 0 0 0 0 0 0 0 0 0 0 0.04827338126 0 0 0.01297437585 0 0 0 0 0.0322560974 0 0 0 0 0 0 0.006826214633 0 0 0 0 0 0 0 0 0 0 0 0 0 0 0 0 0.01191872022 0.04525225202 0 0 0 0 0 0 0 0.03050424817 0 0 0 0 0 0 0 0.03989354724 0 0 0 0 0.01108006791 0 0 0 0 0 0 0 0.01693308442 0 0 0 0 0 0 0 0 0 0 0 0 0 0.009540268975 0.005039199748 0.01512126963 0 0.02403637001 0 0.02763830986 0 0 0 0 0 0 0 0 0 0 0 0 0 0 0 0 0.03875195023 0 0 0.04426807795 0 0 0 0 0 0 0.04329753549 0 0 0 0.03191971608 0.06586242719 0 0 0 0 0 0.01274086827 0 0 0 0 0.04513424449 0.0469639929 0 0 0 0.03364256907 0 0.03479089279 0 0 0 0 0 0 0.007654051206 0 0 0 0 0 0.03703636473 0 0.01779178172 0 0.04583879627 0 0 0.0434391039 0 0 0 0 0 0 0 0 0.01966121388 0 0 0 0 0 0 0 0 0 0 0 0.02701820223 0 0 0 0.02301374853 0 0 
0.005990361935 0 0 0 0 0 0 0 0 0.01664366978 0 0 0 0 0 0.0295203977 0 0 0 0 0.01407202981 0 0 0 0.01114912116 0 0 0 0 0 0 0 0 0 0 0 0 0 0 0.0304370835 0 0 0 0 0 0 0.01173041812 0 0.01314713847 0 0 0 0 0 0.07922613481 0 0 0 0.01302193396 0 0 0 0 0 0 0 0 0 0 0 0 0 0 0 0 0 0 0 0 0 0 0 0.05062291493 0.04095583143 0 0 0 0 0 0.03222291787 0.02675263516 0 0 0 0.01684132474 0 0 0 0 0 0.0408203583 0 0 0.05501174246 0 0 0 0 0 0.04301546705 0 0 0 0 0 0 0 0 0.01741611842 0 0 0 0 0.04887370021 0.007696698593 0 0 0 0 0 0 0 0.04421568258 0 0 0 0 0 0 0 0 0 0.00895041039 0 0 0 0 0 0 0.03298264775 0 0 0 0 0 0 0 0 0.01790079057 0 0 0 0 0 0.01750750178 0 0 0 0 0 0 0 0 0 0 0 0 0 0 0 0 0.002674688358 0 0 0 0 0 0 0 0 0 0.01091195196 0 0 0 0 0 0.01953914143 0.02081104563 0 
0 0 0 0.02510687819 0 0 0 0 0 0 0 0.06735079897 0 0 0 0 0 0 0 0 0 0 0 0.02203491366 0 0 0 0 0 0 0 0 0 0 0 0 0 0 0.01428454489 0 0 0 0 0 0.02980502532 0 0 0 0 0.01368344794 0 0 0 0 0 0.01443210827 0 0.01111304221 0 0 0 0 0 0 0 0 0 0 0 0 0 0 0 0 0 0.05672829204 0 0 0 0 0 0 0 0 0 0 0 0.01554483312 0 0 0 0 0 0 0 0.007956574011 0 0 0 0 0 0 0 0 0 0 0 0.04575102043 0.06464038497 0 0 0 0 0 0 0 0 0 0 0 0 0 0 0 0 0.01528608761 0 0.01363901379 0 0 0 0 0 0 0.03684600292 0.05439371597 0 0 0 0.01974508998 0 0 0 0 0 0 0 0 0 0.009951906703 0 0 0 0 0 0.01304417873 0 0 0 0 0 0.02425635032 0 0 0 0 0 0.004511786358 0 0 0 0 0.01671516355 0 0 0 0 0 0 0 0 0 0 0 0 0 0 0 0.0383656452 0 0 0 0.001584703409 0 0 0 0 0 0 0 
0 0 0 0.01714878382 0.01069676041 0 0 0 0 0 0 0 0 0 0 0 0 0 0.006646532982 0.00640643966 0 0 0 0 0 0 0 0 0.02550508914 0 0 0 0 0 0.03412035961 0 0.007131592483 0 0 0 0 0 0 0 0 0 0 0 0 0.007241448739 0.01726534719 0 0 0 0.04932511468 0 0 0 0 0.03303893346 0.009213228649 0 0 0 0.04677336688 0 0 0 0.04789463689 0 0.04636346658 0 0 0 0 0 0 0 0 0.01873669203 0.01893869072 0.008965498243 0 0 0 0 0 0 0 0 0 0 0.005752632307 0 0 0 0 0 0 0 0 0 0 0 0 0 0 0 0 0 0 0 0 0 0 0 0.01850994541 0 0 0 0 0 0 0.05959026501 0 0 0 0 0 0 0 0 0 0 0 0 0 0 0 0 0 0 0 0 0.0242966924 0.009271123991 0 0 0 0.01950790751 0.01309482246 0 0 0 0 0.01879946486 0.0257577596 0 0.02944808842 0 0.01046289403 0 0 0.03633948374 0 0 0 0 0.0296310798 0 0 0 0 0.01797432302 0 0 0.0270684371 0.01166762808 0 0 0.03940695 0 0 0 0 0.04437758279 0.01953422125 0.01250384873 0.01428318076 0.08931734939 0 0.01368860247 0 0 0 0 0 0 0.03101886969 0 
0 0 0 0 0 0 0 0 0 0 0.008997001987 0 0 0 0 0.02742292897 0 0 0.03462672173 0 0 0 0.009444813131 0 0 0.01704799698 0 0.03413835413 0 0.03244657309 0 0 0 0 0.01531690876 0 0 0.04816471913 0.03014896598 0 0 0.01942627497 0 0 0 0 0 0 0 0 0 0 0 0.02853296208 0 0 0 0 0 0 0 0 0 0 0 0 0 0 0 0 0.05792581111 0 0 0 0 0 0.01083435053 0 0.005107818841 0 0 0 0 0.007375822099 0.02009411219 0 0 0.013822777 0 0 0 0 0.05662337231 0 0 0 0 0 0 0 0 0.02032771905 0.05323323851 0 0 0 0 0.02353100349 0 0 0 0 0.02548543118 0 0 0 0 0 0 0 0 0 0.01956127311 0 0 0.03750526147 0.1425161413 0 0 0.03799397862 0 0 0 0.006611713158 0 0 0 0 0 0 0 0 0 0 0 0 0 0.03068009234 0.01925870069 0 0 0 0 0.02732851486 0 0 0 0 0 0 0 0 0 0 0 0 0 0 0 0 0.02292481226 0 0 0 0 0.01687210318 0 0 0.0474979069 0.01253995622 0.01757716238 0 0 0.03089424362 0 0.02429501742 0.01050521828 0.0175159106 0 0 0 0 0 0 0 0 0 0 0 0.02646500475 
0.007265184523 0 0 0 0.009161303138 0.0400893938 0 0 0 0 0.0479829121 0 0 0 0.0252891355 0 0 0 0.03274610518 0 0 0 0.009506443731 0 0 0.008089405732 0.01267031698 0 0 0.0199212577 0 0 0 0 0.008910212215 0 0 0 0 0.03031690458 0 0.02930599388 0 0 0 0 0 0.02749144106 0 0 0 0 0 0.01164397516 0 0 0.02385892967 0 0.02854724275 0 0 0 0.006715244488 0 0.0138867 0 0.06684099375 0 0 0 0 0 0 0.0185207097 0 0 0 0 0 0 0 0 0 0 0 0 0 0.02576246223 0 0.0216763735 0 0.03380800902 0 0 0 0 0 0 0 0 0.03773165865 0 0.01917991925 0 0 0 0 0.007873986906 0 0.04154232763 0 0 0 0 0 0 0 0 0 0 0 0 0 0.04336496639 0.01229686418 0 0 0 0 0 0 0 0 0 0 0.03354587622 0 0 0 0 0 0 0 0 0 0 0 0 0 0 0 0 0 0 0.01614212059 0.02432154263 0 0 0 0.01057947611 0 0.02692465512 0 0 0 0.03943191022 0 0 0.05307255364 0 0 0 0 0 0 0 0 0 0 0.04211604199 0 0.0156473315 0.05322055831 0 0 0 0 0 0 0 0 0.02077240614 0 0 0 0 0 0 0 0.01023745482 
0 0 0 0 0 0.01896638226 0.003811182311 0 0 0 0 0 0 0 0 0 0 0 0.02256288442 0 0 0 0 0.01500488969 0 0 0 0 0 0 0 0 0 0 0 0.01833693394 0 0 0 0 0 0 0 0 0 0 0 0 0 0 0 0.05077763418 0.01263347667 0.01284768296 0.03040656701 0.05094347939 0 0 0 0.02099723558 0 0 0 0 0 0 0 0 0 0 0 0 0 0.05294000903 0 0.007907768785 0 0 0 0 0 0 0 0 0 0.02261478492 0 0 0.008843428107 0 0 0.001900577133 0 0.008211254132 0 0 0 0 0 0 0 0 0.02310573648 0 0 0 0 0 0 0 0 0 0.02488996113 0 0.004823723302 0 0 0 0 0 0 0 0 0 0 0 0 0 0 0 0 0 0 0 0 0 0 0 0 0 0 0 0 0 0 0 0 0 0 0 0 0 0 0 0 0 0 0.0455737267 0 0.04476789157 0 0 0.02654035575 0.07894549771 0 0 0 0 0.05938304152 0 0 0 0 0 0 0.05853859105 0 0 0.02814829565 0 0 0 0.02587557497 0 0 0.009258773545 0 0 0.03873054696 0.01124191786 0 0.01857807917 0 0 0.004139830227 0 0 0 0 0.02105529564 
0 0 0 0.007983451345 0 0.005869227843 0 0 0 0 0 0 0 0 0 0 0.02140545095 0.008776066281 0 0 0 0 0 0 0 0 0 0 0 0.02554197669 0 0 0 0 0 0 0.01998455194 0 0 0 0 0 0 0 0 0 0 0 0 0 0 0 0 0 0 0 0 0 0 0 0 0 0 0 0 0 0 0 0 0 0 0 0 0 0 0 0.0350692405 0 0.01812497895 0 0 0 0 0 0 0 0 0 0 0 0.01557530935 0 0 0 0 0 0.01570505029 0 0 0.03504159893 0 0.04060992248 0 0.02097377778 0 0 0.0340182835 0 0 0 0 0 0 0.01660467268 0 0 0.06236779843 0 0.009519794524 0.03103167208 0 0.001209207256 0 0 0 0 0.01149913526 0 0 0 0 0 0 0 0 0 0 0 0 0 0 0 0 0 0 0.03691309784 0 0.01111976168 0 0 0 0 0.03723219763 0.02353687193 0.03798338568 0 0 0 0 0.05188649668 0 0 0 0.01789009071 0 0 0 0 0 0 0 0 0 0 0 0 0.02763255237 0 0 0 0.01245586137 0 0 0 0 0 0 0 0 0 0 0 0 0 0 0 0 0 0 0 
0 0 0 0 0.004549296902 0 0 0.01799867371 0.02741129924 0 0 0 0 0 0 0 0 0 0 0 0 0 0 0 0 0 0 0 0 0 0 0 0.006092483421 0 0.01535829266 0 0 0 0.02169993109 0 0 0 0 0 0 0 0 0 0 0 0.01114723944 0 0.002947290162 0 0 0 0 0 0 0 0 0 0 0 0 0 0.003112272691 0.05980026819 0 0 0 0.01562639606 0 0 0 0 0 0 0 0 0 0 0 0 0 0.01029738699 0 0 0 0 0 0 0 0 0 0.02645167065 0 0.04563309361 0 0 0 0 0 0 0 0 0 0 0 0 0.01101252972 0 0.02311547611 0 0 0 0 0 0.01133550589 0.02804343588 0 0.02030992073 0 0 0 0 0 0 0 0 0 0 0 0.03000858602 0 0 0.02758466033 0.05390961682 0 0.02386844248 0 0.0604891065 0 0.04985426894 0 0 0 0 0 0 0 0 0 0 0 0 0 0 0 0 0 0 0 0 0 0 0 0 0 0 0 0.01177300193 0 0 0.01117145813 0 0 0.04134008889 0 0 0 0.05176893638 0 0 0.0107637814 0 0.01146703807 0 0 0 0 0 0 0 0 0 0 0 0.06584509107 0 
0 0 0.01708056574 0 0 0 0 0 0 0 0.1372492894 0 0 0 0 0 0 0 0.02040433031 0 0 0 0.008880653458 0 0 0 0 0 0 0 0 0 0 0 0.01684577136 0 0 0 0 0 0 0.04735185473 0 0 0 0.01328044967 0 0 0.02466629291 0 0 0 0 0 0 0 0 0 0 0 0 0 0 0.03085905126 0 0 0 0 0 0 0 0 0 0 0 0.008385180885 0 0.0258420422 0 0 0 0.05292906141 0 0 0 0 0 0 0 0 0 0 0 0 0 0.009562920159 0 0 0 0 0 0 0 0 0 0 0 0.01218504683 0 0 0 0 0 0 0.01330422044 0 0 0 0 0 0 0.02391028165 0 0 0 0 0 0 0 0 0 0 0.04538037085 0 0 0 0.01512412433 0 0.0352189763 0.01810471515 0 0 0 0 0 0 0.0125071046 0 0 0 0 0.01000408225 0 0 0 0 0 0 0 0 0 0 0 0.05700785906 0.01587883353 0 0 0 0 0 0 0.01410926601 0 0.0257991936 0 0.02247934962 0 0 0 0 0 0.01594810349 0.01165600521 0 0 0 0 0 0 0 0 0 0 0 0 0 0 0.01540038445 0 0 
0 0 0 0 0 0 0 0 0 0 0 0 0 0 0 0 0 0 0 0 0.006292917478 0 0.01354267863 0 0 0.006600104295 0 0.009374229018 0 0 0 0 0 0 0.008551068731 0 0 0 0.009552518595 0 0 0 0 0 0.0005036722546 0 0 0 0.0004569277373 0 0 0 0.04474867531 0 0 0 0 0.008663931923 0 0 0 0 0.05052085391 0.02296804517 0 0 0 0 0 0 0 0 0 0 0 0 0 0 0 0 0.01052481732 0 0 0.03936579562 0.01135164644 0 0 0.0129351806 0 0 0 0 0 0 0 0 0 0 0 0 0 0 0.01520678496 0 0 0 0 0 0 0 0 0 0 0 0 0.01218125815 0 0 0.05390186349 0 0.04690026096 0 0 0 0 0.04566911265 0.009761085425 0 0 0 0 0 0 0 0 0 0 0 0.01042418734 0 0 0 0 0 0 0 0 0 0.009666888079 0 0 0.03524709342 0 0 0 0 0 0 0 0 0 0 0 0 0 0 0 0 0 0 0 0 0 0 0 0 0.02465232626 0 0 0 0.04745294981 0 0 0 0 0 0 0 0 0 0 0 0 0 0.05672992325 0.04429570856 0 0 0 0 
0 0.02531483783 0 0.05461639092 0 0.03957160979 0 0 0 0.00545117969 0.007240133223 0 0 0 0 0 0.03460447781 0 0 0 0 0 0 0.01771066776 0 0 0 0 0.01209369786 0 0 0 0 0 0 0 0 0 0 0 0 0 0 0.04328735853 0 0.01988602398 0 0 0 0 0 0.007051370126 0 0 0 0 0 0 0 0 0 0 0.02159936212 0 0 0 0 0.03073146014 0 0 0.01031236972 0 0 0 0 0 0 0 0.01812640193 0 0 0 0 0 0.007583734209 0 0 0 0 0 0 0 0 0 0 0 0 0.02736637696 0 0 0 0 0.03487445622 0 0 0 0 0 0 0 0 0 0.01158904498 0.0350659426 0 0.002743637212 0.01917191432 0 0 0.01378269596 0 0 0.02532401306 0 0 0 0 0 0.01211749374 0 0 0 0.05231635965 0 0 0.00997198653 0 0 0 0 0 0 0 0 0 0.03976141439 0.0525726833 0 0 0 0.02021492627 0 0.02295281698 0 0 0 0 0 0 0 0 0 0 0 0 0 0 0 0 0 0 0 0 0 0 0 0 0 0 0 0 0 0 0 0 0 0 0 0 0 0 0 0 0 0 0 0 0 0.08785133528 0 
0 0 0 0.01582195385 0 0 0 0 0 0.01880715211 0 0 0 0.007483153241 0 0 0.01054522586 0 0 0 0 0 0.0151828329 0.0178279306 0.03919068387 0 0 0 0 0 0 0 0 0.01954731924 0 0 0 0 0 0 0 0 0.01277094175 0 0.01272884409 0 0.001070028155 0.03883143059 0 0 0.01446448128 0 0 0.04410237123 0 0 0.0035189475 0 0 0.05779425053 0 0 0 0 0 0 0 0 0 0 0 0.03078632909 0.01323279008 0 0.009996407407 0 0.04831995271 0 0 0 0 0.03819093941 0.06543601451 0 0 0 0.01261040399 0 0 0 0 0 0 0 0 0 0 0.011754993 0 0 0 0 0 0 0 0 0 0 0 0 0 0.04899602597 0.008014838437 0 0 0 0.0118069053 0.05962180384 0 0 0 0 0 0.04057061381 0 0 0 0 0 0 0 0 0 0 0 0 0.01263015367 0 0 0 0 0 0 0 0 0 0 0 0 0 0 0 0.01623032834 0.01130737812 0 0 0 0.05253115084 0 0 0 0.03162712673 0 0.03489719632 0 0.04670889599 0 0 0 0 0 0 0 0 0 0.01239292902 0 0 0 0 0 0.02422071992 0 0 0 0.07562513161 0.003290028279 0 0 0 0 0 0 0.01163325162 0.02474846672 0 0 0 0 0 
0.01440138711 0 0 0 0 0 0 0 0 0 0 0 0 0 0 0 0 0 0 0 0 0 0 0 0 0 0.05090041533 0 0 0 0 0 0.006614948548 0 0 0 0 0.01522774881 0.05039312939 0 0 0 0 0 0 0 0 0 0 0 0 0.02858188384 0 0 0 0.03375816394 0.04086434709 0 0 0 0 0 0 0 0 0 0 0.0237692039 0 0 0 0 0 0 0 0 0.02404449 0.008103195115 0.01423957748 0 0 0 0 0 0 0 0 0.03447029193 0 0 0.02668318601 0.05188561202 0 0 0 0 0 0 0 0.01136951762 0 0 0 0 0 0 0 0 0 0 0 0 0 0 0 0 0 0 0 0 0 0 0 0.01755126492 0 0 0.01432119546 0.06214807546 0 0 0.01273405633 0 0 0 0 0.01016629386 0 0 0 0 0 0 0 0 0 0 0.02543082706 0 0 0 0.01168026661 0 0 0 0 0.03448955279 0.05104525746 0 0 0 0 0 0 0 0 0 0 0 0 0 0 0 0 0 0 0 0 0 0 0 0 0.02313095474 0 0 0 0.01095041233 0 0 0 0 0 0.04044860078 0 0 0 0 0 0 0.01085103226 0 
0.03489811407 0.03810939543 0.005305889683 0 0 0 0 0 0 0 0 0 0 0 0 0 0 0 0 0 0 0.0264427924 0 0 0 0 0 0 0 0.01541388122 0 0 0 0 0 0 0 0 0 0 0 0 0 0.03891072702 0.04081344644 0 0 0 0 0 0 0 0 0 0 0 0 0 0 0 0.01790103208 0 0 0 0 0 0 0 0 0 0 0 0 0.03777686714 0.0046337589 0 0 0.03396759659 0.01300107387 0 0 0 0 0.01395666774 0 0.003217868333 0 0 0 0.012001274 0.01516851794 0.01990100345 0 0.04947831242 0 0.02769989141 0 0 0.04688913419 0.04199200039 0 0 0.007666140657 0.03159109786 0 0 0 0 0 0 0 0 0 0 0 0 0 0 0 0 0.03560528926 0 0 0 0 0 0 0 0 0 0.01826310603 0 0 0 0 0.01346248908 0 0 0 0.02906818283 0 0 0 0 0 0 0 0 0 0 0.03056875809 0 0.0533070137 0 0.009614078458 0 0 0 0 0 0 0 0 0 0 0 0 0 0.009379086617 0 0 0.0537061712 0 0.0334634578 0 0.01870333469 0 0 0 0 0.02620553298 0 0 0 0 0 0 0 0 0.0422251003 0 0 0 0.02446284493 0.0219526927 0 0 0 0 0 
0 0 0 0 0.0464240443 0 0 0 0 0.02098744974 0 0 0 0 0 0 0 0 0 0 0 0.02632258485 0 0 0 0 0 0 0.03155488028 0 0 0 0 0 0.0390107565 0 0 0 0.007910641026 0 0 0 0 0 0 0 0 0 0.02143139347 0 0 0 0 0.0009576076409 0 0 0.04343446516 0 0 0 0 0 0 0 0.04795609353 0 0 0 0 0 0 0 0 0 0 0 0 0 0 0 0 0 0 0 0 0 0 0 0 0 0 0 0.01756123936 0 0.03110143494 0 0 0 0 0.01614328648 0 0 0 0.02805408576 0 0.008391455309 0.01980098 0 0 0 0 0 0 0 0 0 0 0 0 0 0 0 0 0 0 0 0 0 0.04098281059 0 0 0 0 0 0 0 0 0.03409510015 0 0.02552285154 0.03254186196 0 0 0.03968824503 0 0 0 0 0 0 0 0 0 0 0 0 0 0 0 0 0 0 0.04663154238 0 0 0 0 0 0 0 0 0 0 0 0 0 0 0 0 0 0 0.01560499195 0 0 0 0.01018968858 0 0 0.009934381211 0 0 0.04144169836 0 0.02954823773 0 0 0 0 0 0 
0.05087832788 0 0 0 0 0 0.05123715769 0 0 0 0.006541948569 0.04062484938 0 0 0 0.01186837156 0 0 0 0 0 0 0.05839088907 0 0 0 0 0 0.0116822511 0 0 0 0 0 0.02955842931 0 0 0 0 0.03336042086 0 0 0 0.01131756922 0 0 0 0 0 0 0 0 0 0 0 0 0.02351350556 0 0 0 0 0 0 0 0 0 0 0 0 0 0 0.02968245551 0 0 0 0 0.02971307439 0 0 0 0.007878940844 0 0 0 0 0 0 0 0.01401410976 0.01685345346 0 0 0.06382586799 0 0.02019668097 0 0 0.02195176101 0.01653254558 0 0 0.0223368412 0 0 0.04700819008 0 0 0 0 0 0.03223593761 0 0 0 0 0 0.008934997003 0 0 0 0 0 0 0.0178414808 0 0 0.01763531252 0 0 0 0 0 0.01247744026 0 0 0 0.008196107919 0 0 0 0 0 0.01105566166 0 0 0 0 0 0 0.01272924008 0.007965805628 0 0 0.02117231128 0 0 0 0 0 0 0.03332238011 0 0 0 0 0 0 0 0 0 0 0 0.06466944295 0 0.0134957094 0 0 0 0 0.04299259275 0 0 0 0 0 0 0 0 0.008215112827 0 0 0 0 0 0.020166327 0 0 0 0.06965586485 0 
0 0 0 0 0 0 0 0.01520772159 0 0 0 0 0 0 0 0 0 0 0.02579747032 0 0 0.02745417943 0 0 0.02377331874 0.01098178355 0 0 0 0.02103231341 0 0 0.0195378893 0.02594940405 0 0 0.02340851123 0 0 0 0 0 0 0 0 0 0 0 0 0.02437695103 0 0 0.09298023349 0 0 0.03029990023 0 0 0 0 0 0 0 0 0 0 0 0 0 0 0 0.00829366641 0 0.03222498556 0 0 0 0.03767103132 0 0 0 0 0 0 0 0 0 0 0 0 0 0 0 0 0 0 0 0 0 0.01574414007 0 0 0.03825714415 0 0 0.0127272358 0.02721428036 0 0.009603499576 0.0665306594 0 0 0 0 0 0 0.04369257191 0 0 0.01730944306 0.02636482888 0.05541817334 0.01195309196 0 0 0 0 0 0.02187637032 0 0 0 0 0.01795087969 0 0 0 0 0 0 0 0 0 0 0 0 0 0 0 0 0 0.05773256538 0 0.02068618724 0 0 0 0 0 0.0543370683 0 0 0 0 0 0.02804407705 0 0 0 0 0.0225593846 0 0 0 0.06703902612 0 0.02947633176 0 0 0 0 0 0 0.0254174228 0 0 0 0 0 0 0 0 0.02905107825 0 0.03824876453 0 0 0.04996751322 0 0 
0 0 0 0.04177503539 0.05814027731 0 0.1041673671 0 0.0450231619 0.008488914076 0.03335737476 0 0 0 0 0 0 0 0 0 0 0 0 0 0 0 0 0 0 0 0.03097186978 0 0 0 0 0 0 0.01301630092 0 0.02159078553 0 0 0 0 0 0.009632825296 0.01826332611 0 0 0 0 0 0 0 0 0 0 0 0.009481347102 0 0 0 0 0 0 0 0 0 0 0 0.02707170678 0 0.03417141623 0.02978291263 0 0 0 0 0 0.03353364125 0 0.00818980485 0 0 0 0 0 0 0.01421711406 0.04582332285 0 0 0 0 0 0 0.002120722485 0 0 0 0 0.0216546819 0.02131881216 0 0 0.02612901625 0 0.02206238967 0 0 0 0 0 0 0 0.04010915441 0 0 0 0 0.02582914315 0 0 0 0 0 0 0 0 0 0 0 0 0 0 0 0 0 0 0.01888336628 0 0 0 0 0.01321545186 0 0 0 0 0 0 0 0.02772924117 0 0 0.009892263386 0 0 0.02631598717 0.0533136259 0.01412863618 0 0.04372894585 0 0.05696845844 0 0 0 0.06042075951 0 0 0 0 0 0 0.003257868132 0 0 0 0 0.01713739606 0 0 0.05117481217 0 0 0 0 0.00193227891 0 0.03247029915 0 0 0 0 0 0 0.05548658959 0 0 
0 0 0.02817924556 0.06478620886 0 0 0 0 0 0.04757930306 0 0 0 0 0.00957928248 0 0 0 0 0 0 0 0 0 0 0 0 0 0 0 0 0 0 0 0 0 0 0 0 0 0 0 0 0 0 0 0 0 0 0 0 0 0 0 0.03486867097 0 0 0 0 0 0 0 0 0 0 0 0 0 0.01821319354 0 0 0.01641602181 0 0.01777764386 0 0 0 0.02135705998 0.03270196874 0 0.02735634525 0 0 0 0 0 0 0 0 0 0 0 0 0.01141836769 0 0 0 0 0 0.002026526746 0 0.05579947042 0.01595549034 0 0 0 0 0 0.07010977208 0 0 0.03040302025 0 0.0236411753 0 0 0 0 0 0.009426748349 0.05616666086 0 0 0 0 0 0.05811599255 0 0 0 0 0 0 0 0 0 0 0 0 0 0 0.01133272855 0 0 0 0 0.01712420742 0 0 0 0 0 0 0 0.00952738732 0 0 0 0 0.0199208382 0 0 0 0 0 0.05233548317 0 0 0 0.01788821282 0.02306795419 0 0 0 0 0.02643367144 0 0 0 0 0 0 0 0 0 0 0 0 0 0 0 0 0.009462692039 0 0 0 0.01170108607 0 0 0 
0.005925143866 0 0 0.0314949877 0 0 0 0 0 0.01390973636 0 0 0 0 0 0 0 0.01877628737 0.01879875559 0 0 0 0 0 0 0 0 0 0 0 0 0 0 0.01550220932 0 0 0 0 0 0 0 0 0 0 0 0 0 0 0 0 0 0 0 0 0 0 0 0.03784280808 0 0 0 0 0 0.00672758129 0 0 0.04674934655 0 0 0 0.01801855606 0 0 0 0 0 0 0 0 0 0 0 0 0 0 0 0 0 0 0 0 0 0 0 0 0 0 0 0 0 0.02665868235 0 0 0 0 0 0 0.01700295377 0 0 0 0.04226723026 0 0.02720188001 0 0 0 0 0 0 0.04604694106 0 0 0 0 0 0 0.006280214343 0 0.01167803809 0 0 0 0 0.03330152728 0 0.02117684498 0 0 0 0 0.01918977492 0 0 0 0 0 0 0 0 0 0 0 0 0 0 0 0 0 0 0 0 0 0 0.008945833783 0.03406125705 0.04288186664 0 0 0 0.02855926166 0 0 0.03406542828 0 0 0.03866880147 0 0 0.03211647168 0 0 0 0.03700473906 0 0 0.0149709161 0 0 0 0 0.02298236695 0 0 0 0 0 0 0 0 
0 0 0 0 0 0 0 0 0 0 0.008158578538 0.008823294112 0 0 0.02282569886 0 0 0 0 0.03091564326 0 0 0 0 0 0 0 0 0 0 0 0 0.04752302022 0 0 0 0 0 0 0 0 0 0 0 0.007748959501 0.00412182427 0.009497540185 0 0 0 0 0.04636295269 0 0 0 0.01013372285 0 0 0 0 0 0 0 0 0 0 0 0 0 0 0 0 0 0 0 0 0 0 0 0 0 0 0 0 0.04841873843 0.03904686261 0 0 0 0 0 0 0.01395878297 0 0 0 0 0 0.05286861456 0.01199407921 0.04240258415 0 0 0.0536157751 0 0 0 0 0 0.001002083573 0 0 0 0 0 0 0 0.04318877506 0.03356021011 0 0 0 0.04569453254 0 0 0 0 0 0 0.03290106079 0.04429917692 0 0 0 0 0 0 0 0 0.01446168782 0 0.01200759511 0 0 0 0 0 0 0 0.01319068789 0 0 0 0 0 0 0 0 0 0 0 0 0 0 0 0 0 0 0 0.02102360135 0 0 0 0.01009639059 0 0 0 0.01116514809 0 0.01360882677 0 0 0 0 0 0 0 0 0 0 0 0 0.01127285071 0 0 0 0 0 0 0 
0 0 0 0 0 0 0 0 0 0.0100810792 0 0 0 0.006109771601 0 0 0 0 0 0 0.01897277975 0 0.01479989974 0.03766727552 0 0 0.0004123945493 0 0 0.02293378214 0.02677186527 0 0 0 0 0 0 0 0.007765205026 0 0 0 0 0 0.06726426938 0 0 0 0.007042528127 0 0 0 0 0 0 0 0 0.04283406467 0 0 0.0184542186 0 0.01030605674 0 0 0 0 0 0 0 0 0 0 0 0 0 0 0 0.01434236312 0.02498028609 0 0 0 0 0 0 0 0.009415571023 0 0 0 0 0.05262967172 0 0.0282985051 0 0 0 0 0 0 0 0 0 0 0 0 0 0 0 0.01228107452 0.05967167214 0 0 0 0 0 0 0.008236253305 0 0 0 0 0 0 0 0.009459992401 0.02956735244 0 0 0 0 0 0.03326429468 0 0.01265913538 0 0 0 0 0 0 0 0 0 0.01239740877 0 0 0.0399241197 0 0.02020452193 0 0 0 0 0 0 0 0 0 0 0 0 0.04204504368 0 0.01768829659 0.04632199903 0 0 0 0 0 0 0 0 0 0 0 0 0.01384497242 0 0 0 0 0 0.1038472318 0 0.02818141697 0.05613235247 0 0 0 0 0 0 0 0 0.02124119472 0 0 
0 0.007937027072 0 0 0 0.02274911543 0 0 0.02173722818 0.01178260211 0 0 0 0 0 0 0.01952139383 0.03552873823 0 0 0 0 0 0.01741129962 0 0 0 0.00375687866 0 0 0 0 0 0 0 0 0 0 0 0 0 0 0 0 0.04791752693 0 0 0 0.01530996454 0 0 0 0 0.02678293559 0 0 0 0 0 0 0 0.0744984733 0 0 0 0 0 0 0 0 0 0 0 0 0 0 0 0 0 0 0 0.01066409573 0 0 0 0 0 0 0 0 0 0 0 0 0 0.04313755371 0.07962326128 0 0 0 0.01619248413 0 0 0 0 0 0 0 0 0 0 0 0 0 0 0 0.01847041886 0.03344240385 0.01813124745 0 0 0 0 0.001991901688 0 0 0 0 0 0 0 0 0.01051800826 0 0 0 0 0 0.04177105378 0 0 0 0.03062999081 0 0 0 0 0 0 0 0 0 0 0 0.02183006335 0 0.04537950061 0 0 0 0 0 0 0 0 0 0 0 0.01000709379 0 0 0 0 0 0 0 0 0 0 0 0 0 0 0 0 0 0 0 0 0.01109585657 0 0 0.01958549788 0.02340870654 0.04646614698 0 0 0 0 0 
0 0 0 0 0 0 0.04815455715 0 0 0 0 0 0 0 0 0 0 0 0 0 0 0 0 0.01051819904 0 0 0 0.03107758581 0 0 0 0 0.05115796799 0.02554477356 0 0.02034777753 0 0 0 0 0 0 0 0 0 0 0 0 0 0.0127391456 0 0 0 0 0.05530522453 0 0 0.01561320723 0 0 0 0 0 0 0 0 0 0 0 0 0 0 0 0 0 0 0 0 0 0 0 0 0 0 0 0 0.04205174783 0 0.03459182847 0 0 0 0 0.03351262862 0 0 0 0 0 0 0 0 0 0.0260627887 0 0 0 0 0 0 0 0 0 0 0.05106085003 0 0 0 0 0 0 0 0 0 0 0 0.05085343907 0 0 0 0 0 0 0 0 0 0 0 0 0.03579645903 0 0 0 0 0 0 0 0 0 0 0 0 0.01907386123 0.07133619005 0 0 0 0.01785729571 0 0 0 0 0 0 0 0 0.01899107877 0 0 0.02034040261 0 0 0 0 0 0 0.01135528132 0 0 0 0 0.02049234328 0 0.01673285186 0 0 0 0 0 0 0 0 0 0 0 0.01220488053 0 0 0.02276899703 0 
0 0 0 0 0 0 0 0 0 0 0 0 0.02798794202 0 0 0 0 0 0 0 0 0 0 0.007830664911 0 0.007896235688 0 0 0 0 0 0.01895406164 0 0 0 0 0 0 0 0.009702008037 0 0 0 0 0 0 0 0 0 0 0 0 0.0109920773 0.01515701521 0 0 0 0 0 0 0 0 0 0 0 0 0 0 0 0 0 0 0 0.01209746724 0 0 0.05685917855 0.0360789882 0 0 0 0 0 0 0 0.03314762114 0 0 0 0 0 0 0 0 0 0 0.05940493961 0 0 0 0 0 0 0 0 0 0 0 0 0 0 0 0 0 0 0 0 0 0 0 0 0 0 0 0 0 0 0 0 0 0 0 0 0 0 0 0 0.01236828518 0 0 0 0.02557342809 0 0 0 0 0 0 0.01882782028 0.009881840457 0 0 0 0.01178583866 0.03567035307 0 0 0 0 0.01105977115 0 0 0 0 0.01099147603 0 0.04213033174 0 0 0 0.02888761768 0 0 0 0 0 0 0 0 0.06376977611 0 0 0 0 0 0.01097225643 0.003163974513 0 0 0 0 0 0 0 0 0 0.01526201574 0 0.05030657425 0 
0.01314211752 0 0.008685243591 0 0 0 0 0.00590183372 0 0 0 0.01478723299 0.007347739893 0 0 0.009112490608 0.02010215418 0.0204613654 0 0 0 0 0 0.006579180607 0.04478578978 0 0 0 0 0 0 0.03683826588 0.05139357191 0 0 0.01428115279 0 0.05066553531 0 0 0 0 0.01393650567 0 0 0 0.007952074019 0.0110020362 0 0 0 0 0 0.03932088798 0.01898509007 0 0 0.0441177857 0 0 0 0 0.01002373672 0 0 0 0 0 0.0334540889 0 0 0 0 0 0 0 0 0 0 0 0 0 0 0 0 0 0 0 0 0 0 0 0.04786892482 0 0 0.01371001156 0 0.03801841136 0 0 0.03538192307 0 0 0 0 0 0 0 0 0 0 0 0.02699456782 0 0 0 0 0 0 0 0.04466950818 0 0 0 0 0 0 0 0.01500497926 0 0 0 0 0.04710066558 0 0 0 0 0.03154734841 0 0 0.0441103443 0 0 0 0 0 0 0 0 0 0 0.04292403027 0 0 0 0 0 0 0 0 0 0 0 0 0 0 0.03721314477 0 0 0 0 0 0 0 0 0 0 0 0 0 0 0 0.01313888604 0 0 0 0 0 0 0 0.01022987035 0 0 0 0 0 0.02856981828 0 0 
0 0.03893329769 0 0 0 0 0.01430907955 0 0 0.001357337394 0 0 0 0 0 0.05537163831 0.03393816324 0 0 0 0 0 0 0 0.0156948554 0.006704066512 0 0.03347534408 0 0.02363784434 0 0 0.01511260701 0 0 0 0.03009146643 0 0 0.04512128454 0 0.01431868064 0 0 0 0 0 0 0 0 0 0.02728357355 0.01444995686 0 0.04782695084 0 0.009422362906 0 0 0 0 0.02006283112 0 0 0 0 0 0 0 0 0 0 0 0 0 0 0 0 0.02785067616 0 0 0 0 0 0 0 0 0 0 0 0 0.02499615501 0 0 0 0 0.005370508395 0 0 0 0 0 0 0.01870000629 0 0 0 0 0.05249258657 0 0.07078923739 0 0 0 0 0.04078013684 0.05510796669 0 0 0 0.01984134626 0 0 0 0 0 0 0 0 0 0 0 0 0 0 0 0 0 0.01648232516 0 0 0 0 0 0 0 0 0 0 0 0.01809469858 0 0 0 0 0 0 0 0 0.02179911437 0 0 0 0 0.006105237914 0 0 0.03641299538 0 0 0 0 0 0.01354599693 0 0 0 0 0 0 0 0 0.03887283589 0.02949697613 0 0 0 0 0 0 0 0 0 0 0 0 0 0 0 0.0520589448 
0 0 0 0 0 0.006716108024 0 0 0 0 0 0 0 0 0.00666107255 0 0 0 0 0 0 0 0 0 0 0 0.006491270063 0 0.02001254728 0 0 0 0 0 0 0 0 0 0 0 0 0.00653534364 0 0 0 0 0 0 0 0.03031403505 0 0 0 0.0171430826 0 0 0.006970067139 0 0.02812093556 0 0.02300720181 0 0 0 0.01215192816 0 0 0 0 0 0 0 0 0.04526728326 0 0.04067955317 0 0 0 0 0 0 0 0 0 0 0 0 0 0 0.02000129633 0 0 0 0 0.04417917809 0.0170896252 0 0 0 0 0 0 0 0 0 0.02540615184 0 0.03342218012 0 0 0 0 0.003350352885 0 0.03617519013 0 0 0 0 0 0.02076642329 0 0 0 0 0 0 0 0 0 0.005977391682 0 0 0 0 0.01680252698 0 0 0.01793259692 0 0 0 0.03055116002 0 0.05224770368 0 0 0 0 0.05208889267 0 0 0 0 0.05239189116 0.01630784113 0 0 0 0 0 0.02150495308 0 0.03036242475 0 0 0 0 0 0 0 0 0 0.03546083708 0.02668159449 0 0 0 0 0.008828586531 0 0.01142659226 0 0 0 0 0 0 0.01248316292 0 0.02483963935 0 0 0 0.02711019854 0 0 0 0.0285290387 
0.01258191584 0 0.0664414095 0 0 0 0 0 0.01316342984 0 0 0 0 0 0 0 0 0 0 0 0.01208497552 0 0 0 0 0 0 0.05800018205 0 0.002493161548 0 0 0.03201889058 0 0.03042733753 0 0 0 0 0 0 0 0 0.01204004522 0 0 0.04327849444 0 0 0 0.05024243746 0 0 0 0 0 0 0 0 0 0 0.004066186545 0 0 0 0 0 0 0.0224458698 0 0.05058968999 0 0 0.05196808546 0 0 0 0 0 0 0 0 0 0.03340510698 0 0 0 0 0 0 0 0 0 0 0 0 0 0.04820744206 0 0.01511732852 0 0 0 0 0 0 0 0 0.01856003707 0 0 0 0 0 0 0 0 0 0.03208054597 0 0 0 0 0 0 0 0 0.01353431083 0 0 0 0 0 0 0 0 0 0 0 0 0 0 0 0 0 0 0 0 0 0 0.07880303714 0 0 0 0 0 0.04349911842 0 0.01081109602 0 0 0.05759633293 0 0.00680615863 0.04804272608 0.02672153674 0 0 0 0 0 0 0 0 0.004531578391 0 0 0 0.02555664733 0 0 0 0 0 0 0 0 0 0 0 0.01984681046 0 0 0 0 0 0 0.0735254405 0 0.04240650573 
0 0 0 0.07338900242 0 0 0 0 0.005708859319 0 0 0 0.009516672862 0 0 0 0 0 0.01340121626 0 0.006127571419 0 0 0 0 0 0 0 0 0 0 0 0 0 0 0 0 0 0 0 0 0 0 0.006990135617 0 0.04006835569 0 0 0 0 0.01279015085 0 0 0.01102211208 0 0 0 0 0 0 0 0 0.04512120215 0 0 0 0 0 0 0.00971880556 0 0.01310228546 0 0 0 0 0 0 0 0 0 0 0.01558323886 0 0.04763348377 0.00853647162 0 0 0 0 0 0.008082733766 0 0 0 0 0.0147796573 0 0 0 0 0 0 0 0 0.0348988773 0.03158125318 0 0 0.03362274794 0.04280543056 0 0 0 0 0 0 0.0307978867 0 0 0 0 0.007972615676 0.04198045752 0 0.00809586798 0 0 0 0 0 0 0 0 0 0 0 0 0 0 0 0 0 0 0 0.02730047063 0 0 0 0 0.0369485253 0.02351685013 0 0 0 0 0 0.06021258624 0 0 0 0.05218794544 0 0 0 0 0.03370607991 0 0 0 0 0 0 0 0 0 0 0 0 0.01164107086 0 0 0 0 0 0 0.01531097345 0 0.0474802149 0 0 0 0 0 0.05424708292 0 0.02202015893 0 0 0 
0 0 0 0 0 0 0 0 0 0 0 0 0 0 0 0.01700487709 0 0 0 0 0 0.009492927837 0.02143674106 0 0 0.01044761649 0 0 0 0 0 0 0 0 0.06599124004 0 0.008811862863 0 0 0.01458330498 0 0 0 0 0 0 0 0.0478796007 0 0 0 0.0132175025 0 0 0 0 0.007105583346 0 0 0 0 0 0 0 0 0 0 0 0 0 0 0 0 0 0.003720168698 0 0 0 0 0 0 0.03226359154 0.01565571815 0 0.02450693672 0 0 0.05363400077 0 0 0 0 0 0 0.02795130563 0 0 0 0.02960645622 0.002722478766 0 0 0 0 0.03565182505 0 0 0 0 0.03921846597 0.06230678665 0 0 0 0 0 0 0 0 0 0 0 0 0 0 0 0.06328576443 0 0 0.03828570472 0 0 0 0 0 0 0.04443799058 0 0 0 0.00148859178 0.01136522127 0 0 0 0 0 0.01048883316 0 0 0.01521541982 0.01098113852 0.05290413991 0 0 0.0264924162 0.01231819384 0 0 0.01691119655 0 0 0 0 0 0 0 0 0 0 0 0.05535821539 0.04268591733 0.02439050457 0.02270612544 0 0 0 0 0.01536653073 0 0 0.02428718689 0 0 0 0 0 0 0 0 0 0 0 0 0 0 0 0 0 
0.01451015552 0 0 0 0 0 0 0 0 0 0 0 0 0 0 0 0 0.007600123175 0 0 0 0 0 0.01565964945 0 0 0 0 0 0 0.02643133754 0.01449392621 0 0 0.02603853433 0.007282544499 0 0 0 0.03056609899 0.01458476443 0.008081774057 0 0 0 0 0 0 0 0 0 0 0 0 0 0 0 0.04898340765 0.03122907526 0 0 0 0 0 0 0 0 0 0 0.0167976552 0.01381924022 0 0 0 0.0407395657 0 0 0 0 0 0.0284413581 0 0 0.01501436036 0 0 0 0 0 0 0 0 0 0.009234655941 0 0 0.008625998433 0 0 0 0 0 0 0.03800886309 0 0 0 0.02192996304 0 0 0 0 0 0.01038041797 0 0 0 0.02677959375 0.01810470961 0 0 0.03602040402 0 0 0 0 0 0 0 0 0 0 0 0 0.04954972914 0.04871593039 0 0 0.03605542381 0 0 0 0 0.01808475665 0.01795800607 0.00374336944 0 0 0 0 0 0 0.03515699142 0 0 0 0 0 0 0 0 0 0 0.009825696119 0 0 0 0 0 0.03584183817 0 0.001990993213 0 0.0210512841 0 0 0.0549528132 0 0 0 0 0 0 0 0 0.01702498593 0 0 0 0 0 0 0.03374183189 0 0 0 0 0 0.02598873792 0 
0 0 0 0 0 0 0 0 0 0 0 0 0.008082059835 0.008463291718 0 0 0 0 0 0.04847329069 0.0237742591 0 0 0 0 0 0 0 0 0 0 0 0 0 0.042356425 0 0 0 0 0 0 0 0.007410102072 0 0.05394782318 0 0 0 0 0 0 0.04911898715 0 0 0 0 0 0 0 0 0 0 0 0 0 0 0 0 0 0 0 0 0 0 0 0 0 0 0.01541343974 0 0 0.02207688176 0 0 0 0.01734094795 0 0 0 0 0 0 0.01183059592 0 0 0 0 0 0 0 0 0 0 0 0.02809259083 0 0.0229005124 0 0.01647045997 0 0 0.02586816953 0 0 0 0 0 0 0 0 0.007468347148 0 0.03799481976 0 0 0 0 0 0 0.0241404894 0 0 0 0 0 0.01890751233 0 0 0 0 0 0 0 0 0 0 0 0 0 0 0 0 0.024398326 0 0 0 0.02113944113 0 0 0.02758062892 0 0 0 0 0 0.01539576392 0 0 0 0 0 0 0 0 0 0 0 0 0 0.04485833833 0 0 0 0 0 0 0 0 0 0 0 0 0 0 0 0 0 0 0 0 
0 0.05921668427 0 0 0 0 0 0 0 0 0 0 0 0 0 0 0.008226206187 0.01840669993 0 0 0.01359007395 0 0 0.02239184742 0 0 0.002772008107 0 0 0.04088644241 0.006635042243 0.03584110938 0 0 0 0.02642465457 0.02098995913 0 0 0 0 0 0 0 0 0 0 0 0 0 0 0 0 0.05701728287 0.03828559211 0 0.0315633555 0 0 0 0 0 0 0 0 0 0 0 0 0.01705073157 0 0 0 0 0.05435939427 0 0.01199868522 0.02223331575 0 0 0.06356237423 0 0 0 0 0 0.008106811809 0 0 0 0 0.05660058605 0 0 0 0 0 0 0 0 0 0 0 0 0.01526512303 0 0 0.05035318587 0 0.03389251845 0 0 0 0 0.02428068408 0 0 0 0 0 0 0 0 0 0 0 0.05487464022 0.03351947215 0 0 0 0 0.009712421147 0 0 0 0 0 0 0.04603085513 0 0 0 0 0 0 0 0 0 0 0 0 0 0 0.01217233923 0 0 0 0 0.05449191474 0 0.05248507507 0.02900114192 0 0 0 0 0 0 0 0.02507246859 0 0 0 0 0 0.03702889493 0 0 0 0 0 0 0 0.04021732266 0 0.04888955014 0 0 0 0 0.002545781488 0 0 0 0 0 0 0 0.04215694578 
0 0 0.03257628474 0 0 0 0 0.02659250732 0 0 0 0 0 0 0 0 0 0.04862424148 0 0 0 0 0 0 0 0 0 0 0.01282026034 0 0.008285104685 0 0 0 0.0112327316 0 0 0 0 0 0 0 0 0 0 0 0 0.0408343669 0.0483655739 0 0 0 0 0 0 0 0 0 0 0 0 0 0 0 0 0 0.0128287522 0 0 0 0 0.007791447156 0 0 0 0 0 0 0 0 0.02349983492 0 0 0 0 0.08539575732 0 0 0 0 0 0 0 0 0 0 0.02959403482 0 0 0 0 0 0 0 0 0 0 0.01104962534 0 0.02365020053 0 0.05177438843 0 0 0.02072078382 0 0.03275487425 0 0 0 0 0 0.05733405413 0 0 0 0 0 0 0 0 0.0101661729 0.008698466386 0 0 0 0 0 0 0 0 0 0 0.0308732327 0 0.0142677635 0 0 0 0.01311739691 0.02417757328 0 0 0 0 0.019911198 0 0.1565225536 0 0 0 0 0 0 0 0 0 0 0.05687416849 0 0 0 0 0 0 0 0 0 0 0 0 0 0.05736121969 0 0 0 0 0 0 0.05075875136 0 0 0 0 0.03287237648 0 0.02104247204 0 0 0 
0 0 0.01094966582 0 0.05154552608 0 0 0 0 0.007526070974 0 0 0.009953786422 0 0 0 0 0 0.0006411236183 0 0 0 0 0.02689080147 0 0 0 0 0 0 0 0 0 0 0 0.0480180564 0 0 0 0 0 0 0 0 0 0 0 0.05062718714 0 0 0 0 0 0 0 0.06153608536 0 0 0 0 0 0 0 0 0 0 0 0 0 0 0 0 0 0 0 0 0.02007335027 0 0 0 0 0.05961808982 0 0 0 0.01201002643 0 0.03870892222 0 0 0 0 0 0 0 0 0 0.01510903799 0 0 0 0 0 0 0 0 0.01159600756 0.05713234938 0 0 0 0 0 0.01407741166 0.02100338898 0 0 0 0 0 0 0 0 0 0 0 0 0 0 0 0 0 0.005091746053 0 0 0 0 0 0 0 0 0 0 0 0 0 0 0.02556873637 0 0 0 0 0 0 0.03031555704 0 0 0.03093766806 0 0 0 0 0 0 0 0.02078715332 0 0 0 0 0 0 0 0.02721205849 0 0 0 0 0 0 0 0 0 0 0 0 0 0.04296517624 0 0.03151465005 0.02138160577 0 0 0.05338000467 0.0181482253 0.02775634487 0 0 0 0 
0 0 0.06040268225 0.04655909359 0 0 0 0.02187377956 0 0 0 0.02167893729 0 0 0 0 0 0.03113572354 0 0 0 0.02136818972 0 0 0 0 0 0.004048304018 0 0 0.004849009194 0 0 0 0 0 0.03055735801 0 0 0 0 0.04398915774 0.02566760239 0 0 0 0 0 0.00660224318 0.01410426429 0.04693125953 0 0 0 0.03642048557 0 0 0 0 0 0 0 0 0.01314637185 0 0 0 0 0 0 0 0 0 0 0.03984717228 0 0 0 0.01920439535 0 0 0 0 0.01024549417 0 0 0 0 0 0 0 0 0 0 0 0.01618286598 0 0 0 0 0 0 0 0 0 0 0 0 0 0 0 0 0 0 0 0 0 0 0 0 0 0 0 0 0 0 0 0 0 0 0.020400325 0 0 0 0 0 0 0 0.0171513417 0 0.02509610465 0 0 0.01806756566 0 0 0 0 0 0 0 0 0 0 0 0.0670033625 0 0 0.02789522247 0 0.01196000733 0 0 0 0.01735288982 0.01971797595 0.04494028749 0 0 0 0 0 0 0 0 0 0 0 0 0 0 0 0 0 0 0 0 0 0 0 0 0 0 0 0 0.0287144153 0.01578110115 0 0 0.01763375056 
0 0.05347050231 0 0 0 0.0515770523 0 0 0 0 0 0 0 0 0 0 0.008258871347 0 0 0 0 0.03823970326 0 0 0 0 0 0 0 0 0 0 0 0 0 0 0 0 0 0 0 0 0 0 0 0 0 0 0 0 0 0 0.008852402207 0 0 0 0 0 0.02901602495 0 0 0 0 0 0 0 0 0 0 0.01013019928 0 0.02909715606 0 0 0.01918857556 0 0 0 0 0 0.02123531412 0 0 0 0.03422956003 0 0 0.03745377845 0 0 0 0 0 0 0 0 0 0 0 0 0 0 0 0 0 0 0 0 0 0 0.07802250571 0 0 0 0 0.01641026554 0 0 0.02451940821 0 0.02540649107 0 0 0.0585537645 0 0 0 0 0 0 0 0.01833383704 0 0.02758705348 0.01618554733 0 0 0 0 0 0 0 0 0 0 0 0 0.03105322307 0 0 0 0.03454920113 0 0 0.01010969641 0.00971784136 0 0 0 0 0 0 0 0 0 0 0.06532112298 0.03311731352 0 0 0 0.001700075685 0 0 0 0 0 0 0 0 0 0 0 0 0 0 0 0 0 0 0 0 0.03468077078 0 0 0 0 0 0.05862760878 0 
0 0.00959606949 0 0.01051819439 0 0 0 0 0 0 0 0 0 0 0.01314568129 0 0 0 0 0 0 0 0 0 0 0 0 0 0 0 0 0 0 0 0 0 0 0 0 0.01906182855 0 0 0 0 0 0 0 0 0 0 0 0 0 0 0 0 0 0 0 0 0 0.05002372349 0.00739943112 0 0 0 0 0 0 0.02171830664 0 0.008903901094 0.006796329515 0 0 0 0.04266937735 0.02268845943 0 0 0.02154997471 0 0 0 0 0 0 0 0 0 0 0.03180556447 0.02833446518 0 0 0 0 0 0 0 0.02988258046 0 0 0 0 0 0 0 0 0 0 0 0.008142986135 0 0 0 0 0.01080428025 0 0.03149147083 0 0.04528842522 0 0 0 0.02580564928 0 0 0 0 0 0.05728034801 0 0 0 0 0 0 0.02496622287 0.03177471003 0.01785698166 0 0 0 0 0 0 0.02528389823 0 0.01011526182 0 0 0 0 0 0 0.009564426867 0 0 0 0 0 0 0 0 0.06115319222 0 0 0 0 0 0 0 0.01291488905 0 0 0.01595838952 0 0 0 0.0096011945 0 0 0 0.01272803403 0 0 0 0.01927040406 0 0 0 0 0.0461777486 0 0 0.02893223153 0 0 0.04236741498 
0 0 0 0 0 0 0 0 0 0 0 0 0 0 0 0 0 0 0.018700689 0 0 0 0.0451040161 0 0.02113247397 0 0 0 0 0.03994830299 0 0 0 0 0 0 0 0 0 0 0 0 0 0 0 0 0 0 0 0.02215032795 0.02964114254 0 0 0 0 0 0 0 0.02570999 0 0.03945929517 0 0 0 0 0 0 0 0.008747541981 0 0 0.05135146749 0 0 0 0 0 0 0 0 0 0 0.08856544006 0 0.02472375165 0 0.01122897549 0.01189396406 0 0 0 0 0 0 0.01887728515 0 0 0 0 0 0 0 0 0 0.02904180024 0 0 0 0.04381023993 0 0 0 0 0 0.01896565185 0.04552868876 0 0 0 0 0 0 0 0 0 0 0 0 0 0 0 0 0 0 0 0 0 0 0 0 0.02205264763 0 0 0 0.01097271901 0 0 0 0 0 0.01576224094 0.01379339801 0 0 0 0 0 0 0.01844014265 0 0 0 0 0 0.0225206492 0 0 0 0.05695683159 0 0 0.02263416898 0 0 0 0 0 0 0 0.03408574928 0 0 0 0.003245461131 0 0 0 0 0 0 0 0 0 0.0169456032 0 0 0 0.0557582275 0 0 
0 0 0 0 0 0 0 0 0 0 0 0 0 0 0 0 0 0 0 0 0 0 0 0 0 0 0.007986231448 0 0 0 0 0.006210579348 0.04110080993 0.02290675069 0 0 0 0.03823259393 0.02935138583 0 0 0 0 0 0 0.009475403952 0.06226708529 0 0 0 0.02971930008 0 0 0.0150029289 0 0 0 0.02894504392 0 0 0 0 0 0 0 0 0 0 0.006970722708 0.02092353031 0 0.044885503 0 0 0 0 0.01450252485 0 0.0257138405 0 0 0 0 0 0 0 0 0 0 0 0.06405336911 0 0 0 0 0 0 0 0 0 0 0.0411125932 0 0 0 0 0 0 0 0 0 0 0 0 0 0 0 0 0 0 0 0.01000548243 0 0 0.02813952265 0 0 0 0 0 0 0.009715088307 0.01545189838 0 0 0 0 0 0.01278575024 0 0 0 0 0.009451233805 0.04712469647 0 0 0 0 0 0 0 0 0.009714329659 0 0 0 0 0 0.02451130085 0 0.0305936177 0 0 0 0 0 0 0 0 0 0.0849348777 0 0 0.04333025818 0 0 0 0 0.05092773738 0 0 0 0 0.06108067587 0.003918594802 0 0.01781691536 0 0.01539253024 0 0 0 0 0 0 0 0 0 0 
0.01359949106 0 0 0 0 0 0 0 0.0246810635 0 0 0 0 0.02842655201 0 0 0 0 0 0 0 0 0.06436500191 0 0 0 0 0 0 0.04109675122 0 0.009175351139 0.03543678289 0 0.02164824213 0 0 0 0 0 0 0 0 0 0 0 0.03904418337 0 0 0 0 0 0 0 0 0 0 0 0.07352745089 0 0 0.006300395355 0 0.01814997611 0 0 0 0 0 0 0.006317974892 0 0 0 0 0 0.01038878066 0.009607036592 0 0 0 0 0 0 0.06122822172 0.0235784474 0 0 0.04672035801 0 0 0 0 0 0.01255984796 0 0 0 0 0 0.01135935855 0 0 0 0 0 0 0 0 0 0 0 0 0 0 0.01226558373 0 0 0 0 0 0 0 0 0 0.01873252934 0 0.01483288899 0 0 0 0 0.009103555764 0 0 0 0 0 0.02758099465 0 0 0 0 0 0 0 0.03702893951 0 0.009334456423 0 0.04453467964 0 0 0 0 0 0 0.01614835106 0 0 0 0 0 0 0 0 0 0 0 0 0 0 0 0 0 0.02111423649 0 0 0 0.05083380448 0 0 0 0 0 0 0 0 0 0 0.02648721498 0 0 0 0 0 0 0 0.01803122129 0 
0.06699526294 0.01897992199 0 0 0 0 0 0 0 0 0 0 0 0 0.01269909633 0.01379233215 0 0 0 0 0 0 0 0 0 0 0 0 0 0 0 0.009434629632 0.01017520159 0 0 0 0 0.0145289889 0 0.01736601366 0 0 0 0 0 0 0 0 0 0.0391789039 0 0 0 0.01868833809 0 0 0.04249718609 0 0 0 0.03299396508 0 0 0 0 0 0 0 0 0.02691358888 0 0 0 0 0 0 0 0 0 0 0 0 0 0 0 0 0 0 0.0556450659 0 0 0 0.01829930196 0 0.02103192631 0 0 0 0 0 0 0 0.009918251661 0 0 0 0 0 0 0 0 0 0 0 0 0.0119297209 0 0 0 0 0 0.05976343612 0.02029699014 0 0 0 0 0 0 0 0 0.01809998557 0 0 0 0 0 0 0 0.01335599441 0 0 0 0 0 0 0 0.002656150609 0 0 0 0.04759026622 0 0 0 0 0 0 0 0 0 0 0 0 0 0 0 0 0 0 0 0 0 0 0 0 0 0 0 0 0 0 0 0 0 0 0.004794936525 0 0 0 0 0 0.03371292402 0 0.02577057602 0 0 0 0 0 
0 0 0.001874653267 0 0 0 0.01032819183 0 0 0 0.007079986457 0 0 0.0189393954 0 0 0.009321915792 0 0.05771771293 0.02695052467 0 0 0 0 0 0 0 0 0 0 0 0 0 0 0 0 0 0 0.03472005648 0 0 0 0 0 0 0 0 0 0 0 0 0 0 0 0 0 0 0 0 0 0 0 0 0.07055037243 0 0 0 0 0.02799770025 0.00870867945 0 0 0 0 0 0 0 0.02823002803 0 0 0 0 0 0 0 0 0 0.009255204336 0.02326229802 0 0 0 0 0 0 0 0 0 0 0 0.02531790696 0 0 0 0 0 0 0.02542483052 0 0.008359573944 0 0 0 0 0 0 0 0 0 0 0 0 0 0 0.01208569243 0 0 0 0.01185292061 0 0.003145634758 0 0 0 0.01598896813 0 0 0 0 0 0 0 0 0 0 0.02926849518 0 0 0 0 0.05145063251 0 0 0 0 0 0.04307584312 0 0 0 0 0 0 0 0 0 0 0 0 0 0 0 0 0 0 0 0 0 0 0 0 0.05099546607 0 0 0 0 0 0 0.01116998339 0 0 0.03067537648 0.005086770052 0 0 0 0.002398578347 0 0 0 
0 0 0 0 0 0 0.04023285037 0 0 0.01110157465 0 0 0 0 0 0 0.01192001226 0.01866911615 0 0 0 0 0 0.01680243132 0 0 0.04522671183 0 0.07659878391 0.02410099754 0.007194786342 0 0.04180854409 0 0.01865217604 0 0 0 0 0 0.004809821314 0 0 0 0.02260630713 0 0 0.00902484852 0.02006150669 0.05648613166 0 0 0 0 0 0 0 0 0 0 0 0 0 0 0.02603734821 0.02047938803 0 0 0.00362400155 0 0.008011781344 0 0 0 0 0 0 0 0 0 0 0 0 0 0 0 0 0.02113869604 0.05090509686 0.02438732282 0 0 0 0 0 0.02828834036 0 0 0.05534383258 0 0 0 0 0 0 0 0 0 0 0 0 0.02951261636 0 0 0 0 0 0 0 0 0 0 0.06000683008 0 0 0 0 0 0 0 0 0 0.05034565473 0.02914526002 0 0 0 0 0.03087879571 0 0 0.04597729379 0 0 0.009038730251 0 0 0 0 0 0 0.02787482068 0 0 0 0 0 0 0 0 0 0 0.05464520173 0 0 0 0 0 0 0.02182173335 0 0 0 0.007258276869 0 0 0.0245530626 0 0 0 0 0 0 0.01344327145 0.04503794948 0 0 0.07435136245 0 0 0 0 0 0 0 0 0 0 0 0 
0 0 0 0.02153353259 0.02636195498 0 0 0.01720825491 0 0 0 0 0 0 0 0 0 0 0 0 0.01997259465 0.07306178412 0.02205911873 0 0 0 0 0 0.007463824469 0 0 0 0 0 0 0 0 0 0 0 0 0.007102698341 0 0 0.008234796588 0 0 0.03348291392 0 0 0.007290650275 0 0 0 0 0.0216284945 0 0.02043203963 0.007540895794 0 0.05683797162 0 0.006167602088 0 0 0 0 0 0 0 0 0 0 0 0 0 0 0 0 0 0 0 0.01575846472 0 0 0 0.05994906255 0.03591941969 0 0 0 0 0 0.01709774997 0 0 0 0 0 0 0.03903098979 0 0 0.008750669201 0 0 0 0 0 0 0.01758264596 0 0 0.05854308793 0 0.02985566244 0 0 0.03116788992 0.01459777947 0.008950296085 0 0.004994347223 0 0 0 0 0 0.03763981482 0 0 0 0 0 0 0.03623457306 0.009619423253 0.05674747293 0 0 0 0 0 0 0 0 0 0 0 0 0.01120225755 0 0 0 0.0116349061 0 0 0 0 0.02161611804 0.02574711682 0 0 0 0 0 0 0 0 0 0.0167103474 0 0 0 0.03247701584 0 0.02917626268 0 0 0 0 0 0 0 0 0 0.04194394011 0 0 0 0 0.02350746538 0 0 0.05751513505 0.05110762538 0 0 0 0 
0 0.01028614971 0 0 0 0 0 0 0.009859996143 0 0 0 0 0 0 0 0 0.04394191156 0 0 0 0 0 0 0 0 0.03411974047 0 0 0 0 0 0 0 0 0 0 0.009591559219 1.656007841e-05 0 0 0.01053802426 0 0 0 0 0 0 0 0 0.02881070802 0 0 0 0 0 0 0 0 0.01857739018 0.01534315185 0.0186297426 0 0 0.0300249995 0 0 0 0 0 0 0.02920838895 0 0 0 0 0 0 0 0 0 0.02210965928 0 0 0 0.04014609549 0 0 0 0.05239198689 0 0 0 0 0.002136850724 0.03109941331 0 0 0.020144946 0 0.01243221845 0.04220390681 0 0 0 0 0 0 0 0 0.007980167728 0.006145018108 0.01307544285 0 0 0 0.05331670451 0 0 0 0 0 0 0 0 0 0 0 0 0.01504045176 0.02065992533 0.01965349179 0.03023848441 0 0 0 0 0.04725172795 0.03273007091 0 0 0 0 0 0 0 0 0.001137856958 0 0 0.04287130131 0 0 0.02873150787 0 0.02727724323 0 0 0 0.0694974618 0.02221678522 0 0 0 0 0 0 0 0.009786218746 0 0 0 0 0 0 0 0 0.05053760545 0 0 0 0 0 0 0 0 0 0 0 0 0 0.003941989221 0 0 0 0 0 0 0 0.02231898598 
0 0 0 0 0 0 0 0.006191925351 0 0 0 0 0 0 0 0 0 0 0 0 0 0.0089187535 0 0 0 0 0 0 0 0 0 0.008989206285 0 0 0.05038348155 0 0 0.01120721359 0 0 0 0 0 0 0 0.01567411129 0 0 0.03696985046 0.02943048876 0.03298141874 0 0 0 0 0.04362095295 0 0 0 0 0 0 0 0.01190943362 0 0 0 0 0.0331520305 0 0.009378228361 0 0 0 0 0 0 0 0 0 0 0 0 0 0 0 0 0 0 0 0 0.0261768906 0 0 0 0.05961432232 0 0 0 0 0 0 0 0 0 0 0.01193305088 0 0.02846579231 0 0 0 0 0.02476308335 0 0 0 0 0 0 0 0 0 0 0 0 0 0 0 0 0 0 0 0 0 0 0 0.01003167064 0 0 0 0 0 0 0.01305719174 0 0.003877900587 0 0 0 0 0 0 0 0 0 0 0 0.05236516076 0 0 0 0 0 0 0 0.02490849543 0 0.04428636484 0 0 0 0 0.03654859877 0 0 0.04710861176 0 0 0.04184593896 0 0 0 0 0.05626786997 0 0.02444621024 0 0 0 0 0 0.02236450613 0 0 0 0 0 0.01699605091 0 
0 0.002750044404 0 0 0 0 0 0 0 0 0 0 0 0 0 0 0.02095586368 0 0 0 0 0 0 0 0.05625190284 0.01594802695 0 0 0 0 0 0.004822441897 0 0 0 0 0 0 0 0 0 0 0 0 0 0 0 0.01363008716 0 0.008270641203 0.009581316944 0 0 0 0 0.02617325502 0 0 0 0 0 0 0 0.02828827457 0 0.02082198078 0 0 0.01010819435 0 0.04234892279 0.009192033915 0 0.01512018323 0 0 0 0 0 0 0 0 0 0.01353015311 0 0.04250718288 0 0 0.03095661185 0 0 0 0 0 0 0 0.01237322872 0 0 0.01815772819 0.02135676093 0 0 0 0 0 0 0 0 0 0 0 0 0 0 0 0 0 0.03652643697 0 0 0 0 0 0 0 0 0 0 0 0 0 0 0 0 0 0 0 0.01363580034 0 0 0 0 0 0.008990806333 0 0.02544861078 0 0 0.03921176436 0 0 0 0 0.01928608425 0 0 0 0 0 0 0 0.01861735901 0 0 0 0.06192040693 0 0 0 0 0 0 0 0 0 0 0 0 0 0 0.04833784182 0 0 0 0 0 0 0 0 0 0 0 0 0.02354242956 0 0 0.01821507253 0 0.02802432618 
0 0 0 0 0 0 0 0 0 0 0 0 0 0 0 0 0 0.006524151474 0 0.01892881689 0 0 0 0.0354065838 0.01598713897 0 0 0 0 0 0.01123840449 0 0 0 0.009058318588 0 0.008837991544 0.05398020969 0 0.02094863402 0 0 0 0 0 0 0 0.03386605561 0.02373717285 0 0 0 0.01458058745 0 0 0 0 0.05090368403 0 0 0 0 0.008231760796 0 0 0 0 0.05843328128 0 0 0 0 0 0 0 0 0.02362571496 0 0.03149541198 0 0 0.007347316274 0 0 0.01898161322 0 0 0 0 0 0.0270568484 0 0 0.03071219969 0 0 0 0 0 0 0 0 0 0.01586145941 0 0 0 0 0 0 0.02636098175 0 0 0 0 0 0 0 0 0.01969295473 0 0 0 0 0 0 0 0 0 0 0 0 0 0 0 0 0 0 0 0 0.02555901407 0 0 0 0 0 0 0 0 0.00824807163 0 0 0 0 0 0 0.01233519865 0 0 0.02265201431 0 0 0 0 0 0 0 0 0 0 0 0.01100905121 0 0 0.05862442679 0 0 0 0 0 0 0 0 0 0 0 0 0 0 0 0.02611144929 0 0 0 0 0.04421480505 0.02616841523 0 0 0 
0 0 0 0 0 0 0.04315186684 0 0 0 0.00628269293 0 0 0 0 0 0 0 0 0.01660075552 0 0 0 0 0.02176539271 0 0 0 0 0 0 0.01185235516 0 0 0 0 0 0 0.006736676261 0 0 0.04924984714 0.106203002 0 0 0.03167233558 0 0 0 0 0 0 0 0 0 0.05778024692 0 0 0 0 0 0 0 0 0 0 0 0 0 0 0 0 0 0.0473887861 0 0 0 0 0 0 0 0 0 0 0 0 0 0 0 0 0.04952260156 0 0 0.02068142281 0 0 0 0 0 0 0 0.01522174683 0 0 0 0 0.01106333137 0.008507481999 0 0 0 0 0 0.006126741906 0 0 0 0.03429782207 0 0 0 0 0 0 0.04762201013 0 0.02890913212 0 0 0 0 0 0 0 0 0.004794251719 0 0.01976551076 0 0 0 0 0.0399443555 0.01426773936 0 0 0 0 0 0 0 0.02163509446 0 0 0 0 0 0 0 0 0 0 0 0 0 0 0 0 0 0 0 0 0 0 0 0 0 0.01476628761 0 0 0 0 0 0 0 0.06545606303 0.01774116404 0 0 0 0 0 0 0.02661190518 0 0 0.04471071856 0 0 0 
# Errors [psd_det/post_det.dat] I_err:
0 0 0 0 0 0 0.05357238194 0 0 0 0 0.0227787409 0.003843731172 0 0.006973788408 0.01633600094 0 0.008939484003 0 0 0 0.01811880748 0 0 0 0 0 0 0.01813580757 0 0 0 0 0.0003678980316 0 0 0 0 0 0.0162915694 0 0 0 0 0.01593342574 0 0 0 0 0 0 0 0 0 0 0 0 0.04558925139 0 0 0 0.002833094708 0 0 0 0.01976052822 0 0 0 0 0 0.02044666643 0 0 0 0 0 0 0 0 0 0 0 0 0.007625533694 0 0 0 0 0 0 0 0.04644605321 0 0 0 0.02238873919 0 0 0 0.03090057195 0 0 0 0.01347693052 0 0 0.01168005512 0.01078788395 0.04573872394 0 0 0 0 0.03435353855 0 0 0 0 0 0 0 0 0 0 0.02101800736 0 0 0 0 0 0 0 0 0.02298192508 0 0 0 0 0 0 0.04661655323 0.05886772897 0.0114374305 0 0 0 0 0 0 0 0 0 0 0 0 0 0.01339934497 0 0 0.04299210741 0 0 0 0 0 0 0 0 0 0 0 0 0.0116854965 0 0 0 0 0 0 0 0.02499259908 0 0 0 0 0 0 0 0.03565995001 0.0005254341241 0 0 0 0 0 0 0 0 0.01652217863 
0 0.01786733222 0 0 0 0 0 0.02057387062 0.04406458331 0 0 0 0 0 0 0.05003322979 0 0 0 0.02859109703 0 0 0 0.05311818848 0 0 0 0 0 0 0.01229981915 0 0 0 0 0 0 0 0 0 0 0 0 0 0 0 0 0 0 0 0.03277980214 0 0 0 0 0 0 0 0 0 0 0 0 0 0 0 0 0 0 0 0 0.04861796502 0 0 0 0 0 0 0 0 0.01702224254 0 0 0 0 0 0 0 0 0 0 0 0.01612669972 0.01158780632 0 0.03962461709 0 0.01469354047 0 0 0 0.00923721674 0.04025102061 0 0 0 0.01463466842 0.03311125306 0 0 0 0 0 0.02002366561 0 0.02786816445 0 0 0.01834446251 0 0 0 0 0 0 0 0 0 0 0 0 0 0 0 0.05766206564 0 0 0 0.02518950836 0 0.05432672831 0 0.0332561077 0 0 0 0 0 0.06388555822 0 0 0.01131027523 0 0 0 0 0 0 0 0 0 0 0 0 0 0 0 0 0 0 0 0 0 0.008877421787 0.05222830594 0 0.03472582178 0.06985192889 0.02965978831 0 0 0.03526959898 0 0 0.01349650729 0 0 0 0 0 0 0 0 0.01630340484 0 0 0 0 0 0 
0 0.008806367336 0 0.03181990194 0 0.04712779725 0 0 0 0 0.02719571068 0 0.01434400544 0 0 0 0 0 0 0.0146773538 0.05895754378 0 0 0 0 0 0 0.01550430091 0 0 0 0 0 0 0 0 0 0 0 0 0 0.01392575153 0 0 0 0.01897674962 0 0 0.01902630404 0 0 0 0 0 0 0 0.01533744007 0.01833309386 0 0 0 0 0 0.03039447177 0 0 0.001977714929 0 0 0 0 0 0 0 0 0 0 0 0 0 0 0 0.0157546808 0 0 0 0 0 0 0.01964417009 0 0 0 0 0.01706309522 0 0 0.01498848051 0 0 0 0.0504846878 0 0 0.09869690901 0 0.03850061394 0.01281159898 0 0 0 0.02508957774 0 0.01303980374 0 0 0.04958401208 0 0 0 0 0.01230424395 0 0 0 0.0153320499 0 0 0 0 0 0 0 0.03343821837 0 0 0 0 0 0 0 0 0 0.02324660762 0.04209360193 0 0 0 0 0 0 0 0.0153984833 0.03777381269 0 0 0 0 0 0.02219042215 0 0 0 0 0 0 0 0 0 0.05796443425 0 0 0.03508700439 0 0.02713659946 0 0 0 0 0 0 0.05185501693 0 0 0 0.02679398425 0 0 0 0 0 0 0 0.012790296 0 0 0 0.04365180571 0 0 
0.01913808358 0 0 0.01022489755 0 0 0.05696214825 0 0 0 0 0 0 0 0 0 0 0 0 0 0.04739680837 0 0 0.05153403876 0 0 0 0 0 0 0 0 0.02067431259 0 0 0 0 0 0 0 0 0 0 0 0 0 0 0 0 0 0 0 0.01160111741 0 0 0 0.04883426177 0 0 0 0 0 0 0 0 0 0 0 0 0 0 0 0 0 0 0 0 0 0 0 0 0 0 0 0.01568518157 0 0 0 0 0.04850424574 0 0 0 0 0 0 0 0 0.02333727372 0 0 0 0 0.012949747 0 0 0 0 0 0 0 0 0.05260639306 0 0 0.05305652882 0 0 0 0 0 0 0 0 0 0 0 0.04401957438 0 0 0 0.04070550167 0.01460700222 0 0 0 0 0 0 0 0 0 0 0 0 0 0 0 0 0 0 0 0 0.0115528501 0 0 0 0 0 0.03784652751 0 0 0.01410914145 0 0 0.01652404353 0 0 0 0.05331096114 0 0.02361103254 0 0.03602236888 0 0 0.01489397915 0 0 0 0 0.04304250423 0 0 0 0 0 0 0 0 0 0 0 0 0 0 0 0 0 0 
0 0 0 0 0 0 0 0 0.01773106656 0.02108355279 0 0 0 0 0 0 0 0 0 0.009467338453 0 0 0.03283082545 0 0 0 0.006178702483 0 0 0 0 0 0 0.008686966968 0.01816209215 0.008626987445 0 0 0 0 0 0 0 0.03071464841 0 0 0 0 0 0.01301774149 0 0 0 0.01549376281 0 0 0 0 0 0 0 0 0 0 0 0 0 0 0 0.02877945077 0 0.05182998748 0 0.01786768704 0 0 0 0 0 0 0 0 0 0 0 0 0.02442373216 0 0 0 0 0.02458149554 0.01702797806 0 0 0 0 0 0 0 0 0.01912376972 0 0 0 0 0 0 0 0 0 0 0 0 0 0 0 0 0 0 0 0 0 0 0.02856263273 0 0 0 0 0 0 0 0 0.04041294471 0.01603638978 0 0 0 0.07127508451 0 0.05349961936 0 0 0 0 0.01236849891 0 0 0 0.04035106622 0 0 0 0.01449662868 0 0 0 0 0 0.02466803758 0 0 0 0 0 0 0 0.01094295445 0 0.02676057336 0 0 0 0 0.02787549789 0 0 0.005176076997 0 0 0 0 0 0 0 0 0 0.0002876979385 0 0.01034967005 0 0.02641485464 0.01695225081 0 0 0 0 0 0 0 
0 0 0 0 0.01913140609 0 0 0 0 0.01470293425 0 0.01190793166 0 0.009575515243 0 0.008840355339 0 0.01089264261 0.0393180239 0.02104412203 0.02787718833 0 0 0.02462023306 0.03543725988 0.04682200124 0 0.002709125624 0.00716178747 0 0 0 0 0.01026278041 0 0 0 0 0 0.008522827039 0 0.04413543215 0 0 0 0 0 0.02758625381 0 0 0 0 0.01519500238 0 0 0 0 0 0 0 0 0 0 0 0 0 0 0 0 0.02259984348 0 0 0 0.0308603318 0 0 0.01259177482 0 0 0 0 0 0 0.008181192549 0 0 0 0.02810321636 0.03703329435 0.04264187028 0.04810511471 0.02124552632 0.01855040561 0.03924630433 0 0 0 0 0 0 0 0 0.05221546296 0 0 0 0 0.01258528206 0 0 0 0 0.01146983482 0 0.0216037368 0 0 0.0106724294 0 0 0 0 0.02045747303 0 0 0 0 0.02451007879 0 0.008709776611 0 0 0 0 0 0 0 0.009809106497 0 0 0 0 0.009335322562 0.03659944931 0 0 0 0 0 0 0 0 0 0 0 0 0 0 0 0 0 0 0 0 0 0.01465718357 0.01845449465 0 0 0 0 0 0 0 0.02963749728 0 0 0.02347800026 0.0103724659 0 0 0 0 0 0.03031286035 0 0 0 0 0 0 0 0 0 0 0 0 0.03275369244 0 0 
0 0 0 0 0.03096649822 0 0 0 0 0 0 0.009282688868 0 0 0 0 0 0 0.02140343179 0 0 0.01769022479 0 0 0 0 0.04708026441 0.05212654466 0 0 0 0.008047560999 0 0.01798573026 0 0.03542456634 0 0 0 0.004431643515 0.02869692922 0.05314087801 0 0 0 0 0 0 0 0 0 0 0 0 0 0 0 0 0 0 0 0 0 0 0 0 0 0 0 0 0 0 0 0 0 0 0.05071764917 0 0 0 0 0 0 0 0 0 0.0269708756 0 0 0 0 0 0 0 0 0 0 0 0 0 0 0 0.01533888881 0 0 0 0 0.01469354328 0.00385442125 0 0 0 0 0 0 0 0 0 0 0 0 0.006495348523 0 0.01466283335 0 0 0 0 0 0 0 0 0 0 0.05822059712 0 0 0 0 0 0 0 0 0 0 0 0 0.01198220968 0 0 0 0 0 0 0 0 0 0.0540480426 0 0 0 0 0 0 0 0 0 0 0 0 0 0 0 0 0.03329597435 0 0 0 0 0.08699554083 0.03381855411 0 0 0 0 0 0 0 0 0 0 0 0 0 0 0 0 0 0 0 
0 0.04994743633 0 0 0 0 0 0 0 0 0 0 0.007011101736 0 0 0 0.02038732707 0 0 0 0.009079250009 0 0 0 0 0 0 0.05589560963 0 0 0 0 0 0.01330393084 0 0 0 0 0 0 0 0 0 0 0 0 0 0 0 0 0.02967448761 0.03990179673 0 0 0 0 0 0 0.02814391843 0 0 0 0 0 0 0.1506136488 0 0 0 0 0.04331314294 0 0 0.008782221753 0 0 0 0 0 0 0 0.02485239691 0 0 0.01840961353 0 0.02534265439 0 0.009614316112 0 0 0 0 0 0 0 0 0 0 0 0 0 0 0 0 0.02053594101 0 0.02093384091 0 0 0 0 0 0 0 0 0 0 0 0 0 0 0.01639316918 0 0.04200457915 0 0 0 0.0149779339 0 0.01376914861 0.02001175133 0 0 0 0 0.03945916971 0.05919434783 0.01135553126 0 0.0346091503 0 0 0 0.02973240994 0.04632080186 0.01617887806 0 0 0 0 0 0 0 0.02026182925 0 0 0 0 0 0 0.04644471851 0 0 0 0 0 0 0 0 0 0 0 0 0 0 0 0 0 0 0.02170829733 0 0 0 0 0 0 0.04667788048 0 0 0 0 0 0 0 0 0 0 0 0 
0 0 0 0 0 0 0 0 0 0 0 0 0 0 0 0 0 0 0 0 0.0500334657 0 0 0 0 0 0 0 0 0.04613841196 0 0 0 0 0 0 0 0 0.01571913426 0 0 0 0 0 0 0 0 0 0 0 0 0 0 0.009467949071 0 0 0 0 0 0 0 0 0 0.01035000082 0 0 0 0 0 0 0 0 0.008043844243 0 0.01628911214 0 0 0 0.007115841265 0 0 0 0 0.01755318465 0 0 0 0 0.01486157691 0 0.008907293906 0 0 0 0.02041300411 0.0443104384 0.0289666935 0.04335848081 0 0 0 0 0 0 0 0.008471609247 0 0 0 0 0 0 0.008625395722 0 0 0.05082267348 0 0 0 0 0 0 0 0 0 0 0.0275895205 0 0 0 0 0 0 0 0 0 0 0 0.01535013518 0 0 0 0 0 0 0 0 0 0 0 0 0 0 0 0 0 0 0 0.03582166962 0 0 0 0 0.01599291639 0 0 0 0.04551765919 0 0.05031665103 0 0.01348767038 0 0 0 0.0234863932 0 0 0 0.02789972801 0 0 0 0.007064267681 0 0 0 0 0.02336171248 0.01523396964 0 0 0 0 0 0 0 0 0 0 
0 0.0225122959 0.08094490095 0.01078028047 0 0 0 0 0 0 0 0 0 0 0.04566351955 0 0 0 0.006562512395 0 0 0 0.006661704733 0.01234687647 0 0 0 0 0 0 0 0 0 0.01349587269 0 0 0.007285823716 0 0.01098349287 0 0 0 0 0 0.007005897795 0 0 0 0 0 0 0 0.01096060719 0 0 0.04665606773 0 0.03788787014 0.01234170905 0 0 0 0.008422023141 0 0 0 0 0 0 0 0 0.02853470081 0 0 0 0 0 0 0 0.007789266755 0 0 0.05676920823 0 0 0 0 0 0 0 0.0123816482 0 0 0 0 0 0 0 0 0 0 0 0 0.00879949614 0 0.04995915788 0.04931851602 0 0 0 0 0.04535862329 0 0 0 0.01355187148 0.02728891014 0 0 0 0 0 0 0.01888572109 0 0 0.008046624058 0 0 0 0 0 0.02108257212 0.01240183536 0 0 0 0 0 0 0.01160323318 0 0.01600374124 0 0.05800957161 0 0 0 0 0 0 0.03017275499 0 0 0 0 0 0.04909608919 0 0 0 0 0 0.03488061564 0 0 0 0 0 0.01963743746 0 0 0.01849876857 0 0 0 0 0.05474661736 0 0 0 0 0 0.0349883143 0 0 0 0 0 0 0 0.01091807176 0 0 0 0 0 0 0 0.01522677675 
0 0 0.01016129722 0 0 0 0 0 0 0 0.03030825944 0 0 0 0 0 0 0 0 0 0 0.0346911171 0 0 0 0 0 0.01378464074 0 0 0 0 0 0 0 0 0 0 0.008500932131 0 0 0 0 0 0 0 0 0 0 0 0 0 0 0 0 0 0 0 0 0 0 0 0 0 0.049075067 0 0 0 0 0 0 0 0.01495831972 0.0414451495 0 0 0 0 0 0 0.01350141099 0 0.01057001996 0 0.01208348644 0.04080961111 0 0 0 0 0 0.04294284689 0 0 0 0 0 0 0 0.0284648955 0.03655146677 0 0 0 0 0 0 0 0 0 0 0 0 0 0 0 0 0 0 0 0 0 0 0 0 0 0 0 0 0 0 0 0 0 0.02900660817 0 0 0.01160438004 0 0 0.01682886687 0 0 0 0.01511291915 0 0 0 0 0 0 0 0.02501078392 0 0 0.02549991363 0 0 0 0 0.007337707719 0 0 0 0 0 0.0257923599 0 0 0.008494940672 0.07016013106 0 0 0 0 0 0 0 0 0 0 0 0 0 0 0 0.01384634416 0 0 0 0 0 0 0 0 0 0 0 0 0.02301499187 
0.006264986359 0 0.0445483372 0 0 0 0 0 0 0 0 0 0 0.0257661792 0 0 0 0 0 0 0 0 0 0 0 0 0 0 0 0 0 0 0 0 0.008682244377 0 0 0 0 0 0 0 0 0 0.05042375106 0 0 0 0 0 0 0 0 0 0 0 0 0 0 0 0 0 0 0 0 0 0 0 0 0.008412065924 0 0 0 0 0 0 0 0 0 0 0 0 0 0 0 0 0.0136302176 0 0 0.02089450026 0 0 0 0.02948085757 0.01982982115 0 0 0 0 0 0.02995717353 0 0 0 0 0.03373387582 0.04175088784 0 0 0 0 0 0 0 0 0 0 0.009012255317 0 0 0 0 0 0 0.03500372598 0 0 0.01782605191 0 0.02379120608 0 0 0.009784152402 0 0 0 0 0 0 0 0 0 0 0.03481977841 0 0.05610709512 0 0 0 0 0 0 0 0 0 0.04429419846 0 0.05867927657 0.01294737406 0 0 0 0 0 0 0 0 0 0 0 0.05536069738 0 0 0 0 0 0 0 0 0 0 0 0 0 0 0 0 0 0 0 0 0 0 0 0 0 0 0 0 0 
0.02519311718 0 0 0.01455350253 0 0.01254455578 0 0 0.03109067624 0.02270381341 0 0 0.009460367772 0 0 0 0 0 0 0 0 0 0 0.006296076042 0 0 0 0 0 0.03007484656 0.00970011933 0 0 0.01646684775 0 0.03270583437 0 0 0 0 0 0 0 0 0 0 0 0 0 0 0 0 0 0 0 0 0.008573217081 0 0 0 0 0 0 0 0.02558119985 0.01960459289 0 0 0 0.009268674575 0 0 0 0.00849609634 0.009133022689 0 0 0 0 0.03280189937 0 0 0 0.03001059855 0 0 0 0 0 0 0 0.01228198378 0 0 0 0 0.04847006199 0 0 0 0.02437668867 0 0 0 0 0 0 0 0 0 0 0 0 0 0 0 0 0 0 0 0 0 0 0 0 0 0 0 0 0 0 0 0 0.03615420994 0 0.02641511453 0 0 0 0 0 0 0 0 0 0 0 0 0 0 0 0 0 0 0.04951951369 0 0 0 0 0 0 0 0 0 0 0 0 0 0 0 0 0 0 0 0 0 0 0 0 0 0 0 0 0 0 0 0 0 0 0 0 0 0 0 0 0.05039964527 0 0 0 0 
0.009444087954 0 0 0 0 0 0 0 0 0 0 0 0 0 0 0.01935950155 0 0.009688282319 0 0 0 0 0 0 0 0 0 0 0 0 0.01848381308 0 0 0 0.01457992266 0 0 0 0 0.008077739806 0.01372564344 0 0 0 0 0 0.03296808288 0.05161688371 0.04015844711 0.01616957718 0 0.02439438749 0 0 0 0 0 0 0.008678252858 0 0 0.05454652283 0 0 0.05544002534 0 0 0.01578398812 0 0 0 0 0 0 0 0 0 0 0 0 0 0 0 0.05062493104 0.01482095576 0.01828294247 0 0 0 0 0.03210881268 0.04144619058 0.009448903756 0 0 0 0 0 0 0 0 0.05451011699 0 0 0 0 0 0 0 0 0 0 0 0 0 0 0.04148141139 0 0 0.04079487694 0 0.02608847854 0 0 0 0.02422223 0 0 0 0 0 0 0.05694984764 0 0 0 0 0 0 0.05283036332 0 0.02466260057 0 0 0 0 0 0 0 0.003853128831 0 0 0 0 0.01402848576 0.009063260255 0.02076150799 0 0 0 0 0 0 0 0.02857246165 0.02762114449 0 0 0 0 0 0 0 0 0 0 0 0 0 0 0 0 0 0 0 0 0 0.0206161571 0 0 0 0 0 0.04619804969 0 0 0 0.06135830811 0 0 
0 0 0 0 0 0 0.04619894529 0 0 0 0 0 0 0 0 0 0 0 0 0 0 0 0 0.005310262501 0.009422950904 0 0 0 0 0 0 0 0 0 0.04602179927 0 0 0 0.03581901852 0 0 0.006126711645 0 0 0 0 0 0.03403025629 0 0 0 0 0 0 0 0.01300048812 0 0 0 0 0 0 0 0 0 0 0 0 0 0 0.0153953488 0 0 0 0 0 0 0 0 0.009361698015 0.04028439243 0.00985287669 0 0 0 0 0 0 0.02497194144 0.00847635651 0 0 0 0 0.02767062796 0.02442765246 0 0 0 0 0 0 0 0 0 0 0.01600050651 0 0 0 0 0 0 0 0 0 0 0 0 0 0.04966289794 0 0 0 0 0 0 0 0 0.1043468396 0 0 0 0 0.04734490194 0 0 0 0 0 0.03238793641 0.0409163023 0 0 0 0 0 0 0 0.03160485527 0 0 0 0.0363129735 0.009169087517 0 0 0 0 0 0 0 0.009772801282 0 0 0.01582489677 0 0 0 0.03375757993 0 0 0.02494210044 0 0 0.005063203134 0 0 0.01914455807 0 0.05944540851 0.009537621152 0 0 0.04916094039 0 0 0 0 0 0 0 0.04728090131 0.04410220542 0 0 0 0 0 0.03243984534 
0 0 0 0 0.01523854859 0 0 0 0 0 0 0.008714216759 0.01010668715 0 0 0 0.009808561187 0 0 0.009484318562 0.01626337585 0 0 0 0 0 0 0 0 0 0.01871526898 0 0 0 0.02526328201 0 0 0 0 0.005093496013 0.01688280944 0 0 0 0 0.01399759678 0 0 0 0 0 0 0.002856464346 0 0 0 0 0 0 0 0 0 0 0 0 0 0 0 0 0 0 0 0 0.01587468314 0 0.0008090762454 0 0 0 0 0.05080310863 0.01947487808 0 0 0 0 0 0.0101662069 0 0 0 0 0 0 0 0 0.04447893302 0 0.04339580991 0.01206068374 0 0 0.01590899005 0 0 0 0 0 0 0 0 0.01084540127 0 0 0.03440287898 0 0.008122775556 0 0 0 0 0 0 0 0 0 0 0 0 0 0 0 0 0 0 0 0 0 0 0 0 0 0 0.04119415867 0 0.0193375431 0.03410377422 0 0 0 0 0 0 0 0 0.01424764409 0 0 0.04151351022 0 0.0484622444 0 0 0 0 0 0 0 0 0 0 0 0 0 0.02188077841 0 0 0 0 0 0 0.03752756176 0 0 0 0 0.03144390324 0 0 0 0.04958726389 0.0288391196 0 0 0 0 0 0 0.0148546882 0.02844272035 
0 0 0 0 0 0 0 0 0 0.008042482832 0 0 0 0.01748751249 0 0.01095767522 0 0 0 0 0 0 0 0 0 0 0.04389389304 0 0 0 0.02350078957 0.03175135586 0 0 0 0 0 0 0 0 0 0.09406376985 0 0.02481797879 0 0 0 0 0 0 0 0.01544046056 0 0.02829305249 0 0 0.02457496294 0 0.009098260325 0 0 0 0.004285519649 0 0 0 0 0 0 0 0 0 0 0 0 0.008373219587 0 0.01230091713 0 0 0 0 0.007231642916 0 0.01592478414 0 0 0 0.01905459414 0 0 0 0.0484852509 0 0.0231153459 0.05925376837 0 0 0 0 0 0 0 0 0 0.01979306128 0 0.03471686565 0 0 0 0.01648126782 0 0 0 0 0 0 0 0.03739300489 0 0 0.03905613544 0 0 0.04599807436 0 0 0 0 0 0 0 0 0 0.07707428683 0 0 0 0 0.005053959677 0 0.05548919789 0 0 0 0 0.02984635774 0.01755942228 0 0 0 0.01897909298 0 0 0.05997640179 0 0 0 0.05938664033 0 0 0 0 0 0 0 0 0 0 0.04949498975 0 0 0 0 0 0 0 0 0 0 0 0 0.004667791523 0 0.03124906766 0.03833030554 0 0 0.02905902805 0 0 0 0 0 0.03294970981 0.02037528154 0.09042344901 0 0.03554329265 
0.01344900078 0.01989242283 0 0 0 0 0 0 0 0 0 0.0291047911 0 0 0 0 0 0.04951086299 0 0 0 0 0.0392964913 0.007175114955 0 0 0 0 0 0 0 0 0 0 0 0 0 0.03850069352 0 0.03298406219 0.02511500368 0 0 0 0.01424908101 0 0 0 0 0 0 0 0 0 0 0 0 0 0 0.05073044921 0 0.03412388123 0 0 0 0 0 0 0 0 0 0 0 0 0 0.01015566754 0 0 0 0 0.01295334332 0.007844483627 0 0 0 0 0 0 0 0 0 0.04740751187 0 0 0 0 0 0 0 0 0.03788124967 0 0 0 0.007569986216 0 0 0 0 0 0 0 0 0 0 0 0 0 0 0 0.02895653353 0 0 0 0 0 0 0 0 0 0 0 0 0 0 0 0 0 0 0 0 0 0.02793535976 0 0 0 0 0 0.02224835304 0.02645421191 0 0 0 0 0 0 0.05426712865 0 0 0 0 0 0.008597286452 0 0 0 0.01172101174 0 0 0.01343602838 0.03901086424 0 0 0 0 0.04050396331 0.02174716107 0 0 0 0 0 0 0.01238226608 0 0.01888691394 0 0 0 0 0 0 0.05641545635 0 0 0 0 0 0.02292535449 0 
0 0 0 0 0 0 0 0.01620837387 0 0 0 0 0 0 0 0 0 0.02850127631 0 0.007358074942 0 0 0 0 0 0 0 0 0 0.03333291798 0 0 0.05747619053 0 0 0 0.03022040237 0 0 0 0.007263443456 0 0 0 0.001999925147 0 0 0.03615738951 0.04208438884 0 0 0 0.03795008519 0.007299385304 0 0 0.008056786626 0 0 0 0 0 0 0 0 0 0 0 0 0 0 0 0 0 0 0.01795533523 0 0.01107412784 0 0 0 0 0 0.02240918495 0 0 0 0 0 0 0 0 0.02356092187 0 0 0 0 0 0 0.04211749626 0.008014129126 0 0 0 0 0 0 0 0 0 0 0 0.03085501229 0 0 0 0 0 0.0312697788 0.03402655285 0 0 0 0 0.04471810039 0.009834468778 0 0 0 0 0 0.01945013157 0.02820609724 0 0 0 0 0 0 0 0.04882585138 0 0 0 0.0161116208 0 0 0 0 0 0 0 0 0 0 0 0 0 0 0.03682031355 0 0.02972886227 0 0 0 0 0.01006939441 0.02115585221 0 0 0 0 0 0 0 0 0 0.04295342395 0.03613279204 0 0 0 0 0 0.01817739334 0 0 0 0 0 0 0 0 0 0 0 0 0.05073647794 0 0 
0 0 0.1587591035 0 0 0 0 0 0 0 0 0 0 0.01538056999 0 0 0 0 0 0 0 0 0 0.01904355686 0.02061608738 0 0.02083408036 0 0.01511441696 0 0 0 0.0007820736884 0 0.003826923212 0 0.02990798135 0 0 0.01631902313 0 0 0 0 0 0 0 0 0 0 0 0.03565881874 0 0.02941315625 0 0 0 0 0.02992323355 0 0 0 0 0 0 0 0 0.02008245627 0.02442446014 0 0 0 0.03006576765 0 0 0 0 0 0 0.03250957711 0 0.02703022032 0.04017173519 0 0 0 0.007480909708 0 0 0 0 0.01534532881 0 0.03693908723 0 0 0 0 0 0 0 0.01427610299 0 0 0 0.04838858256 0 0 0 0 0 0 0 0 0 0 0 0 0 0.01969533272 0 0 0 0 0 0 0 0 0.01139540046 0.02605594915 0 0 0 0 0 0 0 0 0.02223804358 0 0 0 0 0 0.03457631777 0 0 0 0 0 0 0 0 0.0171039112 0 0 0 0.04082284875 0.01557597512 0 0 0.0004001158666 0 0.05189208781 0 0 0 0 0 0 0 0 0 0 0.04843687561 0 0 0.01950753999 0 0 0 0 0.01836748867 0 0 0 0 0 0 0 0.02598423681 0 0 0.02515286668 0 0.01632798438 0 0.05504210208 0 0 
0 0 0 0 0 0 0 0 0 0 0 0 0 0 0 0 0 0 0 0 0 0 0 0 0 0.009739397671 0.008137797242 0 0 0 0 0 0 0 0 0 0 0 0.01484888311 0 0.009304227517 0 0 0.01169223076 0 0 0.01293922393 0.04688854419 0.02211415835 0 0 0 0 0 0 0.05380632482 0 0 0 0 0.01825622798 0 0 0 0 0 0 0 0.01128606224 0.03117355333 0.01629763621 0 0 0.04275464601 0 0 0 0 0 0 0 0 0 0 0 0 0.008291334795 0 0 0 0 0 0 0.04835924863 0 0 0 0 0.008337558342 0 0 0 0 0.02386545281 0 0 0 0 0.017015214 0 0 0 0.03473313841 0 0 0 0 0 0 0.01013653952 0.01703049413 0 0 0 0 0 0 0 0 0.01727691937 0 0.08270800347 0 0.01084431321 0 0 0 0.02692622893 0.007064723513 0 0 0 0 0 0 0 0 0.006929832184 0 0.01730520343 0 0 0.05243538736 0 0 0 0 0.03031885215 0 0 0 0.02827402859 0 0 0 0 0 0 0 0 0 0 0 0 0 0 0 0 0 0 0 0 0 0 0 0 0 0 0 0 0 0 0 0 0 0 0 0 0.004557187544 0 
0 0.02307958672 0 0 0 0 0 0 0 0.02189933071 0.0163855662 0 0 0 0 0.006029008845 0 0 0.008929371672 0 0 0.01283486692 0 0 0 0 0 0 0 0 0 0 0 0 0 0 0 0 0 0 0 0 0 0 0 0 0.01429955092 0 0.01357997747 0 0 0.02013494708 0 0 0.07748079348 0 0 0 0 0 0 0 0 0 0 0 0 0 0 0 0 0 0 0 0 0.03308186565 0 0 0 0 0.02091441107 0.009779269989 0 0 0 0 0 0 0 0 0 0 0.04281567559 0 0.001045013708 0 0 0 0 0.008624693678 0 0 0.03484503684 0 0 0 0 0.04260740358 0 0 0 0 0 0 0 0 0 0 0.02312495207 0 0 0.04428940147 0 0 0 0 0 0 0 0 0 0.02552389358 0 0.01218753936 0 0 0.004005780283 0.02324875941 0 0 0 0 0 0 0 0.05615058335 0 0.0534496106 0.04977365074 0 0 0 0 0 0 0 0 0 0 0 0 0 0 0.04901470379 0 0 0.03010365515 0 0.02991641418 0 0 0 0 0 0 0 0 0 0 0 0 0 0 0 0.01376060134 0 0 0 0 0 0.02203876967 0 0 0.01727227014 0 0 0 0 0 0 
0 0 0 0 0 0 0 0 0 0.01525161981 0 0.01108531162 0 0 0 0 0 0 0 0 0 0 0 0 0.01792542996 0 0 0 0 0.02372169266 0 0 0 0 0.001879571245 0 0 0 0 0 0 0.009089099435 0.03220845593 0 0 0 0 0 0 0 0.0120202582 0 0 0 0 0.003198715902 0.02319916505 0 0 0.03760277102 0 0.02486814433 0 0 0 0 0 0 0 0 0 0 0 0 0 0 0.01220635768 0.05368849954 0 0 0 0 0 0 0.008589036961 0.03014563941 0 0 0.04967155774 0 0.01109747565 0 0 0.01018973781 0 0.01262453742 0 0 0 0 0 0 0 0 0 0 0.0390886154 0 0 0.02781874631 0 0.01814070132 0 0 0 0 0 0 0 0 0 0 0 0 0 0 0 0 0 0 0 0 0.03047193609 0 0 0 0 0.02480636227 0 0 0 0 0.03109109919 0 0 0 0 0 0 0 0 0 0 0 0 0 0 0 0 0 0 0 0 0 0 0.05330743624 0 0 0 0 0 0 0 0.02267522077 0.03057822634 0 0 0.04279142471 0 0 0 0 0.02222767526 0 0 0.01211210468 0 0 0 0 0 0 0.02845512278 0 0 0 0 0 0 0 
0 0 0.03152644327 0 0 0.006808021759 0 0 0.02616334103 0 0 0 0.004194116962 0 0 0.0502578664 0 0 0.01980185046 0 0 0 0 0 0 0 0 0.01259798713 0 0 0 0.01612279213 0 0 0.006822353704 0 0.02520942684 0 0 0 0 0 0 0.04958054485 0 0 0 0 0 0.02644249488 0 0 0.01953702425 0 0 0 0.02842023632 0 0 0 0 0.009738034487 0 0 0 0 0 0 0 0 0 0 0 0 0 0 0 0 0 0 0.03732713048 0 0 0 0.01700076348 0 0 0 0 0 0 0 0 0 0 0 0 0 0.01432166214 0 0 0.01735453361 0 0 0 0 0 0 0 0 0 0.01411310759 0 0 0.02642615113 0 0 0 0 0 0 0 0 0 0 0 0 0 0 0 0.01175884507 0 0 0.0419448176 0 0 0 0 0.04688974653 0 0 0.009606494609 0 0 0 0.03086892481 0.0555839309 0 0 0 0 0 0 0.0337299943 0.04909722252 0 0.02195120411 0 0 0 0 0 0 0 0 0.01191776248 0 0 0 0 0 0.0712812557 0 0 0.04633827491 0 0 0.01359570777 0 0 0 0.03369403775 0.0418960367 0 0 0 0 0 0 0.04340669483 0.02619588174 0 0 0 0.01956234311 0 0 0 0 0 
0.01112793654 0 0 0.02942658657 0 0 0 0 0.008400825944 0 0.02192800716 0 0 0 0.01725671093 0 0 0 0 0 0 0 0 0 0.01491595536 0 0 0.02846757549 0 0 0 0 0 0.0208364305 0 0 0.04143019509 0.05662084972 0 0 0 0 0 0 0 0 0 0 0 0 0 0 0.008849146368 0.01702701548 0 0 0 0 0 0 0 0 0 0 0.004981250554 0 0.0391204101 0 0 0 0 0 0 0 0 0 0.005573301051 0 0 0 0 0 0 0 0 0 0.04288553575 0 0.008952351485 0 0.01226544486 0 0.03154517956 0 0 0 0 0 0 0 0 0 0 0 0 0.04834674338 0 0 0 0 0 0.04863093811 0 0 0 0 0.02755035109 0.0431229583 0 0 0 0.03476369908 0 0 0 0.03349028724 0 0 0 0 0 0 0 0 0 0 0 0 0 0 0 0.01064860397 0 0 0 0 0 0.02278482446 0.04133634719 0 0.02448939858 0 0 0 0.06305558649 0 0 0 0 0.03133813057 0 0.01580510964 0 0 0 0 0 0.03123681609 0 0 0 0 0 0 0 0 0 0 0.0204987291 0.02485184851 0 0 0 0 0 0 0 0 0 0 0 0.0379770923 0 0 0 0 0 0 0.05039164775 0 
0 0 0 0 0 0 0 0 0 0 0 0 0 0 0.03772237336 0.0308262205 0 0 0 0 0 0 0.04754047992 0 0 0 0 0 0 0 0 0 0.03358289725 0 0.02243552151 0 0 0 0 0.04371757585 0 0 0 0 0.006383908175 0.01935110407 0 0 0 0 0 0.02264453439 0.00292757979 0 0 0.00706448523 0 0 0 0.01558933304 0 0 0 0 0.03352575104 0.02328846396 0 0 0 0 0 0 0 0 0 0 0.01181520483 0 0 0 0 0 0 0 0 0 0 0 0 0 0 0 0 0 0 0 0.008508099604 0 0 0 0 0.03255491192 0 0 0 0 0 0 0 0 0 0 0 0 0 0 0 0.009114126973 0 0.03887571258 0 0 0 0 0 0 0 0 0 0 0.03548254211 0 0 0 0 0 0 0 0.004610164185 0 0 0.0508326722 0 0 0.01782520661 0.04948123349 0 0.04248734095 0.05496496739 0 0 0 0.02613893713 0 0 0 0 0 0 0 0 0 0 0 0 0.01960274534 0 0 0 0 0 0 0 0 0 0 0.01821979407 0 0 0 0 0 0 0 0 0 0 0 0.009880016968 0 0 0.03939535265 0 0 0.01669877789 0 0.04111150636 0 0 0.01775905 
0 0 0 0 0 0 0 0 0 0 0 0 0.007949161222 0 0.02086117643 0.02531484325 0 0 0 0 0 0.02572071284 0 0 0 0 0 0.05384795685 0 0 0.0423919258 0 0 0 0 0 0.05395466504 0 0 0 0 0 0.00846210488 0 0 0 0 0 0 0 0.009323494044 0 0 0 0 0 0 0 0.01767416938 0 0 0 0 0 0.0004481023205 0.01807428944 0 0 0 0 0 0 0 0 0 0 0.02657568202 0.07820525093 0 0 0 0 0 0.02461463815 0 0 0 0 0 0.01522136215 0 0 0 0 0 0 0 0 0 0 0 0 0.008725188584 0.02957012831 0.01113164413 0 0.01852232532 0 0 0 0 0.03519703856 0 0 0.03161883605 0 0 0 0 0 0 0 0 0 0 0 0 0.05467443608 0 0.01819439529 0 0 0 0 0 0 0 0.04355294611 0.04545969461 0 0 0 0.1438711113 0 0 0 0 0 0 0 0 0 0.05848636115 0 0 0 0.03233415943 0 0 0 0 0.05196759573 0 0 0 0 0 0 0 0 0 0 0 0.03550781284 0 0 0 0 0.02726483483 0 0 0 0.04065001956 0 0 0 0.03404779102 0 0.02157355943 0.03075862146 0 0.01949527608 0 0 0 0 0 0 0 0 
0 0 0.05181729593 0.0166859726 0.008692735855 0 0 0 0 0 0 0 0 0 0 0 0 0 0 0.01646523789 0 0 0.03700842604 0 0 0 0 0 0 0 0.04173900663 0.02234816666 0 0 0 0.02118092294 0 0 0 0 0 0 0 0.01866848965 0 0 0 0 0.04230533871 0 0 0 0.02026704053 0 0 0 0.06547881271 0 0 0 0 0 0.01950788738 0 0 0 0 0 0 0 0.03425557129 0 0 0 0 0.006656995348 0 0.02970524037 0 0.007437338648 0 0 0 0 0 0.01649725285 0.005558997676 0 0 0 0 0.04786245747 0 0.04750916453 0 0 0 0 0 0 0 0 0 0 0 0 0 0 0.002423380832 0 0 0 0 0 0.01720951252 0.01029341959 0 0 0 0 0 0 0 0 0 0 0 0 0 0 0.01923664908 0 0.01243087188 0.02263625895 0 0 0 0 0 0 0 0 0 0 0.02718608523 0 0 0 0 0 0 0 0 0.01097008698 0.01558075275 0 0 0 0 0 0 0 0 0 0 0 0 0 0 0 0 0 0 0 0 0.03683369262 0 0 0.05327488047 0 0 0.03431386851 0 0 0 0 0 0 0 0 0 0 0 0 0 0 0.02188688225 0 0 0 
0.02387054801 0.004111908442 0 0 0 0 0 0 0 0.03068756018 0 0 0 0 0 0 0 0 0.006437687279 0 0 0 0.04448242899 0 0 0 0 0.02586439334 0.02620073338 0 0 0 0 0 0.02234553712 0 0 0 0 0.01794908172 0 0.01860874717 0 0.01560914802 0.04147789024 0 0 0 0 0 0 0 0 0 0 0.02371581282 0 0 0 0 0 0.01243148744 0 0.0173789668 0.02147188687 0 0 0 0 0 0 0 0.05899519944 0 0 0 0 0 0 0 0 0 0 0.008331513754 0 0 0 0 0 0 0 0 0 0.007262582304 0 0 0 0 0 0 0 0 0 0 0 0 0 0 0.02642591876 0 0 0 0 0.03757815527 0 0 0 0 0.02009085621 0 0 0 0 0 0 0 0 0 0 0.01502824807 0 0 0 0 0 0 0 0 0 0 0 0 0 0 0 0 0 0 0 0.01976499217 0 0.02425499131 0 0 0.03594284627 0 0.01505182814 0 0 0 0 0 0 0.009469813184 0 0.0313278304 0 0 0.03514935007 0 0 0 0 0.01246221911 0 0 0 0 0 0 0 0 0 0 0.02510949151 0.02652225395 0 0 0 0 0 0 0 0 0 0 0 0 0.01845896523 0 
0 0 0 0 0 0 0 0 0 0 0 0 0 0 0 0 0 0 0 0 0.01572509989 0 0 0 0 0 0 0 0 0.01194769724 0 0 0 0 0 0 0 0 0 0 0 0 0 0 0 0 0 0 0.007139304619 0.01273937174 0 0 0.03759799934 0 0 0 0 0 0 0 0 0.03322354563 0 0 0 0 0 0 0 0 0 0 0 0 0.009513527752 0.05132536442 0 0 0 0 0 0 0 0 0.01702204382 0 0 0 0 0 0 0.04472192417 0.02330354251 0 0.02345850451 0 0.01767028876 0 0 0 0 0.01827293341 0 0 0 0 0 0 0 0.01429820229 0 0 0 0 0 0 0 0 0 0 0.03023808336 0 0.01139089577 0 0 0 0 0 0 0 0 0.01081533137 0 0 0.01633924881 0 0 0.01339392639 0 0 0 0 0.01534753262 0 0.01085813771 0 0 0 0.05700686671 0.05690901675 0 0.009085155407 0 0 0 0 0 0 0 0 0 0 0.02566615305 0.04879633675 0 0 0.05301040641 0 0 0 0 0 0.03806137468 0 0 0 0 0 0 0 0 0.05901362489 0 0 0 0 0 0.04405154633 0 0 0 0.0301944433 0 0 0.02684779909 0 0 0 0.02210795273 0.03296390232 
0 0 0 0 0 0 0 0 0 0 0.02560853415 0 0 0 0 0 0 0.028707114 0 0 0.03349090567 0 0 0 0 0 0 0 0 0.01809342854 0.04441890745 0.03324408625 0 0 0 0.01352925914 0 0 0 0 0 0 0 0 0 0 0 0 0 0.04395565869 0 0.01179686411 0 0 0 0 0 0 0 0 0 0.07055284149 0 0 0 0 0 0 0 0 0 0.01012574806 0.01627895335 0 0 0 0 0 0 0 0 0.05946545691 0 0 0.04956288856 0 0 0.02884164443 0 0.01260790325 0.09409322719 0 0 0 0 0 0 0 0 0 0 0.0116682242 0 0 0 0 0 0 0 0 0 0 0 0 0 0 0 0 0.01705635435 0 0 0 0 0 0 0.04948434687 0 0 0 0 0.04978112184 0.04179562785 0 0 0 0 0 0 0 0 0.03109422014 0.01661704958 0 0 0 0 0 0 0 0.0175124655 0 0 0 0 0 0 0 0 0.02098669933 0 0 0 0 0 0 0 0 0 0 0 0 0.04303941721 0 0 0 0 0 0.01497816841 0 0 0 0 0 0.01122268341 0 0 0 0 0.01580424244 0 0 0 0 0.02309842978 0.03048834953 0 0 0 0.0183327663 0 
0 0 0 0.01265518194 0 0.02219422366 0 0.01548072771 0.01242283002 0 0 0 0 0.02089958998 0 0 0 0 0 0 0 0 0 0.04784068736 0 0 0 0 0 0 0.01821804785 0 0 0 0 0.05961273052 0 0 0 0 0 0 0.02890223691 0 0 0 0 0 0 0 0 0 0 0 0 0 0.01788164283 0 0.04238415272 0 0 0 0 0.00833047275 0 0 0 0 0 0 0 0 0 0 0 0 0 0 0.0100817774 0 0.01209857758 0 0 0 0 0 0 0 0 0 0 0 0 0 0 0 0 0 0 0.04624330211 0.008527986873 0 0 0 0 0 0.01897665716 0 0 0 0 0 0 0 0 0 0 0 0 0 0 0 0 0.01070112429 0 0.01865394692 0 0 0 0.09295318851 0.0009095441143 0.01798633094 0 0 0 0 0 0 0.04805568131 0 0 0 0 0 0.01208965566 0 0 0 0 0 0 0.01928809458 0 0 0 0.01882045906 0 0.01129471229 0 0.02751522856 0.02787983584 0 0 0 0.05064572245 0.01498545281 0 0 0 0 0 0 0 0 0 0 0.03327800784 0.03053458122 0 0 0 0.02143049861 0 0 0 0 0 0.02187548257 0 0 0 0 0 0 0.007103351186 0 0.05385769966 0 0 0 
0 0 0 0 0 0 0 0 0 0.008412872222 0 0 0 0 0 0 0.01254966582 0 0 0 0 0 0 0 0 0 0 0 0 0.007193796726 0 0 0 0 0.006995149449 0 0 0 0 0.05706673206 0 0 0 0 0 0 0 0 0 0 0 0 0.02580709804 0 0 0 0 0 0.01041148515 0.008617797595 0 0 0 0 0 0 0 0 0 0 0 0 0.007505267311 0 0.01524692545 0 0 0 0.02699082391 0 0 0 0.0253626576 0 0.05191064528 0 0.008052649922 0 0 0 0 0.009719807776 0 0 0 0 0.05177728015 0 0 0 0 0 0 0.02268953949 0 0 0 0 0 0 0 0 0.03189238302 0 0 0 0 0 0 0.01902381872 0 0 0.05139728732 0 0 0 0 0 0.03195252316 0 0 0 0 0 0 0 0 0 0 0 0 0 0.00571238446 0.03842992911 0.04662127004 0 0 0.01481139835 0 0.005311594754 0 0 0.03738771397 0 0 0 0 0 0 0 0 0 0 0 0 0 0 0 0 0 0 0 0 0 0.02441070633 0 0 0 0 0 0 0 0 0 0 0 0 0 0 0 0 0 0 0 0 0 0 0 0 0 
0 0 0 0 0.01041089762 0 0 0 0.05354963845 0 0 0 0 0 0 0 0 0 0 0 0.005012568733 0 0 0 0 0.009621903109 0.009608748434 0 0.01026780701 0 0 0 0 0 0 0 0 0 0 0 0 0 0 0 0.0134903258 0.03109343274 0 0 0 0 0 0.04867854313 0 0 0 0 0 0 0 0 0 0.05055387271 0 0 0 0 0 0.03029538227 0 0.02211694943 0 0 0 0 0 0 0 0.009977901076 0 0 0 0 0.01280803545 0 0 0 0 0.05780631215 0 0.03086766886 0 0 0 0 0 0 0 0 0 0.008749960879 0 0 0 0 0 0 0 0 0 0.005684421996 0 0 0 0 0 0 0.04284388952 0.03369742133 0 0 0 0 0 0.06054572069 0 0 0.01180885532 0 0 0 0 0 0 0.02966512743 0 0.01041610975 0 0 0 0 0 0 0 0.01454727622 0 0 0.01513309281 0 0 0 0 0 0.02126203281 0 0 0.02900850236 0.01643173391 0 0 0 0 0 0 0 0 0 0 0 0.01698876982 0 0 0 0 0 0 0 0.03525627158 0 0 0 0 0 0 0 0 0.04467570783 0 0 0 0.01160351761 0 0 0 0 0.03064709838 0 0 0 0 0 
0.03338520312 0 0 0 0 0 0 0 0 0 0 0.008705327156 0 0.05275643939 0 0.006859043693 0 0 0.01774802589 0 0 0.02383097362 0.03032782371 0 0 0 0 0.01059222885 0 0.01085557391 0 0 0 0 0 0.01302404347 0 0 0.01906607411 0 0 0 0 0 0 0 0 0 0 0 0 0 0 0 0 0 0 0 0.02783942131 0 0.0576055882 0 0 0 0 0 0 0 0 0 0.01373580732 0 0 0 0.01176352493 0 0 0 0.02641987038 0 0 0 0 0 0 0 0 0 0.04735917003 0 0 0 0 0 0 0 0 0 0 0 0 0 0 0 0 0.03177720456 0 0.01088185133 0 0 0 0 0 0 0 0 0 0 0.01635894986 0 0 0 0 0 0.05817838811 0 0.03303569192 0.038183484 0 0.02521997877 0 0 0 0 0 0 0 0 0 0 0 0.03231516019 0 0 0 0 0.0222277637 0 0 0 0 0 0 0 0 0 0 0 0 0 0 0 0 0 0 0 0 0 0 0 0.04680366934 0 0 0 0 0 0 0 0 0 0 0 0 0 0 0 0 0 0 0 0 0 0 0 0 0 0 0 0 0 
0 0.02148802384 0 0 0.04920980739 0.0570159068 0.004740053297 0 0 0 0 0 0 0 0 0.008709139325 0 0.01414375398 0 0.006744758994 0 0 0.02805304675 0.01366514369 0 0 0.01494039271 0 0 0.0239110898 0 0 0 0 0 0 0 0 0 0 0 0 0 0 0 0 0 0 0 0 0 0 0 0 0 0 0.02707403943 0 0 0 0 0 0 0 0 0 0 0 0 0.03198838489 0 0 0 0 0 0 0 0.01086121262 0 0.0175233927 0 0 0 0 0 0 0 0 0 0 0 0 0 0 0 0.005557106265 0 0 0 0.05006694422 0 0 0 0 0 0 0 0 0 0 0 0.02163503966 0 0 0.01594823825 0 0.01404661574 0 0 0.0183122161 0.0486145657 0 0 0.01099225337 0.0195079012 0 0 0 0 0 0.01759424156 0.03376683446 0 0 0 0 0 0 0 0 0.01144115436 0 0 0 0 0 0 0 0 0 0 0 0.02761266948 0 0 0 0.004310764491 0 0 0 0 0 0 0 0.03100715044 0 0 0 0 0 0 0.01135183129 0 0 0 0.01064719645 0.04029497 0 0 0 0.002191472945 0.01863638833 0 0 0 0 0.04168559339 0 0 0 0 0 0 0 0 0 0.02605730337 0.01881322571 0 0 
0.01221955687 0 0.04865292816 0 0 0 0 0 0 0 0 0 0 0 0 0.009342000387 0 0 0 0 0.008831869395 0 0 0 0 0 0 0 0 0 0 0 0 0 0 0.03948051629 0 0 0 0.01083433946 0 0 0 0.04996319468 0 0 0 0 0 0.03523232863 0 0.01159308673 0 0.05476571486 0 0.05091354581 0 0 0 0 0 0 0 0 0 0.01393561026 0.01183013454 0 0 0.03726056025 0 0 0 0 0 0 0 0 0.01162450594 0.02732808881 0 0 0 0 0.008655918466 0 0 0 0 0 0 0 0 0 0 0 0 0 0 0 0 0 0 0 0.03658609286 0.03386626385 0 0 0 0.0399999164 0 0.04503503432 0.06131196674 0 0 0 0 0 0 0 0 0 0 0 0.01265042413 0 0 0 0 0 0 0 0 0 0.04562245686 0 0 0 0 0 0 0 0 0 0 0.01105631101 0.01527756262 0 0 0 0 0 0 0 0 0 0 0.01624272849 0 0 0 0 0.01215497426 0 0.02249352629 0 0 0 0 0 0 0 0 0 0 0.04384023736 0.02713093996 0.04597804563 0 0 0.01436793503 0 0.02644327108 0 0.03180159989 0 0 0 0 0 0 0 0 0 0 0 0 0 0 0 
0 0 0 0 0 0 0 0.01274122192 0 0 0.009510893196 0 0.01136462109 0 0.04633883531 0 0 0 0.02387073714 0 0 0 0 0 0 0 0 0.0629789975 0 0 0 0 0 0 0 0 0 0.04001993921 0 0 0 0 0.03700720183 0 0 0 0 0 0 0 0 0 0 0 0 0 0 0.01507648047 0 0 0 0.01513876586 0 0 0 0 0 0.006818706557 0 0 0 0 0.02234502093 0 0.04504138233 0 0.01534871521 0.0397540033 0 0 0 0.05438695613 0 0 0 0 0 0.03878799401 0 0 0 0 0 0 0 0 0.02762884648 0 0 0 0 0.03118041291 0 0 0 0 0 0 0.0437905287 0 0 0 0.02622578127 0 0 0 0 0 0.01742969032 0 0 0 0 0.009271259837 0 0 0 0.03043879562 0 0 0.0147574795 0 0 0 0 0 0 0 0 0 0 0 0 0 0 0 0 0 0 0 0 0 0 0 0 0 0.009604927231 0 0.01978763166 0 0 0 0.02887878032 0 0 0 0 0 0 0.01134260539 0 0.03319169069 0.009405819777 0.04368337392 0 0 0 0.0556728536 0 0.03859473996 0 0 0 0 0 0 0.01536604179 0 0 0 0 0 0 0 0 0 0.02825084089 0 0 0 
0 0.01618577365 0 0 0 0 0 0.007354674681 0 0 0 0 0.03367413401 0 0.0321412931 0 0 0 0.0119090645 0 0 0 0 0.05818655781 0 0 0 0 0 0 0 0 0 0 0 0.01425782189 0 0 0 0 0 0.001718858907 0 0 0.01041593516 0 0 0 0 0 0 0 0 0 0 0 0 0 0 0 0 0 0 0 0 0 0 0 0.01070887913 0.0437364322 0.02995693196 0 0 0 0 0.055773417 0.05094320919 0 0 0.02031457194 0 0 0 0 0 0 0.02183882669 0 0 0 0 0 0 0 0 0 0 0 0 0.04942033793 0 0 0 0 0 0 0 0 0 0 0.05349080698 0 0.02148570033 0 0 0 0 0 0 0 0 0 0 0 0 0 0 0 0 0 0 0 0 0 0 0 0 0 0 0 0 0 0.00822686992 0 0 0 0 0 0 0 0.01797090036 0 0 0 0 0 0 0.05229336224 0.02870125406 0 0 0.04395283709 0 0.05946797808 0 0 0 0 0 0 0 0.009245841823 0 0 0 0 0 0 0 0.02443830778 0 0.02270473655 0 0 0 0 0 0 0 0 0 0.01403326288 0 0 0 0 0 0.02982026156 0 0 
0 0 0 0.009266107371 0 0 0 0 0.01623818486 0 0 0 0 0 0.05268477044 0 0.02625721147 0 0 0 0 0.07450968998 0 0 0 0 0 0 0 0.02556284608 0.009728600058 0 0 0 0 0 0 0 0 0 0 0 0 0 0 0 0.0499039773 0 0 0 0 0 0.02459296146 0 0 0 0 0.01332053061 0 0 0.04819118507 0.00818434579 0 0 0 0 0 0 0 0 0 0 0 0 0 0 0 0 0 0.04475515235 0 0 0 0 0 0.02708032157 0 0 0 0 0 0 0 0 0 0 0 0 0 0 0 0 0 0 0 0.01796130313 0 0.0311019779 0.02520318758 0 0 0.04670816362 0 0 0 0.03696940736 0 0 0 0 0 0 0 0 0 0 0 0.009252390969 0 0 0.04971234407 0 0 0 0 0.03521428608 0 0 0 0.02229291844 0 0 0 0.007059283142 0.0129199854 0 0 0 0 0 0.02910666732 0.04803669561 0 0 0 0 0 0 0 0 0 0 0 0 0 0 0 0 0 0 0 0 0 0 0.00975624745 0 0.0458453006 0 0 0 0 0 0 0 0 0 0 0.008002436279 0 0.01017743828 0 0 0 0 0 0 0.04431185402 0 0.01287397506 0 
0 0 0 0 0 0 0 0.02378730368 0 0 0 0 0.02110675157 0 0 0 0.01351987511 0.009136719583 0 0.01834566905 0 0 0 0 0.02213822934 0 0 0 0 0.05536414398 0.04550950852 0 0 0 0 0 0 0 0 0 0 0 0 0 0 0 0 0 0 0 0 0 0 0 0 0 0 0 0 0 0 0 0 0 0 0 0 0 0 0 0.04305188033 0 0 0 0.01163263389 0 0 0 0 0 0 0 0 0 0.04888752739 0 0 0 0 0 0 0 0 0 0 0 0 0 0 0 0 0 0 0 0 0 0 0 0 0 0.05936652047 0 0 0 0 0 0 0 0.001524411958 0 0 0 0 0 0.004905660122 0 0 0 0 0 0 0 0 0 0 0 0 0 0 0.02916918049 0 0.01348634991 0 0 0.02069294493 0.01280869443 0 0 0 0 0 0.03402968824 0 0 0 0 0 0 0 0 0 0.03614232221 0 0 0 0.04443695786 0 0 0 0 0 0 0 0 0 0 0 0 0 0 0 0 0 0 0 0.01502352379 0 0 0 0 0 0 0 0 0.01821180564 0 0 0 0 0.02419509804 
0 0 0 0 0 0 0 0 0 0 0 0 0 0 0 0 0 0 0 0 0 0.02531312993 0.02658600104 0 0 0.02116154125 0 0 0.004066972672 0.03219338956 0 0 0 0 0 0 0 0 0 0 0 0 0 0 0 0 0 0 0 0 0.01766474364 0 0 0.01083372326 0.008096734463 0 0 0 0 0.007865120234 0.01442877773 0 0 0.03572942319 0 0 0 0 0 0 0 0 0 0 0 0 0 0 0 0 0 0.02116731041 0.05271621067 0 0 0 0 0 0.01204150105 0 0 0.002652008437 0 0 0 0 0 0 0 0 0 0 0 0 0 0 0 0 0 0 0 0 0 0.02424269695 0 0 0.009259732985 0 0 0 0 0 0.02248958524 0 0.008799490741 0 0 0 0.00809637001 0 0 0 0 0 0 0 0 0 0 0 0 0 0 0 0 0 0 0 0 0 0 0 0 0 0 0 0 0.05068401029 0 0 0.05186834498 0 0 0 0 0.04001856182 0 0.0269639092 0.009327584891 0 0 0.01990862198 0.05409978491 0 0 0 0.05151701601 0 0 0 0 0 0.01042720864 0 0.02316687234 0 0 0 0 0 0 0 0 0 0 0 0 0 0 0 
0 0 0 0 0 0 0 0 0.04259541507 0 0.009491017995 0 0 0 0.03675263718 0 0.0136577938 0 0.05294989745 0 0 0 0 0 0.0428231476 0 0 0.001951162272 0 0 0 0 0.03406001219 0 0 0 0 0 0.01312803633 0 0.01270068357 0 0 0 0.01148929544 0 0 0 0 0 0 0.05797670344 0 0 0 0.02470911212 0 0 0 0.01020036202 0 0 0.00762244523 0 0 0 0 0 0.03683396662 0.01709903391 0 0 0 0.0208016312 0 0 0 0 0 0.008592102065 0 0 0 0 0.03685821695 0 0 0 0 0.005600120445 0 0 0 0 0 0 0 0.03451744152 0 0 0 0 0 0 0 0 0 0 0.01556858812 0 0 0 0 0 0 0 0.02861644084 0 0 0 0 0.06532824913 0 0 0.01117530444 0 0 0 0 0 0 0 0.03474864225 0 0 0 0 0 0 0.0178843008 0 0 0.03962012927 0 0.01179464562 0 0 0 0 0 0 0.008396709993 0 0 0 0 0 0 0 0.0004674359015 0 0 0.002722017737 0 0 0 0 0.03909069746 0 0 0 0.01323129527 0.0348245673 0.06028878274 0 0 0 0 0 0 0 0 0.0382507805 0.02199535892 0 0 0.01491895525 0 0 0 0.01247841169 0 0 0 0.01928405159 0 0 0.04731848275 0.01767209013 0 
0 0.01046585756 0 0 0 0 0 0 0 0 0 0 0 0.02217972537 0 0 0 0 0 0.02817689024 0 0 0 0 0 0.009758259305 0 0 0 0 0 0 0 0 0.02048752416 0 0.04311144584 0 0 0 0 0 0 0 0.03097760435 0 0 0 0 0 0 0.0002671652964 0.01817228622 0 0 0 0 0 0 0 0 0 0 0 0 0 0.00890395842 0 0.0375580478 0 0 0 0 0 0 0 0 0 0 0 0 0 0 0 0 0 0 0.01093878454 0.01554255806 0.06039872315 0 0 0 0 0 0 0 0 0 0 0.03543868451 0 0 0 0 0.03628054838 0 0 0 0.0108153575 0 0 0 0 0.05691134511 0 0.01745636774 0 0 0 0 0 0 0 0 0 0.01656465524 0 0 0 0 0 0 0.02270395897 0 0 0 0 0.01207926366 0 0 0 0.0122885427 0 0 0 0 0 0.008393793109 0 0 0 0 0 0 0 0 0 0 0.03724043787 0 0 0 0 0 0 0 0 0.02467587595 0 0 0.04206769857 0 0.01286198867 0 0 0 0 0 0 0 0 0 0 0 0.01824200484 0 0 0 0 0.05877236044 0 0 0.03723532602 0.05140119223 0.02498919733 0 0 0 0 
0 0 0 0 0 0 0 0 0 0 0.01215196365 2.617979611e-05 0 0 0 0 0 0 0 0 0 0.05840804384 0 0 0 0 0 0 0 0 0 0.01133412821 0 0 0 0 0 0.01019375113 0 0 0 0 0 0 0 0 0 0.009660271217 0 0 0 0 0.01108868417 0.01295373279 0 0 0 0 0 0 0 0 0.05643668049 0 0 0 0 0.05274212287 0 0 0 0 0.05570889679 0 0.1050731944 0 0 0.01709173483 0 0 0 0.03178669767 0 0.01684388415 0 0 0.00742267339 0.02461957367 0 0 0 0.01011592945 0 0.04053030546 0 0.02664732047 0 0.01843267209 0 0 0 0 0 0 0 0.1743416906 0.02690596865 0 0 0 0 0 0 0 0 0 0 0 0 0 0.06444374978 0 0 0.04034255754 0 0 0 0 0.05556781759 0.04807221394 0 0 0 0.01331208521 0 0.0455825166 0 0 0 0 0 0 0 0 0 0 0.01403029657 0 0.009727968976 0.05927755378 0 0.03701081053 0 0.007113456646 0 0 0.02403180965 0 0 0 0 0.04459693478 0 0 0 0 0 0 0 0 0 0 0.05026109611 0 0 0 0 0 0 0 0 0 0 0 0 0 0 0 0 0 0 0 0 0 0.02816333793 0 0 0 0 0 
0.008919880144 0 0 0.02710976411 0 0 0 0 0 0 0 0 0 0 0 0 0.006730081588 0 0 0 0 0 0 0 0 0 0 0 0 0 0 0 0 0 0 0 0 0 0 0 0 0 0 0 0 0 0 0 0 0 0 0 0 0 0 0 0 0 0 0 0 0 0 0 0 0 0 0 0 0.01372877108 0.03850178511 0 0 0 0 0 0 0 0 0 0 0 0 0 0 0 0 0 0 0 0 0 0 0 0 0 0 0 0 0.04299830536 0 0 0 0 0 0 0 0 0 0.009599579851 0 0 0 0 0.03314171926 0 0.01563976062 0 0 0.08613377634 0 0 0 0.009977955087 0 0.007992632478 0 0 0 0 0 0 0 0 0 0.0342866905 0.03316729259 0 0 0.02646704833 0 0 0 0.03553165899 0 0 0 0 0 0 0 0 0 0 0 0 0.02176896636 0 0 0 0.01205932272 0 0 0 0 0 0 0.01773593475 0 0 0 0 0 0 0 0 0 0 0 0 0.03393195734 0 0.05202997043 0.004324952574 0 0 0 0.01728454328 0.01109801267 0 0 0 0 0 0 0 0 0 0.01146590542 0 
0 0 0 0 0 0 0 0 0 0 0 0 0 0 0 0 0 0 0 0 0 0 0 0 0 0 0.0230973621 0 0 0 0 0 0.0212443817 0.01444088752 0 0 0 0 0 0 0 0 0.0244041976 0 0.0232454531 0.008929592219 0 0 0 0 0 0 0 0 0 0 0 0 0 0 0 0 0 0 0 0 0 0 0 0 0 0 0 0 0 0 0 0 0 0 0 0 0.03989887912 0 0 0 0 0 0.05332228882 0.02089910829 0 0 0 0 0 0 0 0.008122243309 0 0 0 0 0.02991683893 0.01358166074 0 0 0 0 0.01074653709 0 0 0.01935169085 0 0 0 0 0 0 0.01159362564 0 0 0 0 0 0 0 0 0 0.01645948399 0 0 0 0 0 0 0 0.06068758488 0 0 0 0 0 0.008970086971 0 0 0 0 0 0 0 0 0 0 0 0 0 0 0 0 0 0.01378453756 0 0 0 0 0 0 0 0.03662302135 0 0 0 0 0 0 0 0 0 0 0 0 0 0 0 0 0 0.04001497721 0 0 0 0 0 0 0 0 0 0 0.012598018 0 0 
0 0 0 0 0.01870237166 0 0 0 0 0 0 0 0 0 0.03028352275 0 0 0 0.04002029143 0.05044328895 0.04651443601 0.00335123098 0 0 0.01070216568 0 0 0 0 0 0 0 0 0.05109602759 0 0.01817315593 0 0.05728919507 0 0 0.03791926989 0 0 0 0.03799719099 0 0 0 0 0.01801177876 0 0 0 0 0 0 0 0 0 0 0 0 0 0.02951706707 0 0 0 0 0 0 0 0 0 0 0 0 0 0 0 0 0 0 0.01956618829 0 0 0 0 0 0 0.009210586735 0 0 0.04335533969 0 0 0.05094891854 0.02151595941 0 0 0 0 0 0 0 0 0 0.01693117476 0 0 0 0 0 0 0 0 0 0 0 0 0 0 0 0 0 0 0 0 0.05585077494 0 0.0459689334 0.02998263157 0 0 0 0 0 0 0 0 0 0 0 0 0 0 0 0.04036806586 0 0 0 0 0.03804597952 0 0 0 0 0 0 0 0 0 0 0 0 0 0 0 0.01154023725 0 0 0.01880542594 0 0.0473074021 0 0 0 0 0.005900918906 0 0 0 0 0 0 0.04545873592 0 0 0 0 0 0 0.01650921512 0.002740640401 0 0 0 0 0 0 0.01292804782 
0 0 0 0 0 0.02398083965 0 0.01337808561 0.0454644702 0 0 0 0 0 0 0 0 0 0 0.04481565443 0 0 0 0 0 0.05195632995 0 0.008254838592 0 0 0 0 0 0 0 0 0 0 0 0 0 0 0 0 0.03004472791 0 0 0 0 0 0 0 0 0 0.01782980108 0 0 0 0 0 0 0 0 0.009051346269 0 0 0 0 0 0 0.05275051086 0.0162277199 0 0.04023443578 0 0.003499135181 0.02949540693 0 0 0 0 0 0 0 0.02769370575 0 0 0 0 0 0 0 0 0 0 0 0 0 0 0 0 0 0.01982489221 0.02744553076 0 0 0 0 0 0 0 0 0 0 0.009508053097 0 0 0 0 0 0 0 0 0.01015757041 0 0 0 0 0 0 0 0 0.02214292882 0 0 0.03248866955 0 0 0.03124061382 0 0 0 0 0 0 0 0 0 0 0 0 0 0 0.01117170346 0 0.06027538811 0 0 0 0 0 0 0.00956071315 0 0 0 0 0 0 0.009153185193 0 0 0 0 0 0 0 0 0 0 0.05834036354 0.03897098788 0 0 0 0 0 0 0 0 0 0 0 0 0 0 0.03744450074 0.0217758026 0 0.004818403709 
0 0 0 0 0.01069634812 0 0 0.006583219853 0 0 0 0 0 0 0 0 0 0 0.02201911448 0.002871651988 0 0 0 0 0 0 0 0 0 0.008279871384 0 0 0 0 0.02343386849 0.0101265422 0.01159484577 0 0 0 0 0.04457813287 0 0 0.02056995182 0 0 0.0168764195 0 0.02580583761 0 0 0 0.09246143284 0 0 0 0 0 0 0 0 0 0 0 0 0 0 0 0 0.04415836889 0 0 0 0 0 0 0.03492367409 0 0 0 0 0 0 0 0.009608422251 0 0 0 0 0 0 0 0 0.02867526907 0 0 0 0 0 0 0 0 0 0.03371930791 0 0 0 0 0 0 0 0 0 0 0 0 0.02544789305 0 0 0 0 0.02276707444 0 0 0 0 0 0 0 0 0 0 0 0 0 0 0 0 0 0 0 0 0.008572536223 0 0 0 0.014078863 0.02724568647 0 0 0 0 0 0 0 0 0 0 0 0.01298435624 0 0 0 0 0 0 0.01325770935 0 0 0 0 0 0.0584340635 0.01775970733 0 0 0 0 0 0 0 0 0 0 0 0 0 0.04394557422 0 0 0.004991642062 0 0 0 0 0.06133120675 0.03467263643 0 0 
0.02863347118 0 0 0 0 0 0 0 0 0 0.03239993646 0 0 0 0.01841802573 0 0 0 0.005573351863 0.007331788511 0.01086741769 0 0 0.02314874218 0.02036092407 0 0 0 0 0 0 0 0 0 0 0 0 0 0.01871274908 0 0 0 0.009618566675 0 0.009371277801 0 0 0 0 0 0 0 0 0.02812433129 0 0 0 0 0 0 0 0 0.0230047503 0 0 0 0 0 0 0.03186012877 0 0 0.04029231289 0 0 0 0 0 0 0.02567704089 0 0 0 0 0 0 0 0.05422956399 0 0.02208734942 0 0 0 0.04161083149 0 0 0 0 0 0 0 0 0 0 0 0 0 0.05191608661 0 0.01933254092 0 0 0.0488173896 0 0 0 0 0 0 0 0 0 0 0 0.004493156804 0.02160591341 0 0 0.03212901273 0.04954670529 0.008681899327 0 0 0 0 0 0 0 0 0 0 0 0 0.03743741517 0 0 0 0 0.01431793605 0 0 0 0 0.01077530386 0 0.01548684445 0 0 0 0 0 0 0 0 0 0 0 0.03702936027 0.01627555041 0 0 0 0 0.01627019075 0 0 0 0 0 0 0.03444333354 0 0 0 0 0 0 0 0 0 0 0 0 0.02771567493 0 0 0.01235698448 0 0 0 
0 0 0 0 0 0 0.01176491613 0 0 0 0 0 0 0 0.006142043598 0 0.006107117893 0 0 0.01662874093 0 0 0 0 0.02683102808 0 0 0 0 0 0 0 0.03847597369 0 0 0 0 0 0 0 0 0 0 0 0 0.007515872138 0 0.03184542014 0 0.008219508628 0 0.048754606 0 0 0 0 0.01143475135 0 0 0 0 0 0 0.03264150198 0 0 0 0 0 0 0 0 0 0 0 0 0.007188352947 0 0.01010918118 0 0 0 0 0.007247287678 0 0 0 0.02148410914 0 0.01789721229 0 0 0 0 0 0 0 0 0 0 0 0 0 0 0 0 0 0 0 0 0 0 0 0 0 0 0 0 0 0 0 0 0 0 0 0 0.04747542703 0 0 0 0 0 0 0 0 0 0 0 0 0 0 0 0 0 0 0 0.01442456047 0.009938790252 0.009664727541 0 0 0 0 0 0 0.02194331774 0 0 0 0 0 0 0.01185232032 0 0 0 0.03441239045 0 0 0 0 0.04234650408 0 0 0 0.01825748485 0 0 0 0 0 0 0.03159221909 0 0 0 0 0 0 0 0 0 0 0 0 0 0 0 0 0 
0.01879912744 0 0 0 0 0 0 0 0 0 0 0 0 0 0 0 0 0 0 0 0.06746807599 0 0.0361851962 0 0 0.009974717434 0 0 0 0 0 0 0 0 0 0.01650121855 0 0.01253881335 0 0 0.02885171048 0.007109726542 0 0 0 0 0 0 0 0 0 0 0.007026430807 0 0.01334167865 0 0.0300318779 0 0.01538512482 0.01989910218 0 0 0 0 0 0 0 0 0 0.01666430271 0.007307358266 0 0 0 0 0 0 0 0.03682739539 0 0 0.06490830301 0 0 0 0.05118923156 0 0.07235523358 0 0 0 0.01632540978 0 0 0 0 0.04320284285 0 0 0 0 0 0 0 0 0 0 0 0 0 0.01069160931 0 0 0 0 0.05523101218 0 0.03898990702 0 0 0 0 0 0 0 0 0 0 0 0 0 0.02295104231 0 0 0.02523125795 0 0 0 0.04823151828 0.03809913382 0 0 0.03991520498 0 0.02390903904 0 0 0 0 0 0 0 0.02855236301 0 0 0 0 0.02920757224 0 0 0 0 0 0.0334755369 0 0 0 0 0 0 0 0 0 0 0 0 0.04380888268 0 0.0337360424 0.003444822205 0 0 0 0 0 0 0.03189580682 0 0 0 0.0140656767 0.04433938004 0 0 0.001543111882 0 0.01764898978 0 0 0.06804638562 
0 0 0 0 0 0 0 0 0 0 0 0 0.008105225841 0.02376383583 0 0 0 0 0 0 0 0.02818547995 0 0 0.005638121776 0 0 0.01879506794 0 0 0 0 0 0 0 0 0.03862563123 0 0 0 0.03547904317 0 0 0 0.0228925472 0 0 0 0 0 0 0 0.05383405619 0 0 0 0 0 0 0 0 0 0 0 0 0 0 0.01200562191 0 0 0 0 0 0 0.0153365568 0 0 0 0.01040860396 0 0 0 0 0.03650015159 0 0 0 0 0 0 0 0.01555578877 0 0 0.01856847734 0 0.03686320542 0 0 0 0 0 0.03184468425 0 0 0 0 0 0.009982585647 0 0 0 0 0 0.02083659765 0 0 0.04584729724 0 0 0 0.03001791158 0 0 0 0 0 0 0 0 0 0 0 0.02102733997 0 0 0 0 0 0 0 0 0 0 0.05724077697 0 0.01019520892 0 0 0 0 0 0 0 0 0 0 0.01825386777 0.02488392193 0 0 0 0 0 0 0.01221756119 0 0 0 0 0 0 0 0 0 0 0 0 0 0 0.04914221636 0 0 0 0 0 0 0 0 0 0 0 0 0 0.01074177945 0 0 0 0 0 
0 0 0.03550916124 0 0 0 0 0 0 0 0.02415676127 0 0 0 0 0 0 0.04931763277 0 0 0 0 0 0 0 0 0 0.03710463952 0 0 0 0 0 0 0 0 0 0 0.01125638237 0 0 0 0 0.05277886729 0 0.01968113242 0.02455095608 0.02144207572 0.02444580464 0 0 0.0461869431 0 0.009606572868 0.05226109995 0 0 0 0.05108845597 0 0 0 0.05705598724 0 0 0 0 0.01580217503 0 0 0 0 0.05464130201 0 0 0 0 0 0 0 0 0 0 0.0368517026 0 0 0 0 0 0 0.0531992812 0 0.01795275712 0.0519975399 0.01003804297 0 0 0 0 0 0.007575562937 0 0 0 0 0 0 0 0 0 0 0 0 0 0 0 0 0 0.00798840921 0 0 0 0 0 0 0 0 0 0 0 0 0 0 0 0 0 0 0 0 0 0 0 0 0 0 0 0 0.02319787826 0.02390605352 0 0 0 0 0 0 0 0 0 0 0 0 0 0 0 0 0 0 0.05069515793 0 0 0 0 0 0 0 0 0 0 0 0 0 0 0 0 0 0.008719582716 0.02641144973 0 0.01207834821 0 0.04675855757 0 0 0 0 0.04700664296 0 0 0 0 
0.00781905712 0 0 0 0 0 0.01159479838 0 0.02671283312 0 0.007914179166 0 0 0 0 0.02610565286 0 0 0 0 0.03877221257 0 0 0.02912208614 0 0 0 0 0 0.02290494536 0.02841741553 0 0 0 0 0 0 0 0.01990150684 0.02362178073 0 0 0 0 0 0 0 0.002954601178 0 0 0 0.008395508017 0.01288385919 0 0 0 0.01105627368 0 0.01686379309 0.04814873676 0 0 0.004372881289 0 0.01552335654 0 0 0.05092920286 0 0 0 0 0 0 0 0 0 0 0.01668986266 0.003314307893 0 0 0 0 0 0.05249193342 0 0 0 0.05581543596 0 0 0 0 0 0 0 0 0.02244543006 0 0.01597612487 0 0 0 0 0 0 0 0.01047853859 0.03248328277 0.02955319092 0 0.02753668082 0 0 0 0 0 0 0 0 0 0 0 0.03961222461 0.008345276436 0 0 0.0328588147 0 0.05403263233 0 0 0.01827783552 0 0 0 0 0 0 0 0.01529367402 0 0 0 0.04418102843 0 0.05487422786 0 0 0.009909160166 0 0.0348060602 0 0 0 0.02826973325 0 0 0 0 0 0 0 0 0.0117577682 0 0 0 0 0 0.02986849914 0 0 0.01193130017 0 0.02975517969 0 0 0 0 0 0 0 0.01385005904 0.04034181592 0 0 0.01799778097 0 0 0 0 0 0 0.007061115362 0 0 0 0 
0 0 0 0 0 0 0 0 0 0 0.01191359514 0 0 0 0 0 0 0 0 0 0 0 0 0 0 0 0 0 0 0 0 0 0 0 0 0 0 0 0 0 0 0 0 0 0 0.01419601585 0.03034239369 0 0 0 0 0 0 0 0.008992517314 0 0 0.01855993237 0 0 0 0 0 0.01130639059 0 0.04073586089 0 0 0 0.02320940436 0 0 0 0 0 0 0.03556426672 0 0 0 0 0 0 0 0 0 0 0 0 0 0 0 0 0 0 0 0.01411062307 0 0 0 0.06243290142 0 0 0 0 0 0.03378992158 0 0 0 0 0 0 0 0 0 0 0 0 0 0 0.02883798632 0 0.05406769115 0 0 0 0.007432752935 0 0 0 0 0 0 0 0 0.01946340955 0.0128558374 0 0 0 0.003816114571 0 0 0.003023027147 0 0 0 0.01148866448 0 0.01393636244 0.023247057 0 0 0 0 0 0 0 0 0 0.03898088127 0 0 0 0.05163933969 0.01540699935 0 0 0 0 0 0 0 0 0 0 0 0 0 0 0 0 0 0 0 0 0 0 0.06268217027 0 0 0 0.01108306516 0 0 0 0 0.01073176838 0 
0 0 0.02143515927 0 0 0 0 0 0 0 0 0 0 0 0 0.01340799887 0 0 0 0 0 0 0 0 0 0 0 0 0.002197809178 0 0 0 0 0 0 0 0 0.04639804519 0.007024960534 0 0 0 0 0 0 0 0 0 0 0 0 0 0 0 0 0 0.04309323738 0 0 0.0105595219 0 0 0 0 0 0 0 0 0.007751762423 0 0 0 0 0 0 0 0 0 0 0 0 0 0 0.03065888347 0 0.005390818992 0 0 0.01006600086 0 0 0 0 0 0 0 0 0 0 0.00551534182 0 0 0 0.005692212004 0 0 0 0 0.02346340906 0 0 0.009318328515 0 0 0 0 0 0 0 0 0 0 0 0 0 0 0 0 0 0 0 0 0 0 0 0 0 0.03156130787 0 0 0 0 0 0 0 0 0.01887892593 0 0 0.01132900276 0 0 0.06083106054 0 0 0 0 0 0.01270485129 0 0 0.033204858 0 0 0 0.02041194203 0.05085510955 0.04305463295 0.02725987346 0 0 0.01247404048 0 0 0.04015849453 0 0 0 0 0.01256107685 0 0 0 0 0.04794470888 0 0 0.04205507365 0 0 0 0 0.02239621714 0.02096369021 0 0 0 0 0 0 
0 0.004316991408 0.008711919797 0 0 0 0 0 0 0 0.0304248381 0 0 0 0.01457285978 0 0 0 0 0.01049476238 0 0 0 0.05017144208 0 0 0 0 0 0 0 0 0 0 0 0 0 0 0 0 0 0 0 0 0 0 0 0 0.03286549299 0 0.007263812902 0 0 0 0.05573236099 0 0 0.009980974789 0 0.01364152293 0 0 0 0.04282925057 0 0 0 0 0 0 0 0 0 0 0 0 0 0 0.01976785969 0 0 0.05475992121 0 0 0 0 0 0 0 0 0 0.008544668987 0 0.01258830767 0 0 0 0 0 0.02177016668 0 0 0 0.02941923793 0.04747451747 0 0 0 0 0 0 0 0.007789080759 0 0 0 0 0 0 0 0 0 0 0 0 0.01351654231 0.05261382724 0 0 0 0 0 0.04319684543 0 0 0.05105125121 0 0.04245672353 0 0 0 0.03172460249 0 0 0 0 0 0.0330521232 0 0 0 0 0 0 0 0 0 0 0 0 0 0 0.04806917327 0 0 0.02636788497 0 0 0 0 0.02156831694 0 0 0 0 0.01054460694 0 0.009306648018 0 0 0 0 0 0.05442248797 0 0 0 0 0.007336595327 0 0 0 0.05732808065 0 0 0 0 0 0 0 
0 0 0 0 0 0 0 0 0 0.04543541687 0 0 0.008041256512 0 0 0 0 0 0 0 0 0 0.00889045219 0 0 0 0 0 0 0 0.0344197972 0 0 0 0 0 0 0.05533151839 0.006584505676 0 0.03686068715 0 0 0 0 0 0 0 0 0 0.03561104485 0.02949395516 0 0 0 0 0 0 0 0 0 0 0 0 0 0 0.01595557185 0.01450296293 0 0 0.04315525754 0 0 0 0 0.0213882919 0.0328947815 0 0 0 0 0 0 0 0 0 0 0 0.003672737252 0 0 0.01768739617 0 0 0 0 0 0 0 0 0 0 0 0 0 0 0 0 0 0 0.02979341682 0 0 0.0152760026 0 0 0 0.03015584399 0 0 0 0 0 0 0 0 0 0 0 0 0 0.03697639729 0 0 0 0 0 0.009304227819 0.01265375549 0 0 0.004552730148 0.05160202483 0 0.04030744819 0 0 0 0.0311086229 0 0 0 0 0 0.02045601657 0 0.04015711909 0 0 0 0 0 0 0 0 0 0 0 0 0 0.02154043311 0.008821780271 0 0 0 0 0 0.05423442773 0 0 0 0 0 0 0 0 0 0 0.01658113751 0.01086536805 0 0 0 0 0 0 0 0 0 0 
0.03256433117 0 0 0 0.01905312749 0 0 0.02494949786 0 0.009939631474 0 0 0 0 0 0 0 0 0 0 0.04246559768 0 0 0 0 0 0 0 0 0 0 0.02101769616 0 0 0 0 0 0 0 0 0 0 0 0 0 0 0 0 0 0 0 0 0 0.04151703866 0 0 0 0 0 0 0 0 0 0 0 0 0 0 0 0.008253037404 0 0.01238522622 0 0 0 0 0 0.01848874951 0 0 0 0 0 0 0 0 0.05907506374 0 0 0 0 0 0 0.04067317379 0 0 0.01635313519 0 0 0 0 0 0 0 0.008841554867 0 0 0 0 0.01444199921 0 0 0 0 0.02610761606 0.03573454509 0 0 0 0 0.03847683531 0 0 0 0 0 0 0 0 0 0.04458364584 0 0 0.01104090524 0 0 0 0 0 0 0.02583090954 0 0 0.008424177475 0.009532044109 0.005732023483 0 0.016166111 0.03761088879 0 0 0 0 0 0 0.01165715713 0 0 0 0 0 0 0 0 0 0 0 0 0 0.02766222983 0 0 0 0 0 0 0 0 0 0 0 0 0 0 0 0 0 0.01218453894 0.03051002272 0 0 0 0 0 0 0.01325502162 0.01490073419 0.02022071202 0 0 
0 0 0 0.0222570827 0 0 0 0 0 0 0 0 0 0 0 0 0 0 0.01491095994 0 0 0 0 0 0 0 0 0.01420855933 0 0 0 0 0.0110738648 0.01335697146 0.02375671055 0 0 0 0.04430228656 0 0 0 0.0556025349 0 0 0 0 0.014043068 0 0.01300180242 0 0 0 0 0.006866678021 0 0 0 0.03725297046 0 0 0.01523321632 0.04942488185 0.009350682191 0 0.02207871273 0 0 0 0 0 0 0 0 0 0 0 0 0 0 0 0 0 0 0.01653426059 0 0 0 0 0 0 0 0 0 0 0 0 0 0.01331188219 0 0 0 0 0 0 0 0 0 0.02646356678 0 0 0.0144924894 0 0 0 0 0.01281195479 0.001650695718 0 0 0 0 0.01849846589 0 0 0 0.008634118767 0 0 0.04018876322 0 0 0.04919856546 0.04414971386 0 0 0 0.01770741281 0 0 0 0 0 0 0 0 0 0 0 0 0 0 0 0 0 0 0 0 0 0 0 0 0 0 0.01019857949 0 0 0 0 0 0.06920759557 0 0.02003587843 0 0 0 0 0 0 0 0 0 0.03986540877 0 0 0 0.02025334325 0 0 0 0 0 0 0 0 0 0 0.04978403785 0 0 
0 0 0 0 0 0 0 0.02501050645 0 0 0 0 0 0 0 0 0.01072572455 0 0 0 0 0 0 0 0 0 0 0 0 0 0 0 0 0 0 0 0 0.01589570356 0 0 0 0 0.1515317785 0 0 0 0 0 0 0 0 0.05238603414 0 0.01249011576 0 0.02560402799 0 0 0 0 0 0 0 0.05147245067 0.0543089545 0 0 0 0.02828466741 0 0 0.02333492841 0.008742860807 0 0 0 0 0.02165536587 0 0.06791088884 0 0 0 0.02863186422 0 0 0 0 0 0 0 0.01307887569 0.03075427914 0 0 0 0 0 0.05412024546 0 0 0 0 0 0 0 0 0 0 0 0 0 0 0 0.01077713312 0 0 0.02131066785 0 0 0 0 0 0 0 0.02056834232 0 0 0 0 0.01627089759 0 0 0 0 0.06208642009 0 0 0.05505309537 0 0 0 0 0 0.038183073 0 0 0 0.01442314885 0 0 0.03376452975 0 0 0 0 0.01086038168 0 0 0 0 0 0 0 0 0 0 0 0.03012997189 0 0 0.0116567265 0.02898078408 0 0 0 0 0.03931592278 0 0 0.01644587831 0.01951598855 0 0 0 0.03841642913 0 0 0 0 0.06648120067 0 0 0 0 0 0.03821661779 0 0 0 
0 0.01243943713 0.00872734085 0.04997353442 0 0 0 0 0 0 0 0.05824142419 0 0 0 0 0 0 0.02274595045 0 0 0 0 0.01633633031 0 0 0 0 0 0 0 0 0 0 0 0 0 0 0 0 0 0 0 0 0 0 0 0 0 0 0 0 0 0 0 0 0 0 0.0251537066 0 0 0 0.006986167463 0 0 0 0 0 0 0 0 0 0.01339660886 0 0 0 0 0.03140992461 0 0 0 0.02034048717 0.02224047384 0 0 0 0 0.01689743683 0 0 0 0 0 0 0 0 0 0 0 0 0 0 0 0 0 0 0 0 0 0 0 0 0 0 0 0 0 0 0 0 0 0 0 0 0.02917180148 0 0.01356274591 0 0 0 0 0 0 0.01093069468 0 0 0.01683429881 0 0 0 0 0 0 0 0.01959643554 0 0 0 0.01670732638 0 0 0 0 0.02562547555 0 0 0 0 0 0 0 0 0.04113725122 0 0.01141325374 0 0 0 0 0 0 0 0 0 0 0 0 0 0 0 0 0 0 0 0 0.06059261502 0.01738695716 0 0.01582638402 0 0 0 0 0 0 0 0 0 0 0 
0 0 0 0 0 0.02876406005 0 0.02672688364 0 0 0 0 0 0.0157139234 0 0 0 0 0 0 0 0 0 0 0.04641004234 0 0 0.01022457992 0.01796606299 0.04412781254 0 0 0 0 0 0 0 0 0 0 0 0 0 0 0 0 0 0 0.0004264678563 0 0 0 0 0 0 0 0 0 0 0 0 0 0 0 0.01839912703 0.01963644023 0 0 0.05741074149 0 0 0 0.05481973383 0 0 0 0 0 0 0 0 0 0 0 0 0 0 0 0 0 0 0 0.04153435712 0 0 0.001930360435 0 0 0 0.02400401865 0 0 0 0.0123617505 0 0.03467565686 0 0 0 0 0 0 0 0 0 0 0 0.003539629063 0 0 0.02890793649 0.03643993078 0 0 0 0 0.0322699482 0 0 0 0 0 0 0 0 0 0 0 0 0 0 0.009068383012 0 0 0 0 0 0 0 0.04951516749 0 0 0 0.04446658688 0 0 0 0 0 0.05899407549 0 0 0 0 0 0 0.0266422291 0 0 0 0 0 0 0 0 0 0 0 0.0587750539 0 0 0 0.0252910964 0 0 0 0 0 0 0.04582460721 0.01489983775 0 0 0 0 0 0 0 0 0.01318111277 
0 0 0 0 0 0 0 0 0 0 0 0.01650130545 0 0 0 0 0.05365551023 0 0 0.03482707575 0 0 0 0 0 0 0 0 0 0 0 0 0 0 0 0 0 0 0.01993378185 0.0120197905 0 0.01159015785 0 0 0 0 0 0 0 0 0 0 0 0 0.01133567148 0 0 0 0 0 0 0 0 0 0 0 0 0 0.01899156009 0 0 0 0 0 0 0 0 0 0 0 0 0.008380690683 0 0 0 0 0 0 0 0 0 0 0 0 0 0 0.04200219267 0 0.04140263517 0 0 0 0 0 0 0 0.02068278349 0 0.04523597244 0.0123673136 0 0 0 0 0 0 0 0 0 0 0 0 0 0 0 0.01082265106 0.01328305729 0 0.0169226962 0 0 0 0 0 0 0 0.05357301404 0 0 0 0 0 0 0.02609704388 0 0 0 0 0 0 0 0 0.008899505987 0 0.01517354501 0 0 0 0 0 0 0.01200203908 0 0 0 0 0 0 0 0 0 0 0.05071075756 0 0.01969867328 0 0 0 0 0 0 0 0 0 0 0 0 0 0 0 0 0 0 0 0 0 0.02207739523 0 0 0 
0 0 0 0 0 0 0.02927556715 0 0 0 0 0 0.03393390256 0.02473157744 0.006420092868 0 0.01008974183 0 0.004336058844 0 0.01585540193 0 0.01055872064 0 0.02292812861 0 0 0 0 0.01714920781 0 0 0 0 0 0.01605347376 0 0 0 0 0 0 0 0 0.02124475784 0 0 0 0 0 0 0 0 0 0 0 0.006231263098 0 0 0 0.007746742495 0.01831169272 0 0 0.03432792763 0 0.02580051927 0 0 0 0 0.03422490904 0 0.02513451054 0 0 0 0 0 0 0 0.02661930906 0 0 0 0.01594402041 0 0 0 0 0.03736323865 0 0 0 0 0 0 0 0 0.01145101881 0.05172598094 0 0 0 0 0 0 0 0 0 0 0 0 0.05174427845 0 0 0 0.02385794411 0 0 0 0 0 0 0 0 0 0 0 0 0 0 0 0.0114776978 0.0460622942 0 0 0 0 0 0 0.01067302393 0 0 0 0 0 0.000250229967 0 0.01386625499 0 0 0 0 0 0 0 0 0 0 0 0 0.02561597186 0 0 0 0.01049112065 0.01110696867 0.01549686626 0 0 0 0.01010872438 0 0 0 0 0 0 0 0.05339983387 0 0 0 0 0 0 0 0 0 0 0.04141009571 0.01080878541 0 0 0 0 0 0.02614827111 0 
0 0 0 0 0 0.009926150937 0 0.007302125611 0 0 0 0 0 0 0 0 0 0 0 0 0 0 0 0 0 0.04951221325 0 0 0 0 0 0 0 0 0 0 0 0.0445244068 0 0.01587982446 0 0 0 0 0 0 0 0 0 0 0 0 0.007172213667 0 0.0391375578 0 0 0 0 0 0 0 0 0 0 0 0 0 0.0278879162 0.007634726115 0.008964929675 0 0 0 0 0 0 0 0 0 0 0 0 0 0 0 0.02072400116 0 0 0 0.01214354664 0 0.008100722505 0 0 0 0 0 0 0 0.009258359116 0 0 0 0.02490622646 0.02824455952 0 0.035065126 0 0 0 0 0 0.05733307538 0 0 0 0 0 0 0 0.06333007502 0 0 0.008544943015 0 0 0 0 0 0 0.01167247207 0 0 0 0 0 0 0 0 0 0 0 0 0 0 0 0 0 0 0 0 0 0 0 0 0.03166898174 0 0.01458977135 0 0 0 0 0 0 0 0 0.01784921966 0 0.01903316848 0 0.04511781468 0 0 0 0 0 0 0.02932563298 0 0 0 0 0 0 0.004986984842 0 0 0 0 0.009763497402 0 0 0.01688395304 0.03416596759 0 0 0 0 0 
0.01161831444 0 0 0 0.04712954576 0 0 0 0 0.007930059168 0 0.006397458797 0 0 0 0 0 0 0.04189971483 0 0 0.02914209937 0 0 0 0 0 0 0 0 0 0 0 0.006359409186 0.04368038572 0.001044851263 0 0 0 0 0 0 0 0 0 0 0 0 0 0 0.031595076 0 0 0 0 0 0 0.0181564388 0.05385984469 0 0 0 0 0 0 0 0.03213138954 0 0 0 0 0 0 0 0 0 0 0 0.04573543136 0 0 0.01399735248 0.01476472728 0.01549169906 0 0 0 0.03740295001 0.02299061507 0 0 0 0 0 0 0 0 0 0 0 0 0 0.01129538685 0 0 0 0 0.01155357308 0 0 0 0 0 0 0 0 0 0 0.008439426339 0 0 0 0 0 0 0 0 0 0 0 0 0 0 0 0 0.01126030531 0 0 0.01954775401 0 0 0 0.01786817087 0.03905924755 0 0 0 0 0 0 0 0 0 0 0 0 0 0.03831719695 0 0 0 0 0 0 0 0 0 0 0 0 0 0 0.05070079635 0 0 0 0 0 0 0.03103264884 0 0 0 0 0.04179839528 0 0 0 0 0 0 0 0 0 0 0.03281696085 0 0 0 0 
0 0 0 0 0 0.002188501999 0 0.01003947757 0 0 0 0 0 0 0.04000763081 0.009751344307 0 0 0 0 0.01744539282 0 0 0 0 0 0 0 0.01952743466 0.03792829581 0 0 0 0.03968518339 0 0.01776154545 0 0 0 0 0.01231438521 0 0 0 0 0.006302504713 0 0.009635967089 0 0 0.01457668657 0 0 0 0 0 0 0 0 0 0 0.03573634397 0 0 0 0 0 0 0 0 0 0.05236538726 0 0 0 0 0 0 0 0 0 0 0 0.02670319206 0 0.01354781338 0 0 0 0.0257534136 0 0 0.02949967649 0 0 0 0.04099448422 0 0.02743477867 0.01442797419 0 0 0 0 0 0 0 0 0 0 0.02346006585 0 0.008428851656 0 0 0 0 0 0 0 0 0 0 0.0525706734 0.01939058933 0 0 0 0.01561436572 0 0 0.01119914433 0.05587834154 0 0 0 0 0 0.02823305409 0 0 0 0 0 0 0 0 0.02087305107 0.04114918338 0 0 0.01195288079 0 0.002164708498 0 0.05203375141 0 0 0.03637131266 0 0 0 0 0 0.01019849269 0 0 0 0.01007899581 0 0 0 0 0.03917472575 0 0 0 0 0.01176564156 0.02364986258 0.05142817297 0 0 0 0 0 0.03302402275 0 0 0 0 0 0 0 0 0 0 0 0.01408217482 0 
0.03666530106 0.04662014136 0 0 0 0 0.05318924867 0 0 0 0 0 0 0.01806385642 0 0 0 0 0 0 0 0.01176787595 0 0 0 0 0 0 0 0 0 0 0 0 0 0 0.03174917649 0 0 0 0 0.007188123318 0 0 0 0 0.007177122152 0 0 0.007258913415 0 0 0 0 0 0 0 0 0 0 0 0 0.0105999418 0 0.04980093534 0 0 0 0 0 0 0.01088892869 0 0 0 0 0 0 0 0 0 0 0 0.007961846941 0 0 0 0.007843354431 0 0 0 0.01716721746 0 0 0 0 0 0.00402691069 0 0 0 0 0 0 0.00788001986 0 0 0 0 0.0282495125 0 0 0 0 0.04137837163 0 0 0.01116133617 0 0 0 0 0 0 0 0 0 0 0 0 0 0 0 0 0 0 0.009427155105 0 0 0.02381058297 0 0 0 0 0 0 0 0 0 0 0 0.03996554615 0 0 0 0 0 0.02488121657 0.027510061 0 0 0 0 0 0 0 0 0 0 0.04797728471 0 0 0 0 0 0 0 0 0 0 0.0101505219 0 0 0 0 0 0 0 0.01523230354 0 0 0 0 0 0 0 0.05436375892 0 0 0 
0 0 0 0 0.02209542799 0 0 0 0 0 0 0 0 0 0.002322536549 0 0.02241815695 0 0 0 0 0 0 0 0 0 0 0 0.006153394809 0 0.01123819322 0 0 0.04249557722 0 0.05077091583 0 0.05651232289 0.02599554462 0 0.0328360709 0 0 0 0.0190613948 0 0 0 0.006382473868 0 0 0 0 0 0 0 0 0 0 0.01261772027 0 0 0 0 0 0 0 0 0 0 0 0 0 0 0 0 0 0 0 0 0 0 0.01983836713 0 0 0 0 0 0 0 0 0 0 0 0.03500992383 0 0 0 0 0 0 0.02069986015 0 0 0.008837426208 0 0 0.0437737665 0 0 0 0 0 0.01670415419 0 0 0 0.009295796919 0 0.05800645991 0 0 0.03468638903 0.0236090256 0 0.008441499525 0 0 0 0.04008679148 0 0 0 0.01835898012 0 0 0 0 0.03015004765 0 0.008529530765 0.05072630175 0 0 0 0 0 0 0 0 0 0 0 0 0 0 0 0 0 0 0 0.0515408266 0.01866306693 0 0 0 0 0 0 0 0 0 0 0 0 0 0 0 0.04247501017 0.0005029195669 0 0.04484388066 0 0 0.02144225926 0 0 0 0 0 0 0 0 0.02901962501 0 0 0 0 0 0 
0 0 0 0 0.03218482179 0 0 0 0 0.02058184918 0 0 0 0.04213129021 0 0 0 0 0.007970500417 0.008356015079 0 0 0 0 0 0 0 0 0 0 0 0 0.02095220462 0.01152664449 0 0 0 0 0 0.06115110265 0 0 0 0 0 0 0 0 0 0 0.03534505611 0 0 0 0 0 0 0.05272102006 0 0 0 0 0 0.03399119758 0 0 0 0.01742982226 0.02928097099 0.01188309865 0 0 0 0 0 0 0 0 0 0 0 0 0 0.008673540409 0 0 0 0 0 0 0 0 0 0 0.02712796026 0 0 0 0 0 0 0 0 0 0 0 0 0 0.05486496137 0 0 0 0 0 0 0 0 0 0.03267805394 0 0 0.01641907111 0 0 0 0 0 0 0.05466688041 0 0.02117334562 0 0 0 0 0 0.009753809126 0.02476576786 0 0 0.05692949575 0 0 0 0 0.02868122163 0 0 0.03321933495 0 0 0 0 0 0 0.04248906597 0 0 0 0 0 0.03537166222 0 0 0 0 0 0 0 0 0 0 0.005662541722 0.002886874694 0 0 0 0 0 0 0 0 0 0 0 0 0 0 0 0 0 0 0 0 0 0 0 0 0 0.01096094975 
0 0 0 0 0 0 0 0 0.01350749708 0 0 0 0 0 0 0 0 0 0 0 0 0.02058967298 0 0 0.002403692056 0 0.01470883708 0 0 0 0 0 0 0 0 0 0 0 0 0 0.009924823773 0 0 0 0 0.01089689101 0 0 0 0 0 0 0 0 0 0 0.02508202816 0.02042449236 0 0 0 0 0 0 0.008489520885 0.00647012543 0.009489388097 0 0 0 0.05324016499 0.01526061815 0 0 0 0.02204455407 0 0.002872075704 0 0 0 0 0 0 0 0 0 0 0 0 0 0.05524111319 0.07405953646 0.02552866203 0 0 0 0 0 0.01353337348 0 0 0 0.02334277186 0 0 0 0 0 0 0 0 0 0 0 0 0 0 0 0 0 0 0.04218811159 0.01549742155 0 0 0 0 0 0 0 0 0 0 0 0 0 0.03580176407 0 0 0 0 0 0.04476900899 0 0 0 0.01081424338 0 0.03092479666 0 0.01763300015 0.02096978969 0 0 0.05267179375 0.01874169395 0 0 0.01267608977 0 0 0 0 0 0.01917517066 0 0 0 0 0 0 0.04948133279 0.02490830946 0 0 0 0.03743759185 0.02424356005 0 0 0 0.05835464028 0 0 0 0 0 0 0.03395088107 0 0 0 0 0 0 0 0 0 0 
0 0 0 0 0.01540392844 0 0 0 0 0 0.03588752663 0 0 0 0 0 0 0 0.09548623804 0 0 0 0 0.008145519954 0 0 0 0 0 0.007879157464 0.02455623052 0.02278424235 0.007922367754 0 0 0 0 0 0 0 0 0 0 0 0 0 0 0.008983478376 0 0 0 0.01082308794 0.02033573003 0 0 0.02210948582 0 0 0 0 0 0 0 0 0 0 0 0 0 0 0 0 0 0 0 0 0 0 0 0 0 0 0 0 0 0 0 0.03381367223 0 0 0 0 0 0 0 0.05288201138 0 0.01085272801 0.02497882369 0.01830644325 0 0 0 0 0 0 0.03866976528 0 0.01138340542 0 0 0 0 0 0 0 0 0 0 0 0 0 0 0.06069148985 0 0.09654601136 0 0 0 0 0 0 0 0 0.01617015357 0.02003476236 0 0 0 0 0 0 0 0.01260107022 0 0 0 0 0 0 0 0 0 0 0 0 0 0 0.0309538401 0 0 0 0.04444722096 0.0361900492 0 0 0.02862588261 0 0 0 0 0 0 0 0 0 0 0 0 0 0 0 0 0 0 0 0.009917719981 0.02366322367 0.06327513295 0 0.02041002426 0 0 0 0 0.03692767365 0 0 0 0 
0 0 0 0 0 0 0 0 0 0 0 0 0 0.02874058059 0 0 0.03709013252 0 0.01362077732 0 0 0 0 0 0 0 0.04097727534 0 0 0 0 0 0 0 0 0 0 0.009065569644 0 0 0 0 0 0.02440794629 0 0 0 0 0.01136111582 0 0.03064704536 0 0.02362288993 0 0 0 0 0 0 0 0 0 0 0.01572946364 0 0 0 0 0 0.002976511329 0.007657091083 0 0 0.02560243091 0 0.00239593379 0 0 0 0 0 0 0 0 0 0 0 0 0 0 0 0 0 0 0 0.01847465407 0 0 0 0 0 0 0 0.008135777618 0 0 0 0 0 0.02229899303 0 0 0 0 0 0 0 0 0 0 0 0 0.0131263602 0 0 0 0 0 0 0.05168537067 0 0.00576445704 0 0 0 0 0 0 0 0 0 0 0 0 0 0 0 0 0 0 0 0 0 0 0 0.01025802529 0 0 0 0 0 0 0 0 0 0 0 0.07851481609 0 0 0 0 0 0 0 0 0.02106484394 0 0 0 0.05596068565 0 0 0 0 0 0 0.07236862961 0 0.03460616589 0 0 0 0 0 0 0 0 0 0 
0.01809983344 0 0 0 0.03817166569 0 0 0 0 0 0.02459222651 0 0 0.01621140666 0 0.009122570038 0 0 0.005760882533 0.03328711885 0 0 0 0 0 0 0 0 0 0 0 0.02083509388 0 0.006877251395 0 0.008716616916 0 0 0.01809579128 0 0.01138264566 0 0 0 0.0325656687 0 0 0 0.04716917693 0.0310424543 0.0124806642 0 0 0.008223031762 0 0 0 0 0 0 0 0 0 0.04984919995 0 0.06394900281 0 0 0 0.02169829383 0.01899127268 0 0 0.0126840186 0 0.04215008125 0 0.02168892868 0 0 0.01112783928 0 0 0 0 0.01548053372 0 0 0 0 0 0 0 0 0 0 0 0 0 0 0 0 0 0 0 0 0 0 0 0.05993604182 0 0 0 0.008683896338 0 0 0.03707265305 0 0 0.02482087575 0 0 0 0 0 0 0 0 0 0 0 0 0 0 0 0 0 0 0.05873472985 0 0 0 0 0 0 0 0.05278818989 0 0 0 0.02196178863 0 0 0.04887052083 0 0.0302983675 0.03737345653 0 0 0 0 0 0 0 0 0 0 0 0 0 0 0 0 0 0.0009126976458 0 0.05178371102 0 0 0.036618582 0 0 0 0.0151959897 0 0 0 0 0 0 0.02258331016 0 0 0 0 0 0 0 0.01483889903 0 
0 0 0 0 0 0.01205752188 0 0 0 0 0 0 0.02692359333 0 0 0 0 0 0.03505396086 0 0 0 0 0 0.006144295484 0 0 0 0 0 0 0 0 0 0 0.01424900022 0 0 0 0 0 0.03750905405 0 0 0 0 0 0.01832553467 0 0 0 0 0 0.02939001019 0 0 0.006689822004 0 0.03576931848 0 0 0.04682640446 0 0 0 0 0.03614518432 0.007107789225 0 0 0 0 0 0 0 0 0 0 0 0 0 0 0 0 0.01762882008 0 0 0 0 0 0.03456003862 0 0 0 0 0 0 0 0 0 0.0305024203 0 0 0.0110077854 0 0 0 0 0 0 0 0 0 0 0 0.01058171334 0.0302928773 0.04506604352 0 0 0 0 0 0 0 0 0 0 0 0 0 0 0 0 0 0 0 0 0 0 0 0 0.03448110399 0 0 0 0 0 0.004846012141 0 0 0 0.02660968033 0.03813586793 0 0 0 0.05093339718 0 0 0 0 0 0 0 0 0 0 0 0.03092347875 0.0401613256 0 0 0 0 0 0 0.01617406318 0.04005760056 0 0 0.04633304977 0 0 0 0 0 0 0 0 0 0 0 0 0 0 0 0.03884047076 0 0 
0.04538540546 0 0 0 0 0 0 0 0 0 0 0 0 0 0 0 0 0.03093732558 0 0 0 0 0 0 0 0 0 0 0 0 0 0 0 0 0 0 0 0 0 0.04534804247 0 0 0 0 0 0 0.02602275245 0 0 0.008221702549 0 0 0 0 0 0 0 0.06117156975 0 0 0 0 0 0 0 0 0 0 0 0 0 0 0 0 0 0 0 0 0 0 0 0 0 0.05187613394 0.05043752759 0 0 0 0.01030924498 0 0 0 0 0 0 0 0 0 0 0 0 0 0.04289303594 0 0 0 0.06031502066 0.02947773502 0.02466621384 0 0 0 0 0 0 0 0 0 0 0.02128600918 0 0 0.008393825569 0 0 0 0 0 0 0 0 0 0 0 0 0 0 0 0 0 0 0 0 0 0 0 0 0 0 0 0 0 0 0 0 0 0.04806209604 0.01789228488 0 0 0 0 0 0 0 0 0 0 0 0.06236164683 0.01575467398 0 0 0.05227285482 0 0 0 0 0 0 0 0 0 0 0.05523179192 0 0.01622271932 0 0 0 0 0 0 0 0 0.01525435093 0.02302421787 0 0 0.06640867682 
0.01288503465 0 0 0 0 0 0 0.02061832794 0.0423687684 0 0 0 0 0 0 0.01834624165 0 0 0 0 0 0 0.02650443933 0 0 0 0 0 0 0.02417119982 0 0.02709387078 0 0 0 0 0 0.01004384257 0 0.008984500074 0 0 0 0 0 0 0 0 0 0 0 0.05161477464 0 0.01611899302 0 0 0.03523446702 0 0 0 0 0 0 0 0 0 0 0 0 0 0 0.04538655203 0 0 0 0 0 0 0 0 0.008366070101 0 0 0.002930770042 0 0 0 0.03787267724 0 0 0 0 0 0 0 0 0 0.04485369786 0.02977887166 0 0.02945518804 0 0 0.02491013912 0 0.009730966284 0 0 0 0 0 0.05391069563 0.0493486897 0 0 0.06188941989 0 0 0 0 0 0 0 0 0 0 0 0.0132369559 0 0 0 0 0 0 0 0.04445062487 0 0 0 0.03834520405 0 0 0 0.03498870283 0 0 0 0 0 0 0 0 0 0 0 0 0.03638737487 0.02996379802 0 0 0 0.01145942368 0.0616692027 0 0 0 0 0 0 0 0 0 0 0 0 0 0.009681133413 0 0 0.05217307047 0 0.0271817358 0 0 0 0 0 0 0 0 0 0.02893227433 0.05506752836 0 0 0 0 0 0 0.01583204674 
0.230697875 0 0 0 0.01991606576 0 0 0 0 0 0 0 0.01027106208 0 0.008548917627 0 0 0 0 0 0 0.0295498905 0.02901212531 0 0 0 0 0 0 0 0 0 0 0 0 0 0 0 0 0.02069252222 0.03441907164 0 0 0 0 0 0 0 0 0 0 0 0 0 0 0 0 0 0 0 0.01771956805 0 0 0 0.0291854074 0 0 0 0 0 0 0 0 0 0 0.02493212745 0 0 0.009368055666 0 0 0 0 0 0.05792798208 0 0.01158810275 0 0 0 0 0 0 0 0 0 0 0 0.02670180458 0 0 0 0 0 0 0 0 0 0 0 0 0 0 0.05749321768 0 0 0.021786584 0 0 0 0 0 0 0 0 0 0 0 0 0 0 0 0 0 0 0 0 0 0 0 0.05144801958 0 0 0 0 0 0.05080883517 0 0 0 0 0 0.05062780938 0 0 0 0 0 0 0 0 0 0 0 0 0.04954051688 0 0 0 0 0 0 0 0 0.04617967354 0 0 0 0 0 0 0 0 0 0 0 0 0 0 0 0 0 0 0 0.01421991653 0 0 0 0 0.03134525848 
0 0 0 0 0 0 0.05597279686 0.02032980392 0 0.008350847769 0 0 0 0 0 0 0 0 0 0 0 0 0 0 0 0 0 0 0 0.02603396553 0.01784891533 0 0 0 0 0 0 0 0 0 0 0 0 0 0 0.009910493918 0.01157169247 0 0 0 0 0 0 0 0 0 0 0 0.02044744105 0 0 0.05766529513 0.01719577457 0 0 0 0 0 0.01128648032 0 0 0 0 0 0 0 0 0 0 0.02077612823 0 0 0.05627855618 0.01992272478 0 0 0 0.05715040047 0 0 0 0 0 0 0 0 0.02713948252 0 0.001249841327 0 0 0.001265333325 0 0 0 0 0 0 0 0 0 0 0 0 0 0 0 0 0 0 0 0 0 0 0 0 0 0 0 0 0 0 0.02494634176 0.008473289843 0 0 0 0 0 0 0 0 0 0 0 0 0 0 0 0 0 0 0 0.0403417417 0 0 0 0.02762956131 0 0.0513993966 0 0.02291632674 0 0 0 0 0 0 0 0 0 0 0 0 0 0 0.01801043349 0.01832424365 0 0 0 0 0 0 0 0 0 0 0 0.03304978026 0.03492871537 0 0 0 0 0 0 0 0 0 
0 0 0 0 0.03021427093 0 0 0 0 0 0 0 0.01498718996 0 0 0 0 0 0 0 0 0.01474276051 0 0.06865577858 0 0 0 0 0 0 0 0 0 0 0 0 0 0 0 0 0 0 0.01091626647 0 0.007783264192 0.03232242028 0 0 0 0 0 0 0 0.01082616884 0 0 0 0 0 0 0 0 0 0.04233348331 0 0 0 0 0 0.04953567583 0 0 0.01200342353 0 0 0 0 0 0 0 0 0 0 0 0 0 0 0 0 0 0 0 0.02171951056 0 0 0 0.01659008695 0 0 0 0 0 0.04454331194 0.07479669891 0 0 0 0.01540204088 0 0.03369056181 0 0.0239267119 0 0 0 0 0.01160654768 0 0 0 0 0.03439918583 0 0 0 0.06647869793 0 0 0 0 0 0 0 0 0.02325952129 0 0 0 0 0.01001471994 0.01220399052 0 0 0 0 0 0 0 0 0 0 0 0 0 0 0 0 0 0 0 0 0 0 0 0 0 0.05256648757 0 0 0 0 0.005516808238 0 0 0 0.01344677259 0 0 0 0 0 0 0 0 0 0 0 0 0 0 0 0 0.04970146572 0 0 0 0 0 0 0 
0 0 0 0 0 0 0.05621524071 0 0 0 0 0 0.01842242977 0 0 0 0 0 0 0 0 0 0.04234721048 0 0.03150329428 0 0 0 0.03720565332 0 0 0 0 0.0433736976 0 0 0 0.003457109731 0 0.01736283953 0.04051841508 0 0 0 0.009831196781 0 0 0 0.03959082076 0 0 0 0.02401284998 0.04524574228 0 0 0 0 0 0.02238434822 0 0 0 0.002994317878 0 0 0.01672863037 0 0 0 0.01729565433 0.02639722112 0 0 0 0 0 0 0.02914705708 0 0 0 0 0 0.02481431162 0 0.01810853131 0 0 0.02458545804 0 0 0 0 0 0.009192751228 0 0 0 0 0 0 0.04651255531 0.008399695905 0 0 0.03485938899 0 0.01545676255 0 0 0 0.008422144241 0.01095828476 0.02058200098 0 0 0 0 0 0.01007350608 0 0 0 0.0254279963 0 0 0 0 0 0 0.02122127669 0 0 0 0 0.01982944246 0 0 0 0 0 0 0 0 0 0 0 0 0 0 0 0 0 0 0.0483626217 0 0 0.006451750741 0 0.01962237368 0 0 0 0 0.009683731549 0 0 0 0 0 0 0.03668791648 0 0.02552803873 0 0 0 0 0 0 0.03382885187 0 0.05866277726 0 0 0 0 0 0 0 0.04840654958 0 0.01203895658 0 0.04063783395 0.01731950165 0.02882736902 0 0 
0 0.01137583508 0 0 0 0 0 0 0 0 0 0.02464545916 0 0 0.005778463176 0 0 0 0 0 0 0 0 0 0 0 0 0 0 0 0 0 0 0 0 0 0 0 0.01020497226 0.02106783749 0 0 0 0 0 0.02163349695 0 0 0 0 0 0 0.02103712317 0.01948232153 0.01890949305 0 0 0.02098978469 0 0 0 0 0 0 0 0 0 0 0 0.0357426444 0 0 0 0 0 0 0.06126336862 0 0 0.02125901137 0 0 0 0 0 0 0 0 0.003851625133 0 0 0 0 0 0 0 0 0 0 0 0 0 0 0 0 0 0 0 0 0 0.006290157858 0 0 0 0 0 0 0 0 0.04102147879 0 0.006107927506 0 0 0.02774838 0 0 0.01080103578 0 0 0.01082931825 0 0.01559655833 0 0 0 0 0 0 0 0 0.05398071869 0 0.03725060782 0 0 0 0 0.02488942396 0 0.009786600229 0 0 0 0 0 0 0.04207782974 0 0 0 0 0 0 0 0 0 0 0 0 0 0.04062589469 0.05288786241 0 0.01552807831 0 0 0 0 0 0.05301152908 0 0 0 0 0.002791590946 0 0 0.007548929196 0 0 0 0 0 0 0 0 0.04905380443 0 0 
0 0 0 0.03146027195 0 0 0 0 0 0 0 0 0.04904329573 0 0.002628626108 0 0 0 0 0.0468371855 0.02317486212 0 0 0 0 0 0.01657254926 0 0 0 0 0 0 0 0 0 0 0 0 0 0 0 0 0 0 0 0 0 0 0.02671788156 0 0 0 0 0 0.07474246089 0.02549504235 0 0 0 0.03496344624 0 0 0 0.01702520233 0.02211781895 0 0 0.06267891352 0 0 0.0101373579 0 0 0 0 0 0 0 0 0 0 0 0 0 0 0 0 0 0 0 0 0 0 0.02249862076 0 0 0 0 0 0 0 0.02381234757 0 0.04326869511 0 0 0 0 0 0 0 0 0.04620419072 0 0 0 0 0.04534102923 0 0.01031524511 0 0.01417945888 0 0.02132035919 0.009626821246 0 0 0 0 0 0 0 0 0 0.01159619384 0.04120209083 0 0 0 0.01693376657 0 0 0 0 0 0 0.007487902048 0 0 0 0.03863887053 0 0 0.01100444052 0.03526888772 0 0 0 0.03292910218 0 0.02201153371 0 0 0 0.01190377763 0 0 0.009244046325 0.02438874284 0 0 0 0.03905150093 0 0 0 0 0 0 0 0 0 0 0.05264347983 0.01448140486 0 0 0.01047385782 0 0 0 0 0 0 0 0 0 0 0 
0 0 0.009272551187 0 0 0 0 0.05688277319 0.04352237203 0 0 0 0 0 0 0 0 0 0 0 0 0 0 0.006971100584 0 0 0 0 0 0 0 0 0 0 0.02856663976 0 0 0 0 0.00785303575 0 0.02916722948 0 0 0 0 0 0.02209303303 0 0 0 0 0 0 0 0 0.01165260261 0 0 0 0 0 0.02688940328 0 0 0 0 0.02296785706 0 0.01327903377 0 0 0.04892324087 0 0 0 0 0 0.05212058647 0 0 0 0 0 0 0 0.02186043623 0.01780970785 0 0.003296287759 0 0 0.2398617148 0.03238248064 0.03256728277 0.03266345011 0 0 0 0 0 0 0 0.04089571076 0 0 0 0 0 0 0 0 0 0 0 0 0 0 0 0 0 0 0 0 0.01068555369 0 0 0 0 0.01883871339 0 0 0 0 0 0 0 0 0 0.03241549251 0 0 0 0 0 0 0 0 0.01317680381 0 0.02151052603 0 0 0 0 0 0.02520764767 0.03675928635 0 0 0 0 0 0 0 0.04639773042 0 0 0 0 0 0 0 0 0.02663895151 0 0 0 0 0 0 0.04595919687 0 0 0 0 0 0 0 0.0007406494373 0 0 0 0 0 0 0 0.03465254283 0.04048142081 0 
0 0 0 0 0 0.006141942459 0 0 0 0.01793768953 0 0 0 0 0.02622060442 0 0 0 0 0 0 0.03681256267 0.01544749448 0 0.01338964087 0 0 0 0.01012210711 0 0 0 0 0 0 0 0 0 0 0 0 0 0 0 0 0.01138541585 0 0 0 0 0 0 0 0 0 0 0 0.007556205821 0 0 0 0 0 0 0.01218793044 0 0 0 0 0 0 0 0 0 0 0 0 0 0 0 0 0 0 0 0 0 0.008138889036 0 0 0 0 0 0 0 0 0 0 0.002544044197 0 0 0.01666264569 0 0 0.01476179172 0 0 0 0.05214903187 0 0 0 0.05277388534 0 0 0 0 0 0 0 0 0.04749279196 0 0 0 0 0 0 0 0 0.01732916035 0 0 0.05324042394 0.01609296368 0 0 0 0 0 0 0 0 0 0 0 0 0 0 0 0 0 0 0 0 0 0 0 0 0.03014550747 0 0 0 0 0 0 0 0 0 0 0 0.01898445232 0 0 0 0 0 0 0 0 0 0 0 0.03160688389 0.01224457229 0 0 0.0738347453 0 0 0 0 0 0 0 0 0 0.02223481856 0 0 0 
0 0 0 0 0 0 0 0.01035701656 0 0 0.06156277707 0.0132449328 0 0 0 0 0 0 0 0 0 0 0.00749150272 0.01280699412 0 0 0 0 0 0 0 0 0 0 0 0 0 0.02365270751 0 0 0.001755431406 0.006767435349 0 0 0 0 0.03883887973 0 0.02191764861 0 0 0 0 0 0 0 0 0 0 0.01165399227 0 0 0 0 0 0 0 0 0 0 0 0 0.02651891911 0 0 0 0.008006406759 0 0 0 0 0 0.03152249903 0 0 0 0.05486713885 0 0 0 0 0 0.03652879755 0.01809501547 0 0 0 0.05356076269 0 0 0 0 0 0 0 0 0 0.00851991803 0 0 0 0 0 0 0 0.05982137096 0.04034626129 0 0 0.03565478174 0 0 0.04879518097 0 0 0 0 0 0 0 0 0 0 0.02670048783 0 0 0 0 0 0 0.03025958757 0.02694231504 0 0.04431407598 0 0 0 0 0 0 0 0.02518106587 0.03225029642 0.00900568673 0.01159681303 0 0 0 0.01083253481 0 0 0 0.04369530658 0 0 0.03199886305 0.03227524183 0 0 0 0 0.03768196162 0 0 0 0 0.01603420267 0 0 0 0 0 0 0 0 0 0 0.01065589303 0 0 0 0 0 0 0 0 0 0 0 0 
0.01674541562 0.01513853302 0 0 0 0.006962592981 0 0 0.001178112951 0 0 0.007341684211 0 0 0 0 0.02423270756 0.01906545645 0 0 0 0 0 0 0 0 0 0 0 0.008425171268 0 0 0 0 0 0 0 0.00905450015 0 0 0 0.0474308841 0 0 0 0 0 0 0 0 0 0 0 0 0 0 0 0 0.02129710939 0 0 0.00693077189 0 0 0 0 0 0 0 0 0.04971076178 0 0 0 0 0 0 0.04418889892 0 0 0 0 0.03585263903 0 0 0 0 0 0.01156195002 0 0 0 0 0 0 0 0.01822563057 0 0 0 0 0 0 0 0 0 0 0 0 0.05567651187 0 0.03614537979 0 0 0.02022899808 0.02849837904 0 0 0 0 0 0 0 0 0 0 0 0 0.01317360557 0.02780169978 0 0 0 0 0 0 0.03125943766 0 0 0 0.01981773721 0 0 0 0 0 0 0 0 0 0 0 0 0 0 0.04499848197 0.02126393766 0 0.03301263886 0 0 0 0 0 0 0 0 0 0 0 0 0 0 0.02596092256 0 0.04305694446 0 0.01429697843 0 0 0 0 0.01708756498 0 0 0 0 0 0 0 0 0 0 0 0 0 0 0.0004955701285 0 0 
0 0.01513023598 0 0 0 0 0 0 0.01242421362 0 0 0 0 0 0.01665890182 0 0 0 0 0 0 0 0 0.01097706066 0 0 0 0.01548148421 0 0 0 0 0 0 0 0 0 0 0 0 0 0 0 0 0 0.03623836036 0 0.03636777912 0 0 0 0.01712273021 0 0.008801365012 0 0.05064345556 0 0 0 0 0 0 0 0 0 0 0 0 0 0 0 0.02318989977 0 0 0.01649101979 0 0 0 0.01412184526 0 0 0 0.03510869018 0 0 0 0 0 0 0 0 0 0 0 0 0 0.04178271659 0.01399476614 0 0 0 0 0.02853958456 0 0 0 0 0 0.002026052385 0 0 0 0 0 0 0 0 0 0.02485836594 0 0 0 0 0 0 0 0 0.02853673094 0.04242323672 0 0 0 0.02252081743 0 0 0 0 0 0.01385249898 0 0 0 0 0 0 0 0.04696635448 0 0 0 0 0 0 0 0 0.01530366129 0 0.04071984864 0 0.0187577004 0 0 0 0 0 0 0 0 0.01504455424 0 0.01636725488 0 0.05570605537 0 0 0 0 0 0 0 0 0 0 0 0 0.01411322507 0 0 0 0 0 0 0 0 0 0 0 0 0 0 
0 0 0 0 0.02197421946 0 0 0.006595034428 0 0 0 0 0 0 0 0 0 0.00962453346 0 0 0.006095928656 0 0 0 0 0 0 0 0 0 0 0.02043917073 0 0 0 0 0 0.005158339974 0 0 0 0 0 0 0 0 0 0 0.01028099329 0 0.0414481359 0 0 0 0 0 0 0.03692008034 0.02519849138 0.03518279846 0 0 0 0 0 0 0 0 0 0 0 0 0 0 0 0 0 0 0 0 0 0 0.0001975439418 0.02161058854 0.02444617157 0 0 0 0 0.03559650526 0.05918921787 0 0 0.03421860358 0 0 0 0 0 0 0 0 0.02235558946 0 0 0 0 0 0 0 0 0.01071236372 0 0 0 0.01432094405 0 0 0 0 0 0 0 0 0 0 0 0.02196015281 0 0 0.0451925408 0 0.009801837333 0.0241236455 0 0 0 0 0 0 0 0 0.01323193923 0.01355296377 0 0 0 0 0 0 0 0 0 0 0 0 0 0 0 0 0.04728479804 0 0 0.02779344662 0.01031963933 0 0 0.03441919824 0 0 0.01950337847 0 0 0 0 0 0.01763832249 0 0 0 0 0 0 0 0 0 0 0 0 0 0 0 0 0 0 0.05060489398 0 0 0.03133777898 0 
0 0 0 0.04220223546 0 0 0 0 0 0 0 0 0 0 0 0 0.05408188209 0.01600236998 0 0 0.008075780501 0 0 0 0 0 0 0 0 0 0.01054355966 0 0 0 0.01178277863 0 0 0.0101399172 0.03937315336 0 0.01927638051 0.047605949 0 0 0.007477915075 0 0 0 0.0357404811 0 0 0 0 0.007119094512 0 0 0 0 0 0 0 0 0.05203893716 0 0 0 0 0.02171267585 0 0 0 0 0 0 0 0 0 0 0.02649398009 0 0 0 0 0 0 0 0 0 0 0 0 0 0 0 0 0.02416081871 0 0 0 0 0 0 0 0 0 0 0 0 0 0.04813464082 0 0 0 0 0 0 0 0 0 0 0 0 0 0 0 0 0 0 0.04252810012 0.009885334739 0 0 0 0 0 0.01940545194 0.03335616743 0 0 0 0 0.01031922724 0 0 0 0 0 0 0 0 0 0 0 0 0 0 0.00892970866 0 0 0.03436687801 0 0 0 0.005432220446 0.04838070366 0.04565379422 0 0 0 0 0 0 0 0.01269232709 0.02041287616 0 0 0 0 0 0 0 0 0 0.02581768495 0 0 0 0 0 0 0.04085002819 0 0 0 0 0 0.02432387852 0 0 
0 0 0 0 0 0 0.006343746435 0 0 0 0 0 0 0 0 0 0 0.01417357224 0 0 0 0 0 0 0 0.01259178239 0 0 0 0 0 0 0.04972982437 0 0 0 0 0 0 0 0 0.006911647082 0 0 0 0.04105681444 0 0 0.03153012839 0 0 0 0 0 0.01739971608 0.01036084925 0 0 0 0 0.009466692964 0 0 0.009675731598 0.04185109612 0 0 0 0 0 0 0 0 0.01048488098 0 0 0 0 0 0 0 0.01541996329 0 0 0 0 0 0 0 0 0 0 0 0.009624588132 0.06435718957 0 0 0 0 0 0 0 0.03229610948 0 0 0 0 0 0 0 0.010874482 0 0 0 0 0 0 0 0 0 0 0 0 0 0 0 0 0 0.02292339174 0 0 0 0 0 0 0 0 0 0 0 0 0 0 0 0 0 0 0 0 0 0.06886879366 0 0 0 0 0 0.02076036891 0.01683935041 0 0.02954820189 0 0 0 0 0 0 0 0 0 0 0 0 0 0.00952667057 0 0 0 0 0 0 0 0 0 0 0 0 0 0.0235671967 0 0 0 0 0.0125193841 0.01603267268 0 0 0.02542581775 0 0 0 
0 0 0 0.01323186766 0 0.03266160269 0 0 0 0 0 0 0 0 0 0.04822731149 0 0.01725530382 0 0 0 0 0.0589278949 0 0 0 0 0 0 0.01928882431 0.03939382914 0 0 0 0 0 0 0.05097989668 0.01691549247 0.007947811698 0 0 0 0 0 0 0 0 0.02396399303 0 0 0 0 0 0 0 0 0 0 0 0 0.04270718123 0 0 0 0 0 0 0 0 0 0 0 0.04045381041 0.05219549864 0 0 0 0 0 0.02120675235 0.03255869164 0 0 0 0.02117587266 0 0 0 0 0 0 0 0 0 0 0 0 0 0 0 0 0 0.01052671969 0.02042554204 0 0.01357471114 0 0 0 0 0 0 0 0 0 0.02485507334 0 0 0 0 0 0 0 0 0 0 0 0 0.0478560548 0.02336913629 0.04751684331 0.008247535661 0 0 0 0 0 0.01252861955 0 0 0 0 0 0 0 0 0.03297793986 0 0 0 0 0 0 0.02721670029 0 0 0 0 0 0 0.01119200588 0 0 0 0 0.1785561155 0 0 0 0 0 0.01102611029 0.01932588738 0 0 0 0 0.01371612058 0 0 0 0 0 0 0 0 0 0 0.02088860927 0 0 0 0.0656715176 0 0 0 0 0 0 
0.009490007678 0 0 0 0.02215908176 0 0 0 0.0140840296 0 0 0 0 0 0 0.03336733826 0 0 0 0.05965302529 0 0 0 0 0 0 0 0 0 0 0 0 0.01776237648 0 0 0 0 0 0 0 0 0 0.01746923135 0 0.01249380937 0 0 0 0 0 0 0 0 0 0.007514999966 0.02113917799 0 0 0 0 0 0 0 0 0 0 0 0 0 0 0 0 0 0 0.02118483588 0 0.05457701457 0 0 0 0 0 0.05008828944 0 0.008175509579 0 0 0 0 0.01167583855 0 0 0 0 0 0 0 0.008352517362 0 0.0209622355 0 0 0 0 0 0.01358099426 0 0 0 0 0.009139255534 0 0 0.02986611336 0.03365495385 0 0 0 0 0 0 0.05395530904 0 0.02343420868 0 0.02591392426 0 0 0 0 0 0 0.000685710913 0 0 0 0 0 0 0 0 0.02623173327 0.03885462082 0 0 0 0.0211599918 0 0 0 0 0.009176001782 0 0 0 0 0 0 0 0.02270632877 0.016982687 0 0 0 0 0 0 0 0 0 0 0.01560692248 0 0.01867202742 0 0.0582359169 0 0 0 0 0 0 0.02392132204 0 0 0 0 0 0 0 0 0 0 0 0 0.04965124377 0.02187029606 0 0 0.03873952698 
0 0 0 0 0 0.008184709299 0 0 0 0 0 0 0 0 0 0 0 0 0 0 0 0 0 0 0 0 0 0 0 0.02466737222 0 0.04211260586 0 0.05216017823 0 0.008118082402 0.02430875431 0 0.04546196312 0 0 0 0 0 0 0 0.02798047256 0.02844640105 0 0 0 0 0 0 0 0 0 0 0.009621210015 0 0 0 0 0 0 0 0.01740655077 0 0 0.009044795861 0.01312648589 0.05222172911 0 0 0 0 0 0 0 0 0 0 0 0 0 0 0 0 0.0421219234 0 0 0 0 0 0 0 0 0 0 0 0 0 0 0.03579015115 0 0.03571513173 0 0 0 0 0 0 0 0 0 0 0 0 0 0 0 0 0.03790040039 0 0.01339097234 0 0 0 0 0 0 0 0 0 0 0 0 0.0351549285 0 0.01689707862 0 0 0 0.04921335797 0.01088662684 0 0 0.04477411748 0.0318949696 0 0.0120200616 0.05265814276 0 0 0 0 0 0 0.01947019024 0 0 0 0 0 0 0 0 0 0 0 0 0 0 0.01954792629 0 0 0.01336271513 0 0.01695926288 0 0 0 0 0 0 0 0 0 0 0 0 0 0.02743202588 0 0 0.01025109757 0 0 0 0.01632888456 
0 0 0 0 0 0.008670423362 0 0 0 0 0 0 0 0 0 0 0 0 0 0.03255096428 0 0 0 0 0.0205249792 0 0 0 0 0 0.01477898366 0 0.01037952072 0 0 0.02741476552 0 0 0 0.02511482529 0 0 0.01315312192 0 0 0.02091423267 0 0 0 0 0 0 0 0 0 0 0 0 0 0 0 0 0 0 0 0 0.0134365574 0 0 0.0125432064 0 0 0 0 0 0 0 0 0 0 0 0 0 0 0 0 0.02986197544 0 0 0.01668516308 0 0 0 0 0.03864710976 0.008039112277 0 0 0 0 0 0 0 0.009432984114 0 0.02037545031 0 0 0 0 0 0.02214722373 0 0 0 0 0 0 0 0 0.01027433071 0.01176445469 0 0 0 0 0 0.039204033 0.01250715088 0 0 0 0 0 0 0 0 0 0 0 0 0 0 0 0 0 0 0 0 0 0 0 0.01037262322 0 0 0.01641509466 0.04460314226 0 0 0.02266956031 0 0 0 0 0 0 0 0.01339177796 0 0 0 0 0 0.01017354014 0 0 0.02314832 0 0 0 0.04888384517 0 0 0 0 0 0 0 0 0.01823167036 0.05264562398 0 0 0 0 0 0.02446496845 0 0 0 
0 0 0 0 0 0 0 0 0 0 0 0.007723025237 0 0.0386120388 0 0 0.001883092511 0 0 0 0 0.0179758344 0 0 0.04931405075 0 0 0 0 0 0 0.03103761292 0 0.01112219949 0 0 0 0 0 0 0.02440449074 0 0 0 0 0 0 0.03433248413 0 0.0098991621 0.02134476249 0 0 0.0259872373 0 0 0 0 0 0 0 0 0 0 0 0 0 0 0 0 0 0 0 0 0 0 0 0 0 0 0 0 0 0 0 0 0 0 0 0 0 0 0 0 0 0 0 0 0 0 0 0.03366965145 0 0 0.03392614775 0 0 0 0 0 0 0 0.01294252511 0.02915873325 0 0 0 0 0 0.03540518991 0 0 0 0 0 0 0.01747986827 0 0 0 0.01147818037 0 0.04175198585 0 0 0 0 0.004273182431 0 0 0 0 0 0.01282936176 0 0 0.01124822635 0 0 0 0 0.02487897695 0 0 0 0 0 0 0.01412614673 0 0 0 0 0.01047350095 0.01271332762 0 0 0 0 0 0 0 0.02697410602 0.03396040776 0 0 0 0 0.001957673141 0.01202397392 0.03816256264 0 0.009277423264 0 0 0 0.01363779963 0 0 0 0 0 0.03925764731 0 0 0.06717568758 0.02102142121 0 0.05561194904 0 
0 0 0.01584502255 0 0 0 0.01910780117 0.009459983954 0 0 0.0479230094 0.02604721487 0 0 0 0 0 0 0 0.03061948561 0 0 0 0 0 0 0.02448509574 0 0 0 0 0 0 0.02139871775 0 0 0 0 0.02284399969 0 0 0 0.006174371414 0 0.00704976885 0 0 0 0 0 0.03513933581 0 0 0 0 0 0 0 0 0.01239589602 0 0 0 0 0 0.007165003068 0 0 0.0334599955 0 0 0 0 0 0 0 0 0 0 0.05103061571 0 0 0 0 0 0 0.01477052461 0.03484875817 0 0 0 0 0 0 0.01430631873 0 0 0 0 0 0 0 0 0.02102315708 0 0.0001285308531 0 0 0.02527052337 0 0 0.01708821775 0 0 0.008983875629 0 0 0.01703504342 0 0.03874976652 0 0 0 0 0 0 0 0 0 0 0 0 0 0 0 0 0 0 0 0 0 0.0377959828 0 0 0 0 0 0 0 0 0.05678106759 0 0 0 0 0 0 0 0 0.0257446403 0 0.01674071175 0 0 0 0 0 0 0 0 0 0.00930396165 0.050401506 0 0 0 0 0 0.01824128108 0 0 0 0 0.02133632382 0 0 0 0 0.02931055947 0 0 0.01290928377 0 0 0 0 0 0 0.05289981532 0 
0.006598270915 0 0.005987314626 0 0 0 0 0 0 0 0 0 0 0 0.02685906041 0 0 0.007219924671 0 0.05631505113 0.008717611051 0 0 0 0.00631068671 0 0 0.009673388659 0.007900463506 0.01416259271 0.01906205143 0 0 0 0.007077084426 0 0 0 0 0.02221153345 0.02542593154 0.01385793923 0 0.008229096452 0.02003165599 0.01293490087 0.03001406566 0 0 0 0 0.02959249066 0 0 0.03183959698 0.008776480272 0 0 0.04916649437 0 0 0 0 0 0 0 0 0.04924253812 0 0 0 0 0 0 0 0 0.03792605999 0 0 0.02007971328 0.01081578515 0 0 0 0 0 0 0 0.04050317947 0 0 0 0.04651001842 0 0.04709431299 0 0 0 0 0 0 0 0 0 0.02627061773 0.03950826891 0 0 0 0.008175532389 0 0 0 0 0 0 0.01032329215 0 0 0 0 0 0 0 0.02395591274 0 0 0 0 0.008458740376 0 0 0 0.06160392173 0 0 0 0 0 0 0 0 0.05947610475 0 0 0 0 0 0 0 0 0 0 0 0 0 0 0 0 0.009165805641 0 0 0 0 0.1540981844 0 0 0 0 0.01219434283 0 0 0 0 0.03104597339 0 0.03957974179 0 0 0 0 0 0 0 0 0.04520850639 0.01875208503 0 0 0.06023318943 0 0 0 0.0107879179 0 0 0.0128408157 0 0 0 
0 0 0 0 0 0 0 0 0 0 0 0 0 0 0 0 0 0 0 0.005152322926 0 0.006402058431 0 0 0 0 0 0 0 0.01814636745 0.03354560385 0 0 0 0 0 0 0 0 0 0 0 0 0 0 0 0 0 0 0.01288300463 0 0.009049334611 0.02650609393 0 0 0 0 0 0.03530411665 0 0 0 0 0 0 0 0 0.01835354845 0 0.02194860593 0 0.008801453657 0 0 0 0 0 0 0 0 0 0 0 0.03066937629 0.01701961826 0.02774752652 0 0.01951475823 0 0 0 0 0 0 0 0.03234155636 0 0 0 0 0 0 0 0 0 0 0 0 0 0 0 0 0 0 0 0 0 0 0.004979109333 0 0.02581034449 0 0 0 0 0 0 0 0 0 0 0 0 0 0 0 0.04442698963 0.01003420739 0 0.01700812551 0.04350751701 0 0 0 0 0.009079090797 0 0.02681252563 0 0 0 0 0 0 0 0 0 0 0.02178676556 0.02486429556 0 0 0 0 0 0 0 8.236602109e-05 0 0 0 0 0 0 0 0 0 0 0 0 0.01504432086 0 0.009855969824 0.05817525377 0.05082543773 0 0 0 0 0.03576178339 0 0 0 0 0 0 0 0 0 0 
0.02117631243 0.03258811509 0 0 0 0 0 0 0 0.05060365388 0 0 0.04323544587 0 0 0 0 0 0 0 0 0 0 0 0 0.02170034381 0 0 0.00763585983 0 0 0 0 0 0 0 0 0 0 0 0 0 0.01041317999 0 0 0.01515771764 0 0 0 0 0.04157792463 0 0 0 0 0 0 0 0.02799524132 0 0 0 0 0 0.002742485005 0 0 0 0 0 0 0 0 0 0 0 0 0 0 0 0 0 0 0 0 0 0.04122519787 0 0 0 0 0 0 0 0.03177420061 0 0 0 0 0 0 0 0 0 0.0113283448 0 0 0 0.0140694155 0.06385751106 0 0 0 0 0 0 0 0.02201003301 0 0 0 0 0.04207458846 0 0 0 0 0 0 0.02716707719 0 0 0.03594020492 0 0 0 0 0 0 0 0 0 0 0 0 0 0 0 0 0 0.07183280874 0 0 0 0.02797314132 0 0 0 0 0 0 0 0 0 0 0 0 0 0 0 0 0 0 0 0 0 0 0 0 0 0 0.07937276546 0 0 0 0 0 0 0 0 0.02812894727 0 0 0 0.04874615036 0 0 0.02238271782 0.02699544167 0 
0 0 0 0 0 0 0 0 0 0 0 0 0 0 0 0.1037983978 0 0 0 0 0 0.02098161999 0 0.02524447938 0 0 0 0.0007322046051 0 0 0 0 0 0 0 0 0 0 0 0.02972670638 0.006704051988 0 0 0 0 0.01387358918 0 0 0 0 0 0 0 0 0 0 0 0 0 0 0 0.01185126377 0 0 0 0 0 0.01207305723 0 0 0 0 0 0 0 0 0 0.007443231479 0 0 0 0 0 0 0 0 0 0 0 0 0.04061973298 0 0 0.03917312478 0.009284505963 0 0 0 0 0 0.0357236816 0 0 0.02581893472 0 0 0 0 0 0 0 0.01093847386 0 0 0 0 0 0 0 0 0.01076762088 0 0 0 0 0 0 0 0 0 0 0 0 0 0 0 0 0 0 0.006007669986 0 0 0 0 0 0 0 0 0 0 0 0 0 0 0 0 0 0.01007933328 0 0.01676089083 0.0151647234 0 0 0 0 0 0.03809205093 0 0 0.01203794316 0 0 0 0 0.01218040919 0 0 0 0 0 0 0 0 0.0267385486 0 0 0 0.02212009229 0 0 0 0 0 0 0 0 0 0 0 0 
0 0 0 0 0 0 0 0 0 0 0.03831647375 0 0 0.0279972377 0 0 0 0 0 0 0 0 0 0 0.007660657584 0.02788525691 0 0.01673936655 0 0.03015325592 0 0 0 0 0 0 0 0 0 0 0 0 0 0 0.05206535339 0 0 0.01136907049 0 0 0.002937022217 0.01782462078 0 0 0 0 0 0 0.009807089542 0 0 0 0 0 0 0 0.04345253723 0 0 0 0 0 0 0 0 0 0.02251332783 0 0 0 0 0.01351894378 0.01810774235 0 0 0 0 0 0 0 0 0 0 0.01108833887 0 0 0 0.007842628699 0 0 0 0 0 0 0 0 0 0 0 0 0.005963981722 0 0 0 0 0.04045458825 0 0 0.02813631714 0.01040965726 0.01066994002 0 0 0 0 0 0.01028912152 0 0 0 0 0 0 0 0.04401795846 0 0.01032081874 0 0 0 0 0 0.03763411731 0.01654314287 0 0 0 0 0 0 0 0 0 0 0.04488545355 0 0 0.02554691286 0.04153359964 0 0 0 0.03494997857 0.04257780572 0 0 0.01796185751 0.07255206456 0.06240659392 0.04033782911 0.04027355963 0.05082389972 0.01079873615 0 0.02961998086 0.0353294453 0 0 0 0.01861739776 0 0 0 0 0 0 0 0.02962052939 0.03823944123 0 0 0 0 0 0 0 0 0 0 0 
0 0.01310979987 0 0 0 0 0 0 0 0 0.008158635091 0.02205792887 0.01866923376 0.03939734487 0 0 0 0 0 0 0 0 0 0 0 0 0 0 0 0 0 0 0 0 0 0 0 0 0.01055757527 0 0 0 0 0 0 0 0 0 0 0 0 0.04455936193 0 0 0 0 0 0 0 0.008242505742 0 0 0 0 0 0 0 0 0 0 0.01389285235 0 0 0 0 0 0 0 0 0 0 0 0 0 0.02160701503 0 0 0 0 0 0 0 0 0 0 0 0 0 0.04088694993 0 0 0 0 0 0 0 0 0 0 0 0 0.05232983003 0 0 0.01324743348 0 0 0 0.01525848465 0.003025139349 0 0 0 0 0 0 0.003237016137 0 0 0 0 0 0 0 0 0 0.0238015777 0 0 0 0 0 0.02371778134 0.03610063224 0 0.04674424502 0 0 0 0 0 0 0.02033789177 0 0 0.01007980492 0 0 0 0 0 0.02297308326 0 0.02581585833 0 0 0 0 0 0 0 0.01113517983 0.01151384278 0 0 0 0 0 0 0 0 0 0 0 0 0.03750398358 0 0.03503254381 0 0 0 0 0.0144509568 0 0 0 0.01592543183 0 0 0 
0 0 0 0 0 0.01539016806 0 0 0.04001793095 0 0 0 0 0 0.001011565857 0 0 0 0.008515533697 0.03196307513 0.04520061726 0 0 0 0 0 0 0 0.01947062395 0.02967596888 0 0 0.007624710708 0.002718580329 0 0 0.03508425508 0 0 0 0 0.02152835855 0 0 0 0 0 0.03951512256 0 0 0.01153937771 0 0 0.009990215454 0.007527800512 0 0.02113918444 0.03044399799 0 0 0 0 0 0.01181142371 0 0 0 0 0 0 0 0 0 0 0 0 0 0 0 0 0 0 0 0 0 0 0 0.01590105081 0.032407184 0 0 0.01485827676 0.01922435111 0 0 0 0 0 0 0.01016523867 0.05179310321 0 0 0 0 0 0 0 0 0 0 0 0 0 0 0 0.02701137377 0 0 0 0 0 0 0 0 0 0 0 0.01207649009 0 0 0 0 0 0 0 0.02231734047 0.017327873 0 0 0 0 0 0 0 0 0 0.01942703255 0.008597452249 0 0 0 0 0 0.02706071826 0 0 0.04094751379 0 0 0 0 0 0 0.03660282207 0 0 0 0 0 0 0 0.02322157585 0 0 0 0 0.01792811378 0.01187288118 0 0 0 0 0 0 0 0 0 0.05513076303 0 0 0 0 0 0 0 0 0 0 0 
0 0 0.04032743413 0 0 0 0 0 0.02790656831 0 0 0 0 0 0 0 0 0.01000854218 0 0.02909153667 0.001969818224 0 0 0 0 0 0 0 0 0 0 0 0 0 0 0 0 0 0 0 0 0 0 0.01130287094 0 0.0481709938 0 0.06012151739 0 0 0 0 0 0 0.02045501721 0 0 0.02600809227 0 0 0.02264921411 0 0 0 0.01161805577 0 0 0 0 0 0 0 0 0 0 0.01240399296 0 0 0 0 0 0 0 0 0 0.01857840815 0 0 0 0 0 0 0 0 0 0.02558185427 0 0 0 0 0.01915181266 0 0 0.01034842819 0 0 0 0 0 0 0.03268276039 0 0 0 0 0 0 0 0 0.02794913295 0 0 0 0.06077433869 0 0 0 0.01366889709 0 0 0 0 0 0 0 0 0 0 0 0 0 0 0 0 0 0.06579349881 0 0 0.03003496261 0 0 0 0 0 0 0.01294465124 0 0 0.05166487447 0 0 0 0 0 0 0 0 0 0 0 0 0 0 0 0.01339437516 0.0680194542 0 0 0 0 0 0 0 0 0.02094771147 0 0 0 0 0 0 0 0.03619279893 0 0 0 0.02402311778 0 0 0 
0.01608784904 0 0 0 0.02996728687 0 0 0 0.01040442158 0 0 0.005340824013 0 0.04965437559 0 0 0 0 0 0 0.001453380921 0 0.01521406711 0 0 0 0 0 0.05127888846 0 0.02954388428 0 0.0409239639 0 0.04786747509 0 0 0.0175662248 0 0 0 0 0 0 0 0 0 0 0 0.009202504679 0.04550028075 0 0 0.01067730671 0 0 0 0 0 0 0 0.01774238865 0 0 0 0 0 0 0 0.0162993248 0 0.02567870248 0 0 0.005456427755 0 0 0 0 0 0.0172954931 0 0 0 0 0 0.0141710309 0 0 0.01838476806 0 0 0.04288824311 0 0 0 0 0 0 0 0 0 0 0.03179308404 0 0 0 0 0 0 0 0 0 0 0 0 0.0109116036 0 0.05098601908 0 0 0 0 0.0269827127 0 0 0 0 0 0 0.02290722699 0 0 0 0 0 0 0 0 0 0 0.01010443698 0.01429929241 0 0 0 0 0 0.05436100564 0 0 0.01406575721 0 0 0 0.00946835015 0.04277000839 0 0 0.02999681418 0 0 0 0 0 0 0 0.01772049179 0.03033917669 0 0 0 0 0 0 0.04253568416 0 0 0 0 0 0 0 0 0 0 0 0 0 0 0 0 0 0 0 0 0 0 0 0 
0 0 0 0.01229362796 0 0 0.03578440274 0 0 0 0 0 0 0.01797633342 0 0 0.004137616582 0 0 0.01572645425 0 0 0.03189145471 0.04043305831 0 0 0 0 0 0 0 0 0 0 0.04291326838 0 0 0 0 0.00317691451 0.03859818068 0 0 0 0 0.02182530666 0 0 0.01939388281 0 0 0 0 0 0 0 0 0 0.001360970227 0.03465263581 0 0 0 0.02333109036 0 0 0.0723347225 0 0 0 0 0 0.03543661387 0 0.004299017921 0 0 0.04658553875 0.01393931183 0.01448394877 0 0 0 0 0 0 0 0 0 0 0 0 0 0 0 0 0 0 0 0.00321845922 0 0.00291076126 0 0 0 0 0 0 0 0 0 0 0 0 0.01258743698 0 0 0.05893940682 0 0 0 0 0.00598675163 0 0 0.03886897389 0 0 0 0 0 0 0 0 0.01830101003 0 0 0.04282501363 0 0 0.05536760572 0 0 0 0 0 0 0 0.01203705012 0 0 0 0.01212559695 0 0 0 0.05203954805 0 0 0 0 0 0 0 0.053522875 0 0 0 0 0 0 0 0 0 0 0 0 0.05242247306 0 0 0 0 0.04798464764 0 0 0 0 0 0 0 0 0 0 0 0 0.02688919792 0 0.01118583322 0 0 
0.02158706136 0 0.006640687364 0 0 0 0 0 0 0.006890046051 0 0 0 0 0 0 0 0 0 0.01560151377 0 0.04027296379 0 0 0 0 0 0 0 0.03669945619 0 0 0 0.02255300653 0 0 0.009908650094 0 0.01884320747 0 0.02208344859 0 0 0 0 0 0 0 0 0 0 0 0 0 0 0 0 0.04674193222 0 0 0 0 0 0.009183670902 0 0 0.05349433498 0.002996995494 0 0.03570480352 0 0.04653182468 0 0 0 0.03339976368 0 0.05071904377 0 0 0 0 0 0 0 0 0 0.02442312919 0 0 0 0.009765991636 0 0.008526453445 0 0 0.02180792601 0 0.004141285775 0 0.03102539973 0.02443323029 0 0 0 0 0.01366828555 0 0 0 0 0 0 0 0 0 0 0 0 0.01891822443 0 0 0 0 0.02059353249 0 0 0 0 0 0 0 0 0.03228225723 0 0 0 0 0 0 0 0 0 0.01284554103 0 0 0 0 0 0 0.01496231439 0.04522140032 0 0.001095820164 0.03871112326 0 0 0 0.05291363439 0 0 0 0 0 0 0 0 0 0.01952079948 0 0 0 0 0 0 0 0 0 0 0 0 0.03575748084 0 0 0 0 0 0 0 0 0 0 0.01939376838 0.03087083148 0 0 0 0 0 0 
0 0 0 0.0555858257 0 0 0 0 0.05372377991 0 0 0 0 0 0.02977585529 0 0 0 0 0 0 0.02152231744 0 0 0 0 0 0 0 0 0.04779545438 0 0 0.04591491303 0 0 0 0 0.006076278011 0 0.02305048531 0 0 0 0 0 0 0 0 0 0 0 0 0 0 0 0 0 0 0 0.01525502933 0.02172425103 0 0 0.0130827611 0 0 0 0.002757218714 0 0.03881687386 0.02330673736 0 0 0 0 0 0 0.04606978026 0 0 0 0.02176798478 0 0.008304138153 0 0.05766543851 0.011398983 0.0138783868 0 0 0 0 0 0 0 0.008127220577 0 0 0 0 0.01697287617 0.03377918179 0 0 0 0 0 0 0 0 0 0 0 0 0 0 0 0 0 0 0 0 0 0 0 0 0 0 0 0 0 0 0.05647479001 0 0 0.003517517513 0 0 0 0 0.004613067972 0 0 0 0 0.02135651168 0 0 0 0.03014876136 0.01124083692 0 0 0 0 0 0.02491186758 0 0 0.0369940406 0 0 0.04002900081 0 0.0163873656 0.01388235426 0 0.05014002481 0 0 0 0 0 0.02666175521 0 0 0.01517822478 0 0 0 0 0 0 0 0 0 0 0 0 0 0 0 0 0 0 0 0 0 0 
0 0 0 0 0 0 0.03548449899 0 0 0 0 0 0 0.01321603672 0 0 0 0 0 0 0 0 0 0 0 0 0 0 0 0 0.04508888136 0 0 0 0 0 0.006602473254 0 0 0 0 0 0 0 0 0 0 0 0.04225953138 0 0 0 0 0 0.02181464925 0 0 0 0 0 0.0489981361 0 0 0 0 0 0.02306589083 0 0 0 0 0 0 0 0 0 0 0 0 0 0 0 0 0.05548797227 0 0 0 0 0 0 0 0 0 0 0 0 0.0578826462 0 0.05777611463 0 0 0 0 0 0 0 0 0 0 0 0 0 0 0 0 0 0 0 0 0 0 0 0 0.04451020476 0 0 0 0 0 0 0 0 0 0.01521421799 0 0 0 0.02058317095 0 0 0 0 0 0 0 0 0 0.04680057691 0 0 0 0.01095227799 0 0 0.00622602152 0 0 0 0 0 0 0 0.01343362163 0.0176867543 0 0.04562565443 0 0.02679140076 0 0.009573256153 0 0 0 0 0 0 0 0 0 0.02395706443 0 0 0 0 0 0 0.01593806478 0.0103527011 0.009616800471 0 0 0 0 0.01326468055 0 0 0 0 0 0 
0 0 0 0 0 0 0.006326890099 0 0 0 0 0 0.0302152658 0 0 0 0 0.02137295313 0 0.01787522813 0 0.01178647255 0 0 0.01569718612 0 0 0 0 0 0 0.02931879412 0.02557838796 0 0 0 0 0 0.008192179646 0 0 0 0 0 0 0.01028304694 0 0 0 0 0 0 0.01477975961 0 0 0.05224436599 0 0 0.02121395845 0 0 0 0 0 0.01394713726 0 0 0 0 0 0.01090638981 0 0 0 0 0 0 0 0 0 0 0 0 0 0 0 0 0 0 0 0 0 0 0 0 0 0 0 0 0 0 0 0 0 0 0 0 0 0 0 0 0 0 0 0 0 0 0 0 0.04234950762 0 0 0 0 0 0 0 0.01376398753 0 0 0 0 0 0.02060646349 0 0 0 0 0 0 0 0 0 0 0 0 0 0.01308538178 0.01364926768 0 0 0 0 0 0 0.04305351326 0 0 0 0 0.009095173585 0 0 0 0 0 0.01753988425 0.05853060624 0 0 0 0 0.05978633864 0 0 0 0 0.01643729011 0 0 0 0.01142070667 0 0 0 0 0 0 0 0 0.02716033814 0 0 0 0 0 0 0 0 0 
0 0.037775303 0 0 0 0 0 0 0 0 0 0 0 0 0 0 0 0 0.03810057283 0 0.04045965716 0.008041721403 0.04572443568 0.04303428848 0 0 0 0 0.03132729956 0 0 0 0.01788970599 0 0 0.008569173688 0.00956597876 0 0 0 0.008334504658 0 0 0 0 0 0 0 0.03245419862 0 0.01895252138 0 0 0 0.006711949553 0 0 0 0 0 0 0 0.06642620457 0 0.05378019525 0 0 0 0 0 0.009176156671 0 0 0 0 0 0 0 0 0 0 0 0 0 0 0 0 0 0 0 0 0 0 0 0.05271112847 0 0 0 0 0 0.02922254534 0 0.009623890117 0 0 0 0 0 0 0 0.01617379272 0.03512681646 0 0 0.01482515134 0 0 0 0 0 0 0 0 0 0 0 0 0 0 0 0 0 0 0 0 0.01413569078 0 0 0 0 0 0 0 0 0 0 0 0.01475986547 0 0 0.01230171051 0 0 0 0 0 0 0 0 0 0 0 0.00615019337 0 0 0.01096398172 0 0 0.0173497659 0 0 0.01162208347 0 0 0 0.06035879115 0 0 0 0 0.01332701695 0 0 0 0 0 0 0 0 0 0 0 0 0 0 0 0 0 0 0 
0 0 0 0 0 0 0.01225490434 0 0 0 0 0.01072472064 0 0 0 0 0 0.008060056268 0 0 0 0 0 0 0.006372681535 0.02427883809 0 0 0 0 0.04760250124 0 0 0 0.01441787157 0.01472585236 0 0 0.01524517353 0 0 0.01205486741 0.01372199983 0 0 0 0 0.008389009146 0 0 0.04172821325 0.04880157731 0 0 0 0 0.01556842842 0 0 0.007536703746 0 0 0 0 0 0 0.03934973492 0 0 0 0 0 0 0.05157590825 0 0 0 0 0 0 0 0 0 0 0.01112806219 0 0 0.04223873361 0.02173214037 0 0 0 0 0.005929659984 0 0 0 0 0 0 0 0 0 0.02672289806 0 0 0 0 0 0 0.03925137313 0.03138394854 0 0.0267547773 0 0 0.0436953424 0.008476201808 0.01181434069 0 0 0 0.01889056786 0 0.05984095851 0 0 0 0 0.02337657703 0 0 0 0 0 0 0.03382248748 0 0 0.05014859815 0 0 0 0 0 0.03709567848 0.06821374555 0 0 0 0 0 0 0 0.03005935737 0.008763106204 0 0 0 0 0 0 0 0 0.009374705909 0 0 0 0 0 0 0.02251532633 0.01944929467 0 0 0 0.02850024052 0 0 0 0 0 0 0 0 0 0 0 0 0 0 0 0 0 0.06024000052 0 0 0 0.02586672254 0 
0 0 0 0 0 0 0 0 0 0.01570817394 0.02819591113 0 0.02506846181 0 0 0 0 0 0 0 0 0 0 0 0 0 0.02802753267 0 0 0 0 0.01743325394 0 0 0 0 0 0 0 0.02343228463 0 0 0 0 0 0 0 0 0 0 0 0 0.06523588642 0.01155416879 0 0.05488873199 0 0 0.009224999477 0 0 0 0 0.02540495299 0 0.03156120683 0 0 0 0 0 0 0 0 0 0 0 0 0.0263182025 0 0 0 0 0.01526349803 0 0 0 0 0.03039493937 0.03195511542 0 0 0 0 0.02977211478 0 0.01043582809 0 0 0.02927358349 0 0 0 0 0 0.01792071615 0 0.0009762183748 0 0 0.007495738523 0 0 0 0 0.04196325421 0 0 0 0 0 0 0 0 0 0 0 0 0 0.01812337955 0 0 0 0 0 0 0.009875191795 0.02215059297 0 0 0 0 0 0.01857752755 0.02583982881 0 0 0 0.02354036057 0 0 0 0 0 0 0.03369811503 0 0 0 0 0 0 0 0 0 0.009136659738 0 0 0 0 0 0 0.03027878719 0 0 0 0 0 0.01386886031 0 0 0 0.05016981282 0 0 0 0 0 0 0 0 0 0 0 0 0 0 0 0 0 
0 0 0 0.009409640659 0 0 0 0.007013049775 0 0 0 0 0 0.007035936351 0 0.03642284722 0.007963718871 0 0 0 0 0 0.03212047836 0 0 0 0 0 0.0121081731 0 0 0 0 0 0 0 0 0 0 0 0 0 0 0 0 0 0.01191640098 0 0 0 0.02902861462 0.003245868304 0 0 0 0 0 0 0 0 0 0 0.009118964389 0.02465902606 0 0 0.01012602023 0 0 0 0 0 0.01273191703 0 0 0.05710796462 0 0 0 0 0 0 0 0 0 0 0.04411731699 0 0 0 0 0 0 0 0 0 0 0 0 0 0 0.01182434097 0 0 0 0 0 0.004607040884 0 0 0 0 0 0 0 0 0 0.01527872334 0.0133127005 0 0 0.02037075193 0 0.01467693673 0 0 0 0 0.03265847235 0 0 0.02975937479 0 0.03363949627 0.01746598361 0 0 0.02118843195 0 0 0 0 0 0 0 0 0 0.03482958652 0 0 0 0 0 0 0 0 0.03454391495 0 0 0 0.03023594329 0 0 0 0 0 0 0 0 0.02142046898 0.01308714982 0 0 0.04535351737 0 0 0 0 0 0 0 0 0 0 0.02049979484 0 0 0 0 0 0 0 0 0 0 0 0.01200593397 0 0 0 
0.02542490207 0 0 0 0 0 0 0 0 0 0 0 0 0 0 0 0 0 0.01430801402 0.01658054123 0 0 0 0.004446471329 0 0 0 0 0 0 0 0 0 0 0 0 0 0 0 0 0 0.05020448401 0 0 0 0 0 0 0.04396177547 0 0 0 0.009010016867 0 0 0 0 0.02246942294 0.03124955048 0 0 0.01493242237 0 0 0 0 0 0 0 0 0 0.0199887283 0 0 0 0.009520145104 0 0 0 0 0 0 0 0 0 0 0 0 0.00288889916 0 0 0 0 0.03414621958 0.02573854641 0 0 0.02838843151 0 0 0 0 0 0 0 0 0.009943881471 0 0 0 0 0 0 0 0.01329315284 0 0 0 0.04321702862 0.009098284272 0.05050060787 0 0 0 0 0.009236922043 0 0.03825056585 0 0 0 0 0 0 0 0 0 0 0 0 0.05144441247 0.01338041454 0 0.01327218096 0 0 0 0 0 0 0 0 0 0 0 0 0 0 0 0 0.02157592453 0 0 0 0 0.009165549428 0 0 0 0 0 0 0 0 0 0.03571143732 0 0 0 0 0 0 0.01081784942 0.04556675619 0 0 0 0 0 0 0 0 0 0 0 0 0 0 0 0 
0 0 0 0 0 0 0.01294196328 0 0 0.0304279388 0 0 0 0 0 0 0 0 0 0 0 0 0 0 0 0 0 0 0 0 0 0 0 0 0 0 0 0 0.01619328466 0 0 0.01221797006 0 0 0 0 0 0.01790323312 0 0 0 0 0 0.01413835979 0 0.04408103342 0 0 0 0.09332984954 0 0.03904758742 0.01136603764 0 0 0.06002591072 0 0 0.04313234461 0 0 0 0 0 0 0.0174809335 0 0 0 0 0 0 0 0 0.03384605806 0.008401903826 0 0.0449039769 0 0 0 0 0.02366325422 0 0.008693125931 0.05412522508 0 0 0 0 0 0 0 0 0 0 0.01411755726 0 0 0 0 0 0 0 0.009053678771 0 0 0 0 0 0 0 0 0 0 0 0 0 0 0 0 0 0.01660550059 0 0.02502377392 0.03128410651 0 0 0 0 0 0 0 0.02845657711 0 0.01119153452 0 0 0 0 0 0 0.02025069699 0.013895553 0 0.02524872829 0 0 0 0 0 0.04221989769 0 0 0 0 0 0 0 0.02670371558 0.03196728965 0 0 0 0 0 0 0 0 0 0 0 0.01415420327 0.05795153413 0 0 0 0 0 0 0 0 0 0 0 0 0 0.02611584447 0.01386315916 0 
0 0.04558942241 0.01109926617 0 0 0.01326863988 0 0 0 0 0 0 0 0.02047609794 0 0.0436000752 0 0 0 0.01241363441 0 0 0 0 0.008947709168 0 0 0 0 0 0 0.0143658492 0.0321068194 0 0 0 0 0 0 0.008007918836 0 0 0 0 0 0 0 0 0 0.09577192322 0 0.01261133681 0 0 0.001836391822 0 0 0 0 0 0 0 0 0 0 0 0 0 0 0 0 0 0 0 0 0 0.05176078789 0.01436231953 0 0 0 0 0 0 0 0.007001238406 0 0 0 0 0 0 0 0 0 0 0 0.02426403869 0 0 0 0 0 0 0 0 0 0 0.008138646684 0.01365806296 0 0 0 0 0 0 0 0.000270661934 0 0.01054982068 0 0 0.01638418509 0 0.01020166759 0.01406261847 0 0 0 0 0 0 0 0 0 0.000635473497 0 0 0 0 0.01288603947 0 0 0 0 0 0 0.009520237517 0 0 0 0.02067962352 0 0 0 0 0 0 0 0.0337265212 0 0 0 0 0 0 0 0 0 0 0.0101148214 0 0.009717585738 0 0 0 0 0 0 0.01203034414 0.01388125539 0 0 0 0 0.02485821609 0.00600367723 0.01068400623 0 0 0 0 0 0 0.02316412733 0 0 0 0.02515913535 0.02421905211 
0 0 0 0 0 0 0 0 0 0 0 0.02872402629 0 0 0 0 0 0 0 0 0 0 0 0 0.01959178189 0 0.007655810221 0.04088105582 0 0 0 0 0 0 0.004249698637 0.004496763497 0 0 0 0.04586360663 0 0 0 0 0 0 0 0 0 0 0 0 0 0 0 0 0 0 0 0 0 0.01296334532 0.01358842394 0 0.0518594883 0 0.03994158006 0.009876125625 0 0 0 0 0 0 0 0 0 0 0 0 0 0 0 0 0 0 0 0 0 0 0 0.01435516122 0 0 0.03480744348 0 0 0 0 0.003519083658 0 0 0 0 0.007713116001 0.00792597844 0 0 0 0 0.007780025742 0 0 0 0 0 0 0.02974510747 0 0 0 0.009918564981 0 0 0 0 0 0 0 0 0 0.03629250602 0.0114491629 0 0 0 0 0 0 0.01954162261 0.03569658811 0 0 0 0 0 0 0.03286671537 0 0 0 0 0 0.02664609267 0 0 0 0 0 0 0 0 0 0 0 0 0 0 0 0 0 0 0 0 0 0 0.009719464439 0 0.0159681328 0 0 0.02277198909 0.0086477423 0 0 0 0 0 0 0 0.02986115367 0 0 0 0.01428215468 0.04800545293 0 0 0 0 
0 0 0 0 0 0 0 0 0.0061171731 0 0 0 0 0 0.03854566981 0 0 0 0 0 0.02784076682 0 0 0 0 0 0 0 0 0 0 0.007067122027 0 0 0 0 0.006281576753 0 0 0 0 0 0 0 0 0 0 0 0.01440100923 0 0 0 0 0 0 0 0 0 0 0 0 0 0.02581205477 0.05645109593 0 0 0 0 0.008638500461 0 0 0 0 0 0 0 0 0 0 0 0 0.03704193995 0 0 0 0 0 0 0 0 0 0 0 0 0 0 0 0 0.05650420464 0 0 0 0 0 0 0 0 0 0 0 0 0 0 0 0.05827844897 0 0 0 0 0 0 0 0 0 0 0 0 0 0.01111367816 0 0.0116112945 0 0 0 0 0 0.00757745791 0.01094165303 0 0 0 0 0 0 0 0 0 0.0173523246 0 0 0.009252661171 0 0 0 0 0 0.04955453491 0 0 0 0 0 0 0 0.05491917749 0 0 0 0 0 0 0 0 0 0 0 0.02101545484 0 0 0 0 0 0.01754482417 0 0 0 0 0.01142713154 0 0 0 0 0.03873040463 0.053454957 0 0 0 0 0 0 
0.04124860622 0.007755668676 0 0 0 0 0 0 0 0.01480661917 0 0 0 0 0 0 0.006494369109 0 0 0 0 0 0 0.0371868136 0 0 0 0 0 0 0 0 0.01616524662 0 0 0 0 0.0282122182 0 0 0.04452409104 0 0 0 0 0.005414882831 0.009399757162 0 7.703040221e-05 0 0 0 0.03936094485 0 0 0 0 0 0 0 0 0 0 0 0 0 0.03155856304 0 0 0 0 0 0 0 0 0 0 0 0 0 0 0.01281408911 0 0 0 0 0 0 0 0 0 0 0 0 0 0.01161683545 0.01504520133 0 0 0.01343398696 0 0 0 0 0 0 0 0.02932702471 0.02284417538 0 0 0.0220589106 0 0 0 0 0.009743958716 0 0 0 0.02068308483 0 0 0 0 0 0.005482647343 0 0 0 0 0 0 0 0 0 0 0 0.0488820029 0 0 0 0 0 0 0 0 0 0 0 0 0 0 0 0.01870274534 0 0 0 0 0 0 0 0 0 0 0.05069212087 0 0 0 0 0 0 0.03189121275 0 0 0 0.04548281542 0 0 0.01989650501 0 0 0 0 0 0 0.03359056721 0.02094400091 0 0 0.05204315225 0 0 0 0 0 0.03871609585 0 0 0 
0.05909366321 0 0 0.04854112972 0.05004470432 0 0 0 0.01834085421 0 0 0 0 0.02774781811 0 0 0 0 0.006585687586 0.02948971806 0 0 0 0 0 0 0 0 0 0.02624374268 0 0.01973665724 0 0 0 0 0 0 0 0 0 0.01143301989 0 0 0 0 0 0 0 0 0.01059094511 0 0.01316457553 0 0 0.02105264384 0 0 0 0 0 0 0 0 0 0.04216345754 0.04381806398 0.05037438689 0.00690789678 0 0 0 0 0 0 0 0 0 0 0 0 0 0.01772812086 0 0 0.02193966074 0 0 0 0 0 0 0 0 0 0 0 0 0 0 0 0 0 0 0.02026462513 0 0 0 0.01185604176 0 0 0.04922260041 0 0 0 0.008547746417 0 0 0 0 0 0 0.01536554499 0 0 0 0 0 0.04960219353 0.02654145875 0.01508186969 0 0 0 0 0 0 0.01852969731 0 0 0 0 0 0 0 0 0 0 0 0.0100910617 0 0 0 0 0 0.01414897415 0 0.04088334288 0 0 0 0 0.018774924 0 0 0.01851054693 0 0 0.02801167568 0 0 0 0 0 0 0 0 0 0 0 0 0 0 0 0 0 0 0 0 0.03001886773 0 0 0.0402876169 0 0 0 0 0 0 0 
0 0 0 0 0 0 0.03754032857 0 0 0 0 0 0 0 0 0 0 0 0.02954585564 0 0 0 0 0 0 0 0 0 0 0 0.01337849009 0 0.03356363543 0 0 0 0 0 0.02751033433 0 0 0 0 0 0 0.03120371602 0 0 0 0.02908144754 0 0 0 0 0 0 0 0 0 0 0 0 0 0 0 0 0 0 0 0 0.04674360491 0 0 0 0 0 0.02580415837 0 0 0 0 0 0 0 0 0 0 0 0 0.05550025628 0 0 0 0.01148040752 0 0 0 0 0 0 0 0.009293618782 0 0 0.04891289877 0 0 0 0 0 0 0 0 0 0 0 0 0 0 0 0 0 0 0 0 0 0 0 0 0 0 0.05657268367 0 0.01680361973 0 0 0 0 0 0 0 0 0 0 0 0.01494487286 0 0 0.03045922955 0 0 0 0.03564645819 0 0 0 0 0 0 0 0 0 0 0 0.04632507989 0 0 0.01475873738 0 0.02238658818 0 0.02131400329 0 0.02310269604 0.01743408218 0 0 0 0 0 0.04083247595 0 0.01022874722 0 0 0 0 0 0 0 0 0 0.06532768895 0 0 0 0 0.01254629446 0 0 
0 0 0 0 0 0 0 0 0 0 0 0 0 0.009702004394 0 0 0 0 0 0 0 0 0 0 0 0 0 0.0368025843 0 0.01404091454 0.039393856 0 0 0.03459935594 0 0 0 0.02248674948 0 0 0 0.007438615733 0 0 0.03372570535 0 0 0 0 0.03369688752 0.03321408305 0 0 0 0 0 0 0 0 0 0.02443648188 0 0 0 0.009298619198 0 0 0 0.009267332884 0.002938056393 0 0 0 0 0.01199991866 0 0 0 0 0 0 0.01697423986 0 0 0 0 0 0 0 0 0 0 0 0 0 0 0 0 0 0 0 0 0 0 0.01409460306 0 0 0 0 0 0 0.01916385381 0 0 0 0.04635394902 0 0 0 0 0 0 0.00803785891 0 0 0 0 0 0 0 0 0 0 0 0 0 0 0.02489704064 0 0 0 0 0 0 0 0 0 0 0.01124430462 0 0 0 0 0 0.01997693011 0 0 0.04195506046 0 0 0 0 0 0 0 0 0 0 0 0 0 0 0 0 0 0.04770498919 0 0.01455560285 0.008762231369 0 0 0.02200653751 0 0 0 0 0 0 0 0 0 0 0 0 0 0 0 0 0 0 
0.006112160179 0 0 0 0 0 0 0 0 0 0 0 0 0 0.01261298567 0 0 0 0.01694033351 0 0 0 0 0 0 0 0 0 0 0 0 0 0 0 0.04318906101 0 0 0 0 0.006558906656 0 0 0 0 0 0 0 0 0 0 0 0 0 0.05833624868 0 0 0 0.01794839319 0 0 0 0 0.006779638145 0 0 0 0 0 0 0 0 0 0 0.02470048752 0 0 0 0 0.00803231713 0.05318715112 0 0 0 0 0 0 0 0 0 0 0 0 0 0 0.02399831603 0 0 0 0 0 0.01003697833 0 0 0.03702961476 0 0 0 0 0 0 0 0 0 0 0.011609364 0 0.00993217842 0 0 0 0.01979183871 0 0 0 0 0 0 0 0 0 0 0 0.02560636714 0 0 0 0.03033432034 0 0 0 0.02179538885 0 0 0 0.01479599829 0 0 0 0 0 0 0 0.02156089424 0.05622508143 0 0.0509627084 0 0 0 0.01927869015 0 0 0 0 0 0 0 0.02750727474 0.009169064288 0 0 0 0.0588589752 0 0 0 0 0 0 0 0 0 0 0 0 0 0 0.07920404864 0 0 0 0 0 0.05917365534 0 0 0 0 0 0 
0 0 0 0 0 0 0 0 0 0 0 0.005214196348 0.05633467877 0 0 0.007601241223 0 0 0 0 0 0 0.009979175618 0 0.03403870944 0.01276945214 0 0 0 0 0 0.04884493652 0 0.01960136485 0.008928631361 0.05598251661 0 0 0 0.008325332701 0 0 0 0 0 0 0 0 0 0 0 0 0 0.02409843522 0 0 0 0 0.01032282195 0 0 0 0.0501897571 0 0.04998236413 0.01690708016 0 0 0 0.02082123442 0 0.01262783306 0 0 0 0 0 0 0 0 0 0 0 0 0.03428457285 0 0 0 0 0 0.05752996857 0.009681987703 0 0 0 0 0 0 0.02692227448 0 0 0 0 0 0.009037093385 0.03452561685 0 0 0 0 0.01050090184 0 0 0 0 0 0 0.03784934481 0 0 0 0 0 0 0 0 0 0.02387003554 0 0 0 0 0 0 0 0 0 0 0 0 0 0 0 0 0 0 0 0 0 0 0 0 0 0 0 0 0 0 0 0 0.02418167254 0 0 0 0 0.01240564663 0 0 0.03152280748 0 0 0 0 0 0 0 0 0 0 0 0 0 0 0.01597898026 0 0.05832784132 0 0 0 0 0 0 0.01568130088 0 0 0 0 0 0 0 
0 0 0 0 0 0 0 0 0 0 0 0 0 0.02988943715 0.01874852704 0 0 0 0 0 0.02796250207 0 0.0211861897 0 0 0 0 0 0 0 0 0 0 0.007046954512 0 0 0 0 0.006944093234 0 0 0 0 0 0 0 0.00450342108 0.02044433043 0 0 0 0 0 0 0 0.03915681082 0 0 0 0 0 0 0 0 0 0 0 0 0 0 0 0 0.04788477825 0 0 0 0 0 0 0 0 0 0.0297476778 0 0 0 0 0.02287913825 0 0 0 0 0 0 0 0 0 0 0 0 0 0 0 0 0 0 0.00957549075 0 0 0.01976923985 0 0.05775643283 0 0 0 0.001832514877 0 0 0 0 0 0 0 0 0.02370050728 0 0 0 0 0 0 0 0 0.01371441464 0 0.008799840818 0 0 0 0 0 0 0.02581106921 0 0 0 0 0.01092604745 0 0 0.04696166977 0 0 0 0.02269329442 0 0 0.05585579164 0.03001023165 0 0.0191595297 0 0 0 0 0 0 0.033660327 0.02696154263 0 0 0 0 0 0 0 0 0 0 0 0 0 0 0 0 0 0 0.01696954553 0 0 0.008614277457 0 0 0 0 0 0 0.01452931255 0 0 
0.006062583087 0.01175728711 0 0 0 0 0.04667512365 0 0.04831675232 0.02683963281 0 0 0 0.01871005068 0 0 0 0 0.01236852069 0 0 0 0 0.03653894095 0 0 0.01562057871 0 0 0 0 0 0 0 0 0 0 0 0 0 0 0 0 0 0 0.01548825656 0 0 0 0 0 0 0 0 0 0 0 0.0344196457 0 0 0 0 0 0.02756017836 0 0 0 0 0 0 0 0 0 0 0 0 0 0 0.0281723714 0 0 0 0 0.02421998421 0 0.008306050647 0 0 0 0 0 0 0 0 0.02895664321 0 0 0 0.03346568218 0 0 0 0.02394599656 0 0.02239356558 0 0 0 0 0 0 0 0 0 0 0 0 0 0 0 0 0 0 0.02183611497 0 0 0 0 0 0.04011569123 0 0 0.0115048441 0 0 0 0 0.01411047754 0 0 0 0 0 0 0 0 0 0 0 0 0 0 0.01119596215 0 0 0.01375060741 0 0 0 0 0 0 0 0 0 0 0 0 0 0.01871794602 0 0 0 0 0 0 0 0.03742320849 0 0 0 0 0 0 0 0 0 0.05254713044 0 0 0 0 0 0 0 0 0 0 0.05692233465 0 
0 0 0 0 0 0 0 0 0 0 0 0 0 0 0.01017621035 0 0 0 0 0 0 0 0.02360960218 0 0 0 0 0 0 0 0 0 0 0 0 0 0 0 0 0 0 0 0 0 0 0 0 0 0.03249607701 0 0.05898963917 0 0 0 0 0 0 0 0 0 0 0.009092335022 0.02872251022 0.05857778252 0 0 0 0 0 0 0 0 0 0 0 0 0 0 0.05308180352 0 0 0 0 0 0 0 0 0 0 0.01216505151 0 0 0 0 0.02589496979 0 0 0 0 0 0 0 0 0 0 0 0 0 0 0 0.01018630478 0 0.05020774829 0 0 0.01838749992 0 0 0 0 0 0 0 0 0.01182324831 0 0 0 0 0 0 0 0 0 0 0.01133614035 0 0 0 0 0 0.02130096418 0.04397774776 0.0139153152 0 0.02563303957 0 0 0 0 0 0 0 0 0 0 0 0.02440393308 0 0 0 0 0 0.01174414969 0 0 0.00886998505 0 0 0 0 0 0.01939475903 0 0 0 0 0.01054007729 0.0189301493 0 0.006294459902 0.05150423653 0 0 0 0.01917853554 0 0 0 0 0 0 0 0 0 0 0 0 0.001080134124 0 
0 0 0 0 0 0 0 0 0 0 0 0 0 0 0 0 0 0 0 0 0 0 0 0 0.001087875201 0 0 0 0 0 0 0 0 0 0 0.03431453364 0 0 0.01439910417 0 0 0 0 0 0.03809284532 0 0.01503723227 0 0 0 0.03693163448 0 0 0 0 0.009428962721 0 0 0.01928481859 0 0 0 0 0 0 0 0 0 0 0.01928937815 0 0.02491563438 0 0.0105103524 0 0 0 0 0 0 0 0 0 0.02436082307 0 0 0 0 0.04670264197 0 0 0 0 0 0 0 0 0.07155686994 0.02941853319 0 0.00914059096 0 0.03039881211 0 0.03240313998 0 0.03933692942 0.009901015769 0 0.00876293886 0 0 0 0 0 0 0.01555855588 0.02513693113 0 0 0 0 0.01202755133 0 0 0.01140870402 0 0 0 0 0 0 0.01435723791 0.01999514778 0 0 0 0 0.02997889046 0.04923164375 0.01480315796 0 0 0.0190249663 0.03107270449 0 0 0 0 0 0 0 0 0.02605570463 0.01047225422 0 0 0 0 0 0 0 0 0 0 0 0.01228033305 0 0 0 0 0 0.02571618035 0 0 0.02319555047 0 0.05880498111 0 0 0 0 0 0.01923488488 0 0 0 0 0 0 0.05028487097 0 0 0 0 0 0 0 0 0 
0 0 0.03697967051 0 0.05577459967 0 0 0 0 0 0 0 0 0 0 0 0.04734423731 0 0 0 0 0 0 0 0.04406629498 0 0 0 0 0 0.03972637142 0 0 0 0 0 0 0 0 0 0 0 0 0.06577871402 0 0.06033219 0 0.05208397076 0.011677907 0.008515276234 0 0.0081661805 0 0 0 0 0 0.01276678751 0 0 0 0 0.0276614623 0 0 0 0 0 0 0 0 0 0 0 0 0 0 0 0 0.009810302598 0 0 0 0 0 0 0 0.03207700967 0 0 0.01141133796 0 0 0.01279079528 0 0.05711925444 0.01115803869 0 0 0 0 0 0 0 0 0.008818840823 0 0 0 0 0 0 0 0 0 0 0.04836851821 0 0 0 0 0 0 0 0.01916506137 0 0.02526771749 0 0 0 0.03699331067 0 0 0 0 0 0 0 0.008819679386 0 0 0 0 0 0 0 0 0 0 0.0328677079 0 0 0 0 0 0 0 0 0 0 0 0 0 0 0 0 0.05328804215 0 0 0 0 0 0 0.01468234086 0 0 0.003558470922 0 0 0 0 0 0 0 0 0.01343173534 0 0 0 0 0 0 0 0 0 0 0 0 0 0 
0.02456720792 0.01484279279 0 0 0 0.02557172435 0.04931355135 0 0 0 0 0 0 0 0 0 0 0 0 0 0 0 0.02319786335 0 0 0.00981653296 0 0 0 0 0 0 0 0 0 0.00789950586 0 0 0 0.006767459402 0.0106931868 0 0 0 0 0 0 0 0 0 0.01318519491 0.02235776731 0 0 0 0 0 0 0 0 0.01439336915 0.01575133563 0 0 0 0 0 0 0 0 0 0 0 0 0.01685818661 0 0 0 0 0 0 0.02649052782 0 0 0 0 0 0 0 0 0 0 0 0.01812366674 0 0 0 0 0.02361464602 0 0 0 0 0 0 0 0 0 0 0 0 0 0 0.01500460396 0.0007510787393 0 0 0.0268285846 0 0 0 0 0.05428193162 0 0 0.01171571814 0.04401015818 0 0 0 0 0 0 0 0 0 0 0 0 0.03196320323 0.01471171291 0 0 0.01230816067 0 0.02261313336 0 0 0.008418722646 0 0 0 0 0 0.004091139149 0.03479796045 0 0 0 0 0 0 0.01210595494 0.009329337915 0 0 0 0 0 0 0 0.03457739546 0 0 0 0.0346903956 0.02000205319 0 0 0 0 0 0 0 0 0.03841549398 0 0.04236983445 0 0 0 0 0 0 0 0 0 0 0.04247399885 0 
0 0.03784776303 0 0 0.03778519231 0.01044581532 0 0 0 0 0.04880996882 0 0.01138451406 0 0.007660044475 0.01017725475 0 0 0 0.01280544055 0 0 0.01142530896 0 0 0 0.02823447312 0 0 0 0 0 0 0.007372402886 0 0 0 0 0.05294822731 0 0 0.04048133051 0 0 0.01030884372 0 0.03705400074 0 0 0 0 0.02937066238 0 0 0 0 0 0 0.01336541575 0 0 0 0 0 0 0 0 0 0 0 0 0 0 0.007753770752 0 0 0 0 0 0 0 0 0 0 0 0.0008277515663 0 0 0 0.01853360745 0 0 0 0.01402168076 0 0 0 0 0 0 0 0 0.008536909263 0 0 0.01687861209 0 0 0 0.02105439156 0 0.05871912509 0 0 0 0.01714941842 0 0 0 0.03603526689 0 0 0 0 0 0.009495347811 0.04735917378 0 0.01194272512 0 0.01767454513 0 0 0 0 0 0.03147891968 0 0 0 0 0 0 0 0.04784633247 0 0 0 0 0.01386350292 0 0 0 0 0 0 0 0 0 0 0 0 0 0.0199820258 0 0 0 0.03745674386 0 0 0 0 0 0 0 0 0 0 0 0 0 0 0 0 0 0 0 0 0 0 0 0 0 0 0 0 0 0.05402197645 0 0 
0 0 0 0 0 0 0 0 0 0 0 0 0 0 0 0.01021584943 0 0.01148549023 0 0 0 0 0 0 0 0 0.01235313922 0 0 0 0 0 0 0 0 0 0 0 0 0 0.02789646923 0 0 0 0 0 0 0.0254423598 0 0.03960697475 0.06395883507 0 0 0.04155693471 0 0 0 0 0 0 0 0.001321614033 0 0.02868147317 0 0 0 0 0 0 0 0 0 0 0 0 0.05084950293 0.01245466722 0 0 0.03066711781 0.009401901682 0 0 0 0.02650320952 0 0 0 0 0 0 0 0 0 0 0 0 0 0 0 0 0.04767688567 0 0 0.01285135859 0 0 0 0 0 0 0 0 0 0 0 0.02115926256 0 0 0 0 0 0 0 0 0 0.0344662897 0.01801950639 0 0 0 0 0.02338669653 0.008949114264 0 0.03682209752 0.04392386328 0 0 0 0 0 0 0 0 0 0 0 0.0533909391 0 0 0 0 0 0 0 0 0 0 0 0 0 0 0 0 0 0 0.02857032815 0.02041698163 0 0 0.02538233875 0 0 0 0.02376890473 0 0 0 0 0 0 0 0 0 0 0 0 0 0 0 0 0 0 0 0 0 0 0 
0 0 0 0 0 0 0 0 0 0 0 0 0 0 0.0321448287 0.01541226934 0 0.03266520816 0 0.006937176286 0 0.009350510338 0 0 0 0 0 0 0 0 0 0 0 0 0 0 0 0 0.01456108271 0.01940045922 0 0 0.006938166964 0 0 0 0 0 0 0 0.03090183424 0 0 0 0 0 0 0 0 0 0 0 0.03379791366 0.007475968264 0.01157164363 0.008499505374 0 0 0 0 0.04191463326 0 0 0 0 0 0 0 0 0 0.05341973069 0 0 0 0 0 0 0 0 0 0.008343888229 0 0 0 0 0 0 0 0 0 0 0 0 0 0 0.03809171124 0 0 0.01472049659 0 0 0 0 0 0 0 0 0 0.04629942129 0 0 0.02069528568 0 0 0 0 0 0.02259402183 0.02712276952 0.02103338894 0 0 0 0 0 0 0 0 0 0 0 0 0 0 0 0 0 0 0 0 0.01160842705 0 0.007277011499 0.02116109225 0 0 0 0 0 0 0 0 0.03969122307 0.01065564044 0 0 0 0 0 0 0 0.01848678906 0 0 0 0.0494607953 0.02080245763 0 0 0.009626928828 0 0 0 0 0 0 0 0 0 0.03073341701 0 0.03319349461 0 0 0.018612333 0 0 0 0 0.003721197765 
0 0 0 0 0 0 0 0 0 0 0.006905579045 0 0 0 0 0 0 0 0.01641546351 0 0 0 0 0 0 0 0 0 0 0.01701421423 0 0 0 0 0 0 0.03052726566 0 0.03049346741 0 0 0 0 0 0 0 0 0 0.0459969236 0 0 0.008501471414 0 0 0 0 0 0.01176712222 0.04264155538 0 1.164338514e-05 0 0.03784866864 0.01795661489 0 0 0.05431972516 0.03878348055 0 0 0 0 0 0 0 0 0 0.003190804576 0 0 0 0.007172287391 0 0 0 0 0 0.02235658322 0 0.01526279189 0.01434920003 0 0 0 0.01618851693 0 0.01660532855 0 0 0 0.02162316166 0 0 0 0 0 0 0 0 0 0.03259727549 0 0 0 0 0 0 0 0 0 0 0 0 0.0117568538 0 0 0 0 0 0 0 0 0 0 0 0.07018297065 0 0 0 0 0 0 0 0 0 0.02223945334 0 0.02106374717 0 0 0 0 0 0.04685174892 0 0 0 0 0 0 0 0 0 0 0.02012331763 0 0 0 0 0 0.02368506329 0.04173482854 0 0 0 0 0 0 0 0.007350359629 0 0 0 0 0 0.01113151697 0 0 0 0.01172203404 0.05684663667 0 0 0 0 0 0 0.01058633525 0 0 
0 0 0 0 0 0.03374351464 0 0.01273601592 0 0.01384808485 0 0 0 0 0.007212279812 0 0.01021813865 0 0 0 0.03421095973 0 0 0 0 0 0 0.007168783211 0 0 0.0295591208 0 0 0.00681396596 0 0 0 0 0 0 0.04159693879 0.007548810304 0 0 0 0 0.006753899521 0 0.01590218422 0 0.03450339442 0 0 0.006991097108 0 0 0 0 0 0 0.04529719152 0 0.04654246743 0 0 0 0.008877829731 0 0 0 0.05129761756 0 0 0 0 0 0 0 0 0 0 0 0 0 0 0 0 0.07264952176 0 0 0.02248795047 0 0 0.01000430598 0.01101692242 0 0 0 0 0 0 0 0 0 0 0 0 0 0 0 0 0 0 0 0 0 0.01106886011 0 0 0 0 0 0 0 0 0.01904811376 0 0 0 0 0 0 0 0 0.04737195965 0 0 0 0 0 0 0 0 0 0 0 0 0 0 0 0 0 0 0 0 0 0.03907883797 0 0.02838598161 0 0 0.02292675386 0 0 0 0 0 0 0.02157016775 0 0.01110202248 0 0 0 0 0 0 0 0 0 0 0 0 0 0.05707404553 0 0.001037116476 0.01591518525 0 0 0 0 0.02089420588 0 0 0 0 0.02069300982 0 0 
0 0.01969562081 0 0 0 0 0 0 0 0 0 0 0 0 0 0 0 0 0 0 0 0 0.05727113732 0 0 0.05386814866 0 0 0.0124937645 0 0 0 0 0 0 0 0.01142645156 0 0 0 0 0.05939530115 0.01341850402 0 0 0 0 0.04747642827 0 0 0 0 0 0 0 0 0 0 0 0 0 0 0 0 0 0 0 0 0.02269805894 0 0 0.01706296504 0 0.007970622088 0 0 0 0 0 0 0 0 0.0175565676 0 0 0.0076038342 0 0.009832186407 0.0313881552 0 0.03594951665 0.04678872432 0 0 0 0 0 0 0 0 0.02152328565 0.01693033329 0 0 0 0 0 0 0 0 0 0 0 0 0 0 0 0 0 0 0 0 0.01150319877 0 0.01880954069 0 0 0 0 0 0 0 0 0 0.03694301734 0 0.01669560877 0 0 0 0.06014960809 0 0 0 0 0 0.01331456247 0.01538803854 0 0.05389030011 0 0 0 0 0 0 0 0 0 0 0.01139129886 0 0.06343557821 0 0 0 0 0 0 0 0 0 0 0 0 0 0 0 0 0 0 0 0 0 0 0 0 0.0482290309 0 0.007137420276 0.02866180732 0 0 0 0.02965221386 0.02038055346 0 0 0 0 
0 0 0 0 0 0 0.04112615753 0 0 0 0 0 0.02738707058 0 0 0 0 0 0 0 0 0 0 0 0 0 0 0.007255576951 0 0 0 0 0 0 0 0 0 0 0 0 0 0 0 0.02386552084 0 0 0 0 0 0 0 0.01533515483 0 0 0 0 0 0.007951457222 0 0 0 0 0 0 0 0 0 0 0.00763189568 0 0.0194986258 0 0 0 0 0.01062303168 0 0 0 0 0 0 0 0 0 0 0 0 0.01167973528 0 0 0.03179200507 0 0 0 0 0 0 0 0 0 0 0 0.0080413831 0.02031351982 0 0.008368021481 0 0.02483274093 0 0 0.03148513942 0 0 0.03824315881 0 0 0 0.008761473703 0 0 0 0 0 0 0 0.03317370429 0 0 0 0 0 0 0 0 0 0 0 0 0 0 0 0.0413369986 0 0 0 0 0 0 0 0.001322306415 0 0 0.01481251404 0 0 0 0.02496278992 0 0 0 0 0 0 0 0.0263692038 0 0 0.06099646367 0 0 0 0.02247657697 0 0.01755517971 0 0 0 0.03336110658 0 0.01861262626 0 0 0 0 0 0 0 0 0 0 0 0 0 0 0 0 0.01051053406 0.006509741353 0 
0 0 0 0 0 0 0 0 0.007928316958 0 0.0121416206 0 0 0 0 0.05620967112 0 0 0 0 0.03298995816 0 0 0 0 0 0 0 0.01523642053 0 0.006071647014 0 0 0 0 0 0 0.007101269393 0 0 0 0 0.01658540267 0 0 0.08500490494 0 0 0 0 0 0 0 0 0.04816442131 0.01710290942 0 0 0 0 0.005363308025 0 0.007714844523 0 0 0 0 0 0 0 0 0 0 0 0.02307279246 0 0 0.004379284082 0 0 0 0 0.01245985099 0.01527540633 0.01253142879 0.001405147048 0 0 0.0311517079 0 0 0 0 0 0 0 0 0 0 0.01084816266 0 0 0 0 0 0 0 0 0 0 0.002091793186 0 0 0 0 0 0 0 0 0 0 0 0 0 0 0 0 0 0 0.03633325485 0 0 0 0 0 0 0 0 0 0 0 0 0 0 0 0 0 0 0 0 0 0 0.01133092844 0.03380065385 0 0 0 0.01016257031 0 0 0 0 0 0 0 0 0 0.01985942442 0 0 0 0 0 0 0 0 0 0 0 0 0 0.01132083005 0 0 0 0 0 0 0.01619608581 0 0 0 0 0 0 0 0 0 0 0 
0 0.01532794002 0.04044722092 0 0 0 0 0 0 0 0.01451130269 0 0 0 0.02974699412 0.01027360028 0 0 0 0 0 0 0 0 0 0 0.007315648306 0 0 0 0 0.02257704847 0 0 0 0 0 0 0 0 0.04318647762 0 0 0 0 0 0 0 0 0 0 0 0 0 0.02223370228 0 0 0 0 0 0 0 0 0.01407484149 0.03283083907 0 0 0 0 0.007972062022 0 0 0 0 0 0 0 0 0.007950400631 0 0 0.01647135609 0 0.01345281772 0 0 0 0 0 0.009760324675 0 0 0 0 0 0 0 0 0.01627214591 0 0 0.01937792548 0.03993300934 0 0 0 0 0 0 0 0 0 0.01054067134 0 0 0 0 0.002572132507 0 0.02131037272 0 0 0 0 0 0 0 0 0 0 0.001848346657 0 0.01201012867 0 0 0.01489081744 0.01796452476 0 0 0 0 0 0 0 0.04052230941 0 0 0.01191670655 0 0 0 0 0 0.1062118252 0 0.0001993609993 0 0 0 0 0.032722882 0 0 0.02007405629 0 0 0 0 0 0 0 0 0 0 0 0 0 0 0 0 0.009984178823 0 0 0 0 0 0.03109263976 0 0.02417577361 0 0 0 0.01093406134 0 0 0 0 0 0 0 
0 0 0 0 0 0.01429703073 0 0 0 0 0 0 0 0.02567742737 0 0.008938957486 0 0.02937283747 0 0 0.04215244957 0 0 0 0 0.02850675242 0.01239986297 0 0 0 0 0 0 0 0 0 0.02678604474 0 0 0.01097007084 0 0 0 0 0 0 0 0 0 0 0 0 0.02250252395 0 0 0 0.01591877778 0 0 0 0 0 0 0 0 0 0 0 0 0 0.0219718487 0 0 0 0 0 0 0 0.0144178853 0 0 0 0 0 0 0 0 0 0 0 0.04310443402 0.009937216441 0.01060026852 0 0 0 0 0 0 0.009872199165 0 0 0 0 0 0 0 0 0 0 0 0 0.01346730772 0 0.01759842744 0 0 0 0 0 0 0 0 0 0 0 0 0 0 0 0 0 0 0 0 0 0 0 0 0 0 0.03573713073 0.01653309339 0.01186608153 0 0 0 0 0 0 0 0 0 0 0 0.04436866535 0 0 0 0 0 0.04352443068 0.02177776159 0 0 0.01496487306 0 0 0 0 0 0 0.03734524047 0 0 0 0 0 0 0 0 0 0 0 0 0 0 0 0 0 0 0 0 0.02258765922 0.01666457834 0.01575384895 0 0 0 0.004149161064 
0 0 0 0 0 0 0 0 0 0 0 0 0 0.009229317469 0 0 0 0 0 0 0 0.007541230415 0.04018288298 0 0 0.009934878498 0 0.04391947131 0.05974839852 0 0 0.006920038699 0 0 0 0 0 0 0 0 0 0 0 0 0 0 0 0 0 0.04166590433 0 0 0 0 0.009464619382 0 0 0 0 0 0 0 0 0 0 0 0.04061806552 0 0 0 0 0 0 0.01074025257 0 0.06183190963 0.0253127719 0.0110917238 0 0 0 0 0 0.03267990305 0 0 0 0 0 0 0 0 0 0.01346143434 0 0.03278285147 0.008843380846 0 0.0351559178 0 0 0 0 0 0 0 0 0.0477846397 0 0 0 0 0 0 0 0 0 0 0.01366077605 0 0 0.04066265573 0.01226198806 0 0 0 0 0 0 0 0 0 0 0 0 0 0 0 0 0 0 0 0.01731436943 0.03033457719 0 0 0 0 0 0.01579579699 0 0 0 0 0 0 0 0 0 0.04114305571 0 0 0 0 0 0 0 0 0 0 0.03858491088 0 0 0 0 0 0.00648858571 0.01031077447 0 0 0.03007514278 0 0 0 0 0 0 0 0 0 0.01168071245 0 0 0 0 0 0 0 0 0.01672502618 
0 0.01806567107 0 0.02843252474 0 0 0 0 0.05554290868 0 0 0 0 0.008730513483 0 0 0 0.00841340465 0 0 0.005234455279 0.02699741361 0 0 0 0 0 0 0.00184944761 0 0 0 0 0 0 0.02126241083 0 0 0 0 0.02629495291 0 0 0 0.029285615 0 0 0 0 0 0.002969578548 0 0 0 0 0 0 0.08628412201 0 0 0 0 0 0 0 0 0 0 0 0 0.01808977561 0 0 0.05223238916 0 0 0 0 0 0 0 0 0 0 0 0 0.01599664075 0 0 0 0 0 0 0 0 0 0 0 0 0 0.05202122288 0 0 0 0 0.01199649874 0 0 0.03344004921 0 0.03222584628 0 0 0.04472705162 0.0100195618 0.0495423383 0.03880677902 0 0 0 0 0.05255753877 0.07226693819 0 0 0 0 0 0 0 0 0.03870436793 0 0 0 0 0.04511291799 0.1165090965 0.01573123672 0 0 0 0 0 0 0 0 0 0 0 0 0.001075359046 0 0 0 0.01342192766 0 0.04244855555 0 0 0 0 0 0 0 0 0 0 0 0.04801921292 0.05544981596 0 0 0 0 0.01355720634 0 0 0 0 0 0 0 0 0 0.01352721899 0 0 0 0 0 0.01005651493 0 0.02606106606 0 0 0 0 0 0.05147206999 
0 0 0 0 0 0 0 0 0.02090542655 0.008860234381 0 0 0 0 0 0 0 0 0 0 0 0 0 0 0 0.01153520419 0 0 0 0 0 0.01841948098 0 0 0 0 0 0 0 0 0 0 0 0 0 0.0506059651 0 0 0 0 0 0 0 0.01206928429 0 0.02420601732 0 0 0 0 0 0 0 0 0 0 0 0.02683500837 0 0 0 0.01865087724 0 0 0 0 0 0 0 0 0 0 0 0 0 0 0 0 0.01199446478 0 0 0 0 0 0 0 0 0 0 0 0.005436789682 0 0 0.02692577653 0 0 0 0 0 0 0 0 0 0 0.02287592988 0.02043333543 0 0.01077736782 0 0 0 0 0.02383655689 0 0 0.06061470951 0 0 0.04604844753 0.01473787388 0 0 0 0 0.01202366207 0 0 0 0 0 0 0 0.01593816952 0.01446876344 0 0.02790614337 0 0 0 0.04231895179 0 0 0.009704495722 0 0 0 0 0 0 0 0 0 0.012536704 0 0 0 0.01744765567 0 0 0 0.01678831179 0 0 0 0.01288785282 0 0 0 0 0 0 0 0 0.04710144295 0.036652227 0 0 0 0.04192301657 0.02396027144 0 0 0.01300739235 0 0 0.02077782739 0 0 0 0 
0 0 0 0.02151123559 0.01604040062 0 0 0 0 0 0 0 0 0 0 0 0 0 0 0 0.04827338126 0 0 0.01297437585 0 0 0 0 0.0322560974 0 0 0 0 0 0 0.006826214633 0 0 0 0 0 0 0 0 0 0 0 0 0 0 0 0 0.01191872022 0.04525225202 0 0 0 0 0 0 0 0.03050424817 0 0 0 0 0 0 0 0.03989354724 0 0 0 0 0.01108006791 0 0 0 0 0 0 0 0.01693308442 0 0 0 0 0 0 0 0 0 0 0 0 0 0.009540268975 0.005039199748 0.01512126963 0 0.02403637001 0 0.02763830986 0 0 0 0 0 0 0 0 0 0 0 0 0 0 0 0 0.03875195023 0 0 0.04426807795 0 0 0 0 0 0 0.04329753549 0 0 0 0.03191971608 0.05478010699 0 0 0 0 0 0.01274086827 0 0 0 0 0.03733484408 0.03344059275 0 0 0 0.03364256907 0 0.03479089279 0 0 0 0 0 0 0.007654051206 0 0 0 0 0 0.03703636473 0 0.01779178172 0 0.04583879627 0 0 0.0434391039 0 0 0 0 0 0 0 0 0.01966121388 0 0 0 0 0 0 0 0 0 0 0 0.02701820223 0 0 0 0.02301374853 0 0 
0.005990361935 0 0 0 0 0 0 0 0 0.01664366978 0 0 0 0 0 0.0295203977 0 0 0 0 0.01407202981 0 0 0 0.01114912116 0 0 0 0 0 0 0 0 0 0 0 0 0 0 0.0304370835 0 0 0 0 0 0 0.01173041812 0 0.01314713847 0 0 0 0 0 0.05684058318 0 0 0 0.01302193396 0 0 0 0 0 0 0 0 0 0 0 0 0 0 0 0 0 0 0 0 0 0 0 0.05062291493 0.04095583143 0 0 0 0 0 0.03222291787 0.02675263516 0 0 0 0.01684132474 0 0 0 0 0 0.0408203583 0 0 0.05501174246 0 0 0 0 0 0.04301546705 0 0 0 0 0 0 0 0 0.01741611842 0 0 0 0 0.04005519552 0.007696698593 0 0 0 0 0 0 0 0.04421568258 0 0 0 0 0 0 0 0 0 0.00895041039 0 0 0 0 0 0 0.03298264775 0 0 0 0 0 0 0 0 0.01790079057 0 0 0 0 0 0.01750750178 0 0 0 0 0 0 0 0 0 0 0 0 0 0 0 0 0.002674688358 0 0 0 0 0 0 0 0 0 0.01091195196 0 0 0 0 0 0.01953914143 0.02081104563 0 
0 0 0 0.02099468088 0 0 0 0 0 0 0 0.05138427373 0 0 0 0 0 0 0 0 0 0 0 0.02203491366 0 0 0 0 0 0 0 0 0 0 0 0 0 0 0.01428454489 0 0 0 0 0 0.02980502532 0 0 0 0 0.01368344794 0 0 0 0 0 0.01443210827 0 0.01111304221 0 0 0 0 0 0 0 0 0 0 0 0 0 0 0 0 0 0.05672829204 0 0 0 0 0 0 0 0 0 0 0 0.01554483312 0 0 0 0 0 0 0 0.007956574011 0 0 0 0 0 0 0 0 0 0 0 0.04575102043 0.04588962106 0 0 0 0 0 0 0 0 0 0 0 0 0 0 0 0 0.01528608761 0 0.01363901379 0 0 0 0 0 0 0.03684600292 0.05439371597 0 0 0 0.01974508998 0 0 0 0 0 0 0 0 0 0.009951906703 0 0 0 0 0 0.01304417873 0 0 0 0 0 0.02425635032 0 0 0 0 0 0.004511786358 0 0 0 0 0.01671516355 0 0 0 0 0 0 0 0 0 0 0 0 0 0 0 0.0383656452 0 0 0 0.001584703409 0 0 0 0 0 0 0 
0 0 0 0.01714878382 0.01069676041 0 0 0 0 0 0 0 0 0 0 0 0 0 0.006646532982 0.00640643966 0 0 0 0 0 0 0 0 0.02550508914 0 0 0 0 0 0.03412035961 0 0.007131592483 0 0 0 0 0 0 0 0 0 0 0 0 0.007241448739 0.01726534719 0 0 0 0.04932511468 0 0 0 0 0.03303893346 0.009213228649 0 0 0 0.04677336688 0 0 0 0.04310160836 0 0.04636346658 0 0 0 0 0 0 0 0 0.01873669203 0.02103671118 0.008965498243 0 0 0 0 0 0 0 0 0 0 0.005752632307 0 0 0 0 0 0 0 0 0 0 0 0 0 0 0 0 0 0 0 0 0 0 0 0.01850994541 0 0 0 0 0 0 0.05959026501 0 0 0 0 0 0 0 0 0 0 0 0 0 0 0 0 0 0 0 0 0.01788415735 0.009271123991 0 0 0 0.01950790751 0.01309482246 0 0 0 0 0.01879946486 0.0257577596 0 0.02944808842 0 0.01046289403 0 0 0.03633948374 0 0 0 0 0.0296310798 0 0 0 0 0.01797432302 0 0 0.0270684371 0.01166762808 0 0 0.03439296714 0 0 0 0 0.03446241033 0.01953422125 0.01250384873 0.01428318076 0.06356662336 0 0.01368860247 0 0 0 0 0 0 0.03101886969 0 
0 0 0 0 0 0 0 0 0 0 0.008997001987 0 0 0 0 0.02742292897 0 0 0.03462672173 0 0 0 0.009444813131 0 0 0.01704799698 0 0.03413835413 0 0.03244657309 0 0 0 0 0.01531690876 0 0 0.04816471913 0.03014896598 0 0 0.01942627497 0 0 0 0 0 0 0 0 0 0 0 0.02853296208 0 0 0 0 0 0 0 0 0 0 0 0 0 0 0 0 0.05792581111 0 0 0 0 0 0.01083435053 0 0.005107818841 0 0 0 0 0.007375822099 0.02009411219 0 0 0.013822777 0 0 0 0 0.05662337231 0 0 0 0 0 0 0 0 0.02032771905 0.05323323851 0 0 0 0 0.02353100349 0 0 0 0 0.02548543118 0 0 0 0 0 0 0 0 0 0.01956127311 0 0 0.03750526147 0.1425161413 0 0 0.03799397862 0 0 0 0.006611713158 0 0 0 0 0 0 0 0 0 0 0 0 0 0.03068009234 0.01925870069 0 0 0 0 0.02732851486 0 0 0 0 0 0 0 0 0 0 0 0 0 0 0 0 0.02292481226 0 0 0 0 0.01687210318 0 0 0.0474979069 0.01253995622 0.01757716238 0 0 0.03089424362 0 0.02429501742 0.01050521828 0.0175159106 0 0 0 0 0 0 0 0 0 0 0 0.02646500475 
0.007265184523 0 0 0 0.009161303138 0.03001282692 0 0 0 0 0.0479829121 0 0 0 0.0252891355 0 0 0 0.03274610518 0 0 0 0.009506443731 0 0 0.008089405732 0.01267031698 0 0 0.0199212577 0 0 0 0 0.008910212215 0 0 0 0 0.03031690458 0 0.02930599388 0 0 0 0 0 0.02749144106 0 0 0 0 0 0.01164397516 0 0 0.02385892967 0 0.02854724275 0 0 0 0.006715244488 0 0.0138867 0 0.06258098587 0 0 0 0 0 0 0.0185207097 0 0 0 0 0 0 0 0 0 0 0 0 0 0.02576246223 0 0.0216763735 0 0.03380800902 0 0 0 0 0 0 0 0 0.03773165865 0 0.01917991925 0 0 0 0 0.007873986906 0 0.04154232763 0 0 0 0 0 0 0 0 0 0 0 0 0 0.04336496639 0.01229686418 0 0 0 0 0 0 0 0 0 0 0.03354587622 0 0 0 0 0 0 0 0 0 0 0 0 0 0 0 0 0 0 0.01614212059 0.02432154263 0 0 0 0.01057947611 0 0.02692465512 0 0 0 0.03943191022 0 0 0.05307255364 0 0 0 0 0 0 0 0 0 0 0.04211604199 0 0.0156473315 0.05322055831 0 0 0 0 0 0 0 0 0.02077240614 0 0 0 0 0 0 0 0.01023745482 
0 0 0 0 0 0.01896638226 0.003811182311 0 0 0 0 0 0 0 0 0 0 0 0.02256288442 0 0 0 0 0.01500488969 0 0 0 0 0 0 0 0 0 0 0 0.01833693394 0 0 0 0 0 0 0 0 0 0 0 0 0 0 0 0.05077763418 0.01263347667 0.01284768296 0.02155852061 0.05094347939 0 0 0 0.02099723558 0 0 0 0 0 0 0 0 0 0 0 0 0 0.05294000903 0 0.007907768785 0 0 0 0 0 0 0 0 0 0.02261478492 0 0 0.008843428107 0 0 0.001900577133 0 0.008211254132 0 0 0 0 0 0 0 0 0.02310573648 0 0 0 0 0 0 0 0 0 0.02488996113 0 0.004823723302 0 0 0 0 0 0 0 0 0 0 0 0 0 0 0 0 0 0 0 0 0 0 0 0 0 0 0 0 0 0 0 0 0 0 0 0 0 0 0 0 0 0 0.0455737267 0 0.04476789157 0 0 0.02654035575 0.05625768668 0 0 0 0 0.04911389611 0 0 0 0 0 0 0.05853859105 0 0 0.02814829565 0 0 0 0.02587557497 0 0 0.009258773545 0 0 0.03873054696 0.01124191786 0 0.01857807917 0 0 0.004139830227 0 0 0 0 0.02105529564 
0 0 0 0.007983451345 0 0.005869227843 0 0 0 0 0 0 0 0 0 0 0.02140545095 0.008776066281 0 0 0 0 0 0 0 0 0 0 0 0.02132738888 0 0 0 0 0 0 0.01888343874 0 0 0 0 0 0 0 0 0 0 0 0 0 0 0 0 0 0 0 0 0 0 0 0 0 0 0 0 0 0 0 0 0 0 0 0 0 0 0 0.0350692405 0 0.01812497895 0 0 0 0 0 0 0 0 0 0 0 0.01557530935 0 0 0 0 0 0.01570505029 0 0 0.03504159893 0 0.04060992248 0 0.02097377778 0 0 0.0340182835 0 0 0 0 0 0 0.01660467268 0 0 0.06236779843 0 0.009519794524 0.03103167208 0 0.001209207256 0 0 0 0 0.01149913526 0 0 0 0 0 0 0 0 0 0 0 0 0 0 0 0 0 0 0.03691309784 0 0.01111976168 0 0 0 0 0.03723219763 0.02353687193 0.03798338568 0 0 0 0 0.05188649668 0 0 0 0.01789009071 0 0 0 0 0 0 0 0 0 0 0 0 0.02763255237 0 0 0 0.01245586137 0 0 0 0 0 0 0 0 0 0 0 0 0 0 0 0 0 0 0 
0 0 0 0 0.004549296902 0 0 0.01799867371 0.02741129924 0 0 0 0 0 0 0 0 0 0 0 0 0 0 0 0 0 0 0 0 0 0 0 0.006092483421 0 0.01535829266 0 0 0 0.02169993109 0 0 0 0 0 0 0 0 0 0 0 0.01114723944 0 0.002947290162 0 0 0 0 0 0 0 0 0 0 0 0 0 0.003112272691 0.05980026819 0 0 0 0.01562639606 0 0 0 0 0 0 0 0 0 0 0 0 0 0.01029738699 0 0 0 0 0 0 0 0 0 0.02645167065 0 0.04563309361 0 0 0 0 0 0 0 0 0 0 0 0 0.01101252972 0 0.02311547611 0 0 0 0 0 0.01133550589 0.02804343588 0 0.01443668012 0 0 0 0 0 0 0 0 0 0 0 0.03000858602 0 0 0.0214527507 0.05390961682 0 0.02386844248 0 0.0604891065 0 0.04985426894 0 0 0 0 0 0 0 0 0 0 0 0 0 0 0 0 0 0 0 0 0 0 0 0 0 0 0 0.01177300193 0 0 0.01117145813 0 0 0.04134008889 0 0 0 0.05176893638 0 0 0.0107637814 0 0.01146703807 0 0 0 0 0 0 0 0 0 0 0 0.06053749966 0 
0 0 0.01293344697 0 0 0 0 0 0 0 0.1372492894 0 0 0 0 0 0 0 0.02040433031 0 0 0 0.008880653458 0 0 0 0 0 0 0 0 0 0 0 0.01684577136 0 0 0 0 0 0 0.04735185473 0 0 0 0.01328044967 0 0 0.02466629291 0 0 0 0 0 0 0 0 0 0 0 0 0 0 0.03085905126 0 0 0 0 0 0 0 0 0 0 0 0.008385180885 0 0.0258420422 0 0 0 0.05292906141 0 0 0 0 0 0 0 0 0 0 0 0 0 0.009562920159 0 0 0 0 0 0 0 0 0 0 0 0.01218504683 0 0 0 0 0 0 0.01330422044 0 0 0 0 0 0 0.01757908189 0 0 0 0 0 0 0 0 0 0 0.05122832046 0 0 0 0.01512412433 0 0.0352189763 0.01810471515 0 0 0 0 0 0 0.0125071046 0 0 0 0 0.01000408225 0 0 0 0 0 0 0 0 0 0 0 0.05700785906 0.01587883353 0 0 0 0 0 0 0.01410926601 0 0.01873230508 0 0.02247934962 0 0 0 0 0 0.01594810349 0.01165600521 0 0 0 0 0 0 0 0 0 0 0 0 0 0 0.01540038445 0 0 
0 0 0 0 0 0 0 0 0 0 0 0 0 0 0 0 0 0 0 0 0.006292917478 0 0.01354267863 0 0 0.006600104295 0 0.009374229018 0 0 0 0 0 0 0.008551068731 0 0 0 0.009552518595 0 0 0 0 0 0.0005036722546 0 0 0 0.0004569277373 0 0 0 0.03168999957 0 0 0 0 0.008663931923 0 0 0 0 0.05052085391 0.02296804517 0 0 0 0 0 0 0 0 0 0 0 0 0 0 0 0 0.01052481732 0 0 0.03936579562 0.01135164644 0 0 0.0129351806 0 0 0 0 0 0 0 0 0 0 0 0 0 0 0.01520678496 0 0 0 0 0 0 0 0 0 0 0 0 0.01218125815 0 0 0.05390186349 0 0.04690026096 0 0 0 0 0.04566911265 0.009761085425 0 0 0 0 0 0 0 0 0 0 0 0.01042418734 0 0 0 0 0 0 0 0 0 0.009666888079 0 0 0.03524709342 0 0 0 0 0 0 0 0 0 0 0 0 0 0 0 0 0 0 0 0 0 0 0 0 0.02465232626 0 0 0 0.04745294981 0 0 0 0 0 0 0 0 0 0 0 0 0 0.05672992325 0.04429570856 0 0 0 0 
0 0.02531483783 0 0.04214058322 0 0.03957160979 0 0 0 0.00545117969 0.007240133223 0 0 0 0 0 0.03460447781 0 0 0 0 0 0 0.01771066776 0 0 0 0 0.01209369786 0 0 0 0 0 0 0 0 0 0 0 0 0 0 0.04328735853 0 0.01988602398 0 0 0 0 0 0.007051370126 0 0 0 0 0 0 0 0 0 0 0.02159936212 0 0 0 0 0.03073146014 0 0 0.01031236972 0 0 0 0 0 0 0 0.01812640193 0 0 0 0 0 0.007583734209 0 0 0 0 0 0 0 0 0 0 0 0 0.02736637696 0 0 0 0 0.02229513731 0 0 0 0 0 0 0 0 0 0.01158904498 0.0350659426 0 0.002743637212 0.01917191432 0 0 0.01378269596 0 0 0.02532401306 0 0 0 0 0 0.01211749374 0 0 0 0.05231635965 0 0 0.00997198653 0 0 0 0 0 0 0 0 0 0.03976141439 0.0525726833 0 0 0 0.02021492627 0 0.02295281698 0 0 0 0 0 0 0 0 0 0 0 0 0 0 0 0 0 0 0 0 0 0 0 0 0 0 0 0 0 0 0 0 0 0 0 0 0 0 0 0 0 0 0 0 0 0.05699456583 0 
0 0 0 0.01582195385 0 0 0 0 0 0.01880715211 0 0 0 0.007483153241 0 0 0.01054522586 0 0 0 0 0 0.0151828329 0.0178279306 0.03919068387 0 0 0 0 0 0 0 0 0.01954731924 0 0 0 0 0 0 0 0 0.01277094175 0 0.01272884409 0 0.001070028155 0.03883143059 0 0 0.01446448128 0 0 0.04410237123 0 0 0.0035189475 0 0 0.04406771247 0 0 0 0 0 0 0 0 0 0 0 0.03078632909 0.01323279008 0 0.009996407407 0 0.04831995271 0 0 0 0 0.03819093941 0.04713050822 0 0 0 0.01261040399 0 0 0 0 0 0 0 0 0 0 0.011754993 0 0 0 0 0 0 0 0 0 0 0 0 0 0.04899602597 0.008014838437 0 0 0 0.0118069053 0.04428259891 0 0 0 0 0 0.04057061381 0 0 0 0 0 0 0 0 0 0 0 0 0.01263015367 0 0 0 0 0 0 0 0 0 0 0 0 0 0 0 0.01623032834 0.01130737812 0 0 0 0.05253115084 0 0 0 0.03162712673 0 0.03489719632 0 0.04670889599 0 0 0 0 0 0 0 0 0 0.01239292902 0 0 0 0 0 0.02422071992 0 0 0 0.06820067718 0.003290028279 0 0 0 0 0 0 0.01163325162 0.02474846672 0 0 0 0 0 
0.01440138711 0 0 0 0 0 0 0 0 0 0 0 0 0 0 0 0 0 0 0 0 0 0 0 0 0 0.05090041533 0 0 0 0 0 0.006614948548 0 0 0 0 0.01522774881 0.05039312939 0 0 0 0 0 0 0 0 0 0 0 0 0.02858188384 0 0 0 0.03375816394 0.04086434709 0 0 0 0 0 0 0 0 0 0 0.0237692039 0 0 0 0 0 0 0 0 0.02404449 0.008103195115 0.01423957748 0 0 0 0 0 0 0 0 0.03447029193 0 0 0.02668318601 0.03937228227 0 0 0 0 0 0 0 0.01136951762 0 0 0 0 0 0 0 0 0 0 0 0 0 0 0 0 0 0 0 0 0 0 0 0.01755126492 0 0 0.01432119546 0.06214807546 0 0 0.01273405633 0 0 0 0 0.01016629386 0 0 0 0 0 0 0 0 0 0 0.02543082706 0 0 0 0.01168026661 0 0 0 0 0.03448955279 0.05104525746 0 0 0 0 0 0 0 0 0 0 0 0 0 0 0 0 0 0 0 0 0 0 0 0 0.02313095474 0 0 0 0.01095041233 0 0 0 0 0 0.04044860078 0 0 0 0 0 0 0.01085103226 0 
0.03489811407 0.03810939543 0.005305889683 0 0 0 0 0 0 0 0 0 0 0 0 0 0 0 0 0 0 0.0264427924 0 0 0 0 0 0 0 0.01541388122 0 0 0 0 0 0 0 0 0 0 0 0 0 0.03891072702 0.04081344644 0 0 0 0 0 0 0 0 0 0 0 0 0 0 0 0.01790103208 0 0 0 0 0 0 0 0 0 0 0 0 0.03777686714 0.0046337589 0 0 0.03396759659 0.01300107387 0 0 0 0 0.01395666774 0 0.003217868333 0 0 0 0.012001274 0.01516851794 0.01427253412 0 0.03803245495 0 0.02769989141 0 0 0.04688913419 0.04199200039 0 0 0.007666140657 0.03159109786 0 0 0 0 0 0 0 0 0 0 0 0 0 0 0 0 0.02591193624 0 0 0 0 0 0 0 0 0 0.01826310603 0 0 0 0 0.01346248908 0 0 0 0.02906818283 0 0 0 0 0 0 0 0 0 0 0.03056875809 0 0.0533070137 0 0.009614078458 0 0 0 0 0 0 0 0 0 0 0 0 0 0.009379086617 0 0 0.0401473846 0 0.0334634578 0 0.01870333469 0 0 0 0 0.02620553298 0 0 0 0 0 0 0 0 0.0422251003 0 0 0 0.02446284493 0.0219526927 0 0 0 0 0 
0 0 0 0 0.0464240443 0 0 0 0 0.02098744974 0 0 0 0 0 0 0 0 0 0 0 0.02632258485 0 0 0 0 0 0 0.03155488028 0 0 0 0 0 0.0390107565 0 0 0 0.007910641026 0 0 0 0 0 0 0 0 0 0.02143139347 0 0 0 0 0.0009576076409 0 0 0.04343446516 0 0 0 0 0 0 0 0.04795609353 0 0 0 0 0 0 0 0 0 0 0 0 0 0 0 0 0 0 0 0 0 0 0 0 0 0 0 0.01756123936 0 0.03110143494 0 0 0 0 0.01614328648 0 0 0 0.02805408576 0 0.008391455309 0.01980098 0 0 0 0 0 0 0 0 0 0 0 0 0 0 0 0 0 0 0 0 0 0.04098281059 0 0 0 0 0 0 0 0 0.03409510015 0 0.02552285154 0.03254186196 0 0 0.03968824503 0 0 0 0 0 0 0 0 0 0 0 0 0 0 0 0 0 0 0.04663154238 0 0 0 0 0 0 0 0 0 0 0 0 0 0 0 0 0 0 0.01560499195 0 0 0 0.01018968858 0 0 0.009934381211 0 0 0.04144169836 0 0.02954823773 0 0 0 0 0 0 
0.05087832788 0 0 0 0 0 0.05123715769 0 0 0 0.006541948569 0.04062484938 0 0 0 0.01186837156 0 0 0 0 0 0 0.05839088907 0 0 0 0 0 0.0116822511 0 0 0 0 0 0.02955842931 0 0 0 0 0.03336042086 0 0 0 0.01131756922 0 0 0 0 0 0 0 0 0 0 0 0 0.02351350556 0 0 0 0 0 0 0 0 0 0 0 0 0 0 0.02968245551 0 0 0 0 0.021724821 0 0 0 0.007878940844 0 0 0 0 0 0 0 0.01401410976 0.01685345346 0 0 0.06382586799 0 0.02019668097 0 0 0.02195176101 0.01653254558 0 0 0.0223368412 0 0 0.04700819008 0 0 0 0 0 0.03223593761 0 0 0 0 0 0.008934997003 0 0 0 0 0 0 0.0178414808 0 0 0.01763531252 0 0 0 0 0 0.01247744026 0 0 0 0.008196107919 0 0 0 0 0 0.01105566166 0 0 0 0 0 0 0.01272924008 0.007965805628 0 0 0.02117231128 0 0 0 0 0 0 0.03332238011 0 0 0 0 0 0 0 0 0 0 0 0.05317533249 0 0.0134957094 0 0 0 0 0.04299259275 0 0 0 0 0 0 0 0 0.008215112827 0 0 0 0 0 0.020166327 0 0 0 0.04183287217 0 
0 0 0 0 0 0 0 0.01520772159 0 0 0 0 0 0 0 0 0 0 0.02470777141 0 0 0.02745417943 0 0 0.02377331874 0.01098178355 0 0 0 0.02103231341 0 0 0.0195378893 0.02594940405 0 0 0.02340851123 0 0 0 0 0 0 0 0 0 0 0 0 0.02437695103 0 0 0.07170698903 0 0 0.03029990023 0 0 0 0 0 0 0 0 0 0 0 0 0 0 0 0.00829366641 0 0.029661 0 0 0 0.03767103132 0 0 0 0 0 0 0 0 0 0 0 0 0 0 0 0 0 0 0 0 0 0.01574414007 0 0 0.03825714415 0 0 0.0127272358 0.02721428036 0 0.009603499576 0.06381298874 0 0 0 0 0 0 0.04369257191 0 0 0.01730944306 0.02636482888 0.05541817334 0.01310007913 0 0 0 0 0 0.02187637032 0 0 0 0 0.01795087969 0 0 0 0 0 0 0 0 0 0 0 0 0 0 0 0 0 0.05773256538 0 0.02068618724 0 0 0 0 0 0.0543370683 0 0 0 0 0 0.02804407705 0 0 0 0 0.0225593846 0 0 0 0.06703902612 0 0.02947633176 0 0 0 0 0 0 0.0254174228 0 0 0 0 0 0 0 0 0.02905107825 0 0.03824876453 0 0 0.04996751322 0 0 
0 0 0 0.04177503539 0.05814027731 0 0.07379819991 0 0.03550968288 0.008488914076 0.02517951946 0 0 0 0 0 0 0 0 0 0 0 0 0 0 0 0 0 0 0 0.03097186978 0 0 0 0 0 0 0.01301630092 0 0.02159078553 0 0 0 0 0 0.009632825296 0.01826332611 0 0 0 0 0 0 0 0 0 0 0 0.009481347102 0 0 0 0 0 0 0 0 0 0 0 0.02707170678 0 0.03417141623 0.02978291263 0 0 0 0 0 0.03353364125 0 0.00818980485 0 0 0 0 0 0 0.01421711406 0.04582332285 0 0 0 0 0 0 0.002120722485 0 0 0 0 0.0216546819 0.02131881216 0 0 0.02612901625 0 0.02206238967 0 0 0 0 0 0 0 0.04010915441 0 0 0 0 0.01982436632 0 0 0 0 0 0 0 0 0 0 0 0 0 0 0 0 0 0 0.01888336628 0 0 0 0 0.01321545186 0 0 0 0 0 0 0 0.02772924117 0 0 0.009892263386 0 0 0.02631598717 0.0533136259 0.01412863618 0 0.04372894585 0 0.05696845844 0 0 0 0.06042075951 0 0 0 0 0 0 0.003257868132 0 0 0 0 0.01713739606 0 0 0.05117481217 0 0 0 0 0.00193227891 0 0.03247029915 0 0 0 0 0 0 0.05548658959 0 0 
0 0 0.02817924556 0.04582220309 0 0 0 0 0 0.04757930306 0 0 0 0 0.00957928248 0 0 0 0 0 0 0 0 0 0 0 0 0 0 0 0 0 0 0 0 0 0 0 0 0 0 0 0 0 0 0 0 0 0 0 0 0 0 0 0.03486867097 0 0 0 0 0 0 0 0 0 0 0 0 0 0.01821319354 0 0 0.01641602181 0 0.01777764386 0 0 0 0.02135705998 0.03270196874 0 0.02735634525 0 0 0 0 0 0 0 0 0 0 0 0 0.01141836769 0 0 0 0 0 0.002026526746 0 0.05579947042 0.01595549034 0 0 0 0 0 0.05413779804 0 0 0.03040302025 0 0.0236411753 0 0 0 0 0 0.009426748349 0.05616666086 0 0 0 0 0 0.05811599255 0 0 0 0 0 0 0 0 0 0 0 0 0 0 0.01133272855 0 0 0 0 0.01712420742 0 0 0 0 0 0 0 0.00952738732 0 0 0 0 0.0199208382 0 0 0 0 0 0.04538225013 0 0 0 0.01788821282 0.02306795419 0 0 0 0 0.02643367144 0 0 0 0 0 0 0 0 0 0 0 0 0 0 0 0 0.009462692039 0 0 0 0.01170108607 0 0 0 
0.005925143866 0 0 0.0314949877 0 0 0 0 0 0.01390973636 0 0 0 0 0 0 0 0.01877628737 0.01879875559 0 0 0 0 0 0 0 0 0 0 0 0 0 0 0.01550220932 0 0 0 0 0 0 0 0 0 0 0 0 0 0 0 0 0 0 0 0 0 0 0 0.03784280808 0 0 0 0 0 0.00672758129 0 0 0.04674934655 0 0 0 0.01801855606 0 0 0 0 0 0 0 0 0 0 0 0 0 0 0 0 0 0 0 0 0 0 0 0 0 0 0 0 0 0.02665868235 0 0 0 0 0 0 0.01700295377 0 0 0 0.04226723026 0 0.02720188001 0 0 0 0 0 0 0.04604694106 0 0 0 0 0 0 0.006280214343 0 0.01167803809 0 0 0 0 0.03330152728 0 0.02117684498 0 0 0 0 0.01918977492 0 0 0 0 0 0 0 0 0 0 0 0 0 0 0 0 0 0 0 0 0 0 0.008945833783 0.03406125705 0.04288186664 0 0 0 0.02855926166 0 0 0.03406542828 0 0 0.03866880147 0 0 0.03211647168 0 0 0 0.03700473906 0 0 0.0149709161 0 0 0 0 0.02298236695 0 0 0 0 0 0 0 0 
0 0 0 0 0 0 0 0 0 0 0.008158578538 0.008823294112 0 0 0.02282569886 0 0 0 0 0.03091564326 0 0 0 0 0 0 0 0 0 0 0 0 0.04752302022 0 0 0 0 0 0 0 0 0 0 0 0.007748959501 0.00412182427 0.009497540185 0 0 0 0 0.03569976701 0 0 0 0.01013372285 0 0 0 0 0 0 0 0 0 0 0 0 0 0 0 0 0 0 0 0 0 0 0 0 0 0 0 0 0.04841873843 0.03904686261 0 0 0 0 0 0 0.01395878297 0 0 0 0 0 0.05286861456 0.01199407921 0.04240258415 0 0 0.0536157751 0 0 0 0 0 0.001002083573 0 0 0 0 0 0 0 0.04318877506 0.03356021011 0 0 0 0.04569453254 0 0 0 0 0 0 0.03290106079 0.04429917692 0 0 0 0 0 0 0 0 0.01446168782 0 0.01200759511 0 0 0 0 0 0 0 0.01319068789 0 0 0 0 0 0 0 0 0 0 0 0 0 0 0 0 0 0 0 0.01496901909 0 0 0 0.01009639059 0 0 0 0.01116514809 0 0.01360882677 0 0 0 0 0 0 0 0 0 0 0 0 0.01127285071 0 0 0 0 0 0 0 
0 0 0 0 0 0 0 0 0 0.0100810792 0 0 0 0.006109771601 0 0 0 0 0 0 0.01897277975 0 0.01479989974 0.03766727552 0 0 0.0004123945493 0 0 0.02293378214 0.02677186527 0 0 0 0 0 0 0 0.007765205026 0 0 0 0 0 0.04864901616 0 0 0 0.007042528127 0 0 0 0 0 0 0 0 0.04283406467 0 0 0.0184542186 0 0.01030605674 0 0 0 0 0 0 0 0 0 0 0 0 0 0 0 0.01434236312 0.02498028609 0 0 0 0 0 0 0 0.009415571023 0 0 0 0 0.0407074103 0 0.0282985051 0 0 0 0 0 0 0 0 0 0 0 0 0 0 0 0.01228107452 0.05967167214 0 0 0 0 0 0 0.008236253305 0 0 0 0 0 0 0 0.009459992401 0.02956735244 0 0 0 0 0 0.03326429468 0 0.01265913538 0 0 0 0 0 0 0 0 0 0.01239740877 0 0 0.0399241197 0 0.02020452193 0 0 0 0 0 0 0 0 0 0 0 0 0.04204504368 0 0.01768829659 0.04632199903 0 0 0 0 0 0 0 0 0 0 0 0 0.01384497242 0 0 0 0 0 0.07352140835 0 0.02818141697 0.05613235247 0 0 0 0 0 0 0 0 0.02124119472 0 0 
0 0.007937027072 0 0 0 0.02274911543 0 0 0.02173722818 0.01178260211 0 0 0 0 0 0 0.01199149558 0.03552873823 0 0 0 0 0 0.01741129962 0 0 0 0.00375687866 0 0 0 0 0 0 0 0 0 0 0 0 0 0 0 0 0.04791752693 0 0 0 0.01530996454 0 0 0 0 0.02678293559 0 0 0 0 0 0 0 0.06287591785 0 0 0 0 0 0 0 0 0 0 0 0 0 0 0 0 0 0 0 0.01066409573 0 0 0 0 0 0 0 0 0 0 0 0 0 0.04313755371 0.04970763498 0 0 0 0.01619248413 0 0 0 0 0 0 0 0 0 0 0 0 0 0 0 0.01847041886 0.03344240385 0.01813124745 0 0 0 0 0.001991901688 0 0 0 0 0 0 0 0 0.01051800826 0 0 0 0 0 0.04177105378 0 0 0 0.03062999081 0 0 0 0 0 0 0 0 0 0 0 0.02183006335 0 0.04537950061 0 0 0 0 0 0 0 0 0 0 0 0.01000709379 0 0 0 0 0 0 0 0 0 0 0 0 0 0 0 0 0 0 0 0 0.01109585657 0 0 0.01958549788 0.01695543567 0.03784926682 0 0 0 0 0 
0 0 0 0 0 0 0.04369769095 0 0 0 0 0 0 0 0 0 0 0 0 0 0 0 0 0.01051819904 0 0 0 0.03107758581 0 0 0 0 0.05115796799 0.02554477356 0 0.02034777753 0 0 0 0 0 0 0 0 0 0 0 0 0 0.0127391456 0 0 0 0 0.04834404831 0 0 0.01561320723 0 0 0 0 0 0 0 0 0 0 0 0 0 0 0 0 0 0 0 0 0 0 0 0 0 0 0 0 0.04205174783 0 0.03459182847 0 0 0 0 0.03351262862 0 0 0 0 0 0 0 0 0 0.0260627887 0 0 0 0 0 0 0 0 0 0 0.05106085003 0 0 0 0 0 0 0 0 0 0 0 0.05085343907 0 0 0 0 0 0 0 0 0 0 0 0 0.03579645903 0 0 0 0 0 0 0 0 0 0 0 0 0.01907386123 0.05132661679 0 0 0 0.01785729571 0 0 0 0 0 0 0 0 0.01899107877 0 0 0.02034040261 0 0 0 0 0 0 0.01135528132 0 0 0 0 0.02049234328 0 0.01673285186 0 0 0 0 0 0 0 0 0 0 0 0.01220488053 0 0 0.02276899703 0 
0 0 0 0 0 0 0 0 0 0 0 0 0.02798794202 0 0 0 0 0 0 0 0 0 0 0.007830664911 0 0.007896235688 0 0 0 0 0 0.01895406164 0 0 0 0 0 0 0 0.009702008037 0 0 0 0 0 0 0 0 0 0 0 0 0.0109920773 0.01515701521 0 0 0 0 0 0 0 0 0 0 0 0 0 0 0 0 0 0 0 0.01209746724 0 0 0.04074177158 0.0360789882 0 0 0 0 0 0 0 0.03314762114 0 0 0 0 0 0 0 0 0 0 0.05940493961 0 0 0 0 0 0 0 0 0 0 0 0 0 0 0 0 0 0 0 0 0 0 0 0 0 0 0 0 0 0 0 0 0 0 0 0 0 0 0 0 0.01236828518 0 0 0 0.02557342809 0 0 0 0 0 0 0.01882782028 0.009881840457 0 0 0 0.01178583866 0.03567035307 0 0 0 0 0.01105977115 0 0 0 0 0.01099147603 0 0.04213033174 0 0 0 0.02888761768 0 0 0 0 0 0 0 0 0.04581598971 0 0 0 0 0 0.01097225643 0.003163974513 0 0 0 0 0 0 0 0 0 0.01526201574 0 0.05030657425 0 
0.01314211752 0 0.008685243591 0 0 0 0 0.00590183372 0 0 0 0.01478723299 0.007347739893 0 0 0.009112490608 0.02010215418 0.0204613654 0 0 0 0 0 0.006579180607 0.04478578978 0 0 0 0 0 0 0.03683826588 0.04031306845 0 0 0.01428115279 0 0.05066553531 0 0 0 0 0.01393650567 0 0 0 0.007952074019 0.0110020362 0 0 0 0 0 0.03932088798 0.01898509007 0 0 0.0441177857 0 0 0 0 0.01002373672 0 0 0 0 0 0.0334540889 0 0 0 0 0 0 0 0 0 0 0 0 0 0 0 0 0 0 0 0 0 0 0 0.04786892482 0 0 0.01371001156 0 0.03801841136 0 0 0.03538192307 0 0 0 0 0 0 0 0 0 0 0 0.02699456782 0 0 0 0 0 0 0 0.04466950818 0 0 0 0 0 0 0 0.01500497926 0 0 0 0 0.04710066558 0 0 0 0 0.03154734841 0 0 0.0441103443 0 0 0 0 0 0 0 0 0 0 0.04292403027 0 0 0 0 0 0 0 0 0 0 0 0 0 0 0.03721314477 0 0 0 0 0 0 0 0 0 0 0 0 0 0 0 0.01313888604 0 0 0 0 0 0 0 0.01022987035 0 0 0 0 0 0.02856981828 0 0 
0 0.03595881098 0 0 0 0 0.01430907955 0 0 0.001357337394 0 0 0 0 0 0.05537163831 0.03393816324 0 0 0 0 0 0 0 0.0156948554 0.006704066512 0 0.03347534408 0 0.02363784434 0 0 0.01511260701 0 0 0 0.03009146643 0 0 0.03971830738 0 0.01431868064 0 0 0 0 0 0 0 0 0 0.02728357355 0.01444995686 0 0.0350854667 0 0.009422362906 0 0 0 0 0.02006283112 0 0 0 0 0 0 0 0 0 0 0 0 0 0 0 0 0.02785067616 0 0 0 0 0 0 0 0 0 0 0 0 0.0187412353 0 0 0 0 0.005370508395 0 0 0 0 0 0 0.01870000629 0 0 0 0 0.05249258657 0 0.07078923739 0 0 0 0 0.04078013684 0.04554902341 0 0 0 0.01984134626 0 0 0 0 0 0 0 0 0 0 0 0 0 0 0 0 0 0.01648232516 0 0 0 0 0 0 0 0 0 0 0 0.01809469858 0 0 0 0 0 0 0 0 0.02179911437 0 0 0 0 0.006105237914 0 0 0.03641299538 0 0 0 0 0 0.01354599693 0 0 0 0 0 0 0 0 0.03887283589 0.02949697613 0 0 0 0 0 0 0 0 0 0 0 0 0 0 0 0.0520589448 
0 0 0 0 0 0.006716108024 0 0 0 0 0 0 0 0 0.00666107255 0 0 0 0 0 0 0 0 0 0 0 0.006491270063 0 0.01499839218 0 0 0 0 0 0 0 0 0 0 0 0 0.00653534364 0 0 0 0 0 0 0 0.03031403505 0 0 0 0.0171430826 0 0 0.006970067139 0 0.02812093556 0 0.02300720181 0 0 0 0.01215192816 0 0 0 0 0 0 0 0 0.04526728326 0 0.04067955317 0 0 0 0 0 0 0 0 0 0 0 0 0 0 0.02000129633 0 0 0 0 0.04417917809 0.0170896252 0 0 0 0 0 0 0 0 0 0.02540615184 0 0.03342218012 0 0 0 0 0.003350352885 0 0.03617519013 0 0 0 0 0 0.02076642329 0 0 0 0 0 0 0 0 0 0.005977391682 0 0 0 0 0.01680252698 0 0 0.01793259692 0 0 0 0.03055116002 0 0.05224770368 0 0 0 0 0.05208889267 0 0 0 0 0.03753361386 0.01630784113 0 0 0 0 0 0.02150495308 0 0.03036242475 0 0 0 0 0 0 0 0 0 0.03546083708 0.02668159449 0 0 0 0 0.008828586531 0 0.01142659226 0 0 0 0 0 0 0.01248316292 0 0.02483963935 0 0 0 0.02711019854 0 0 0 0.0285290387 
0.01258191584 0 0.05124680148 0 0 0 0 0 0.01316342984 0 0 0 0 0 0 0 0 0 0 0 0.01208497552 0 0 0 0 0 0 0.05800018205 0 0.002493161548 0 0 0.03201889058 0 0.03042733753 0 0 0 0 0 0 0 0 0.01204004522 0 0 0.04327849444 0 0 0 0.05024243746 0 0 0 0 0 0 0 0 0 0 0.004066186545 0 0 0 0 0 0 0.0224458698 0 0.05058968999 0 0 0.05196808546 0 0 0 0 0 0 0 0 0 0.03340510698 0 0 0 0 0 0 0 0 0 0 0 0 0 0.04820744206 0 0.01511732852 0 0 0 0 0 0 0 0 0.01856003707 0 0 0 0 0 0 0 0 0 0.03208054597 0 0 0 0 0 0 0 0 0.01353431083 0 0 0 0 0 0 0 0 0 0 0 0 0 0 0 0 0 0 0 0 0 0 0.06219268461 0 0 0 0 0 0.04349911842 0 0.01081109602 0 0 0.05759633293 0 0.00680615863 0.04804272608 0.02672153674 0 0 0 0 0 0 0 0 0.004531578391 0 0 0 0.02555664733 0 0 0 0 0 0 0 0 0 0 0 0.01984681046 0 0 0 0 0 0 0.05461457242 0 0.02998756327 
0 0 0 0.04827790473 0 0 0 0 0.005708859319 0 0 0 0.009516672862 0 0 0 0 0 0.01340121626 0 0.006127571419 0 0 0 0 0 0 0 0 0 0 0 0 0 0 0 0 0 0 0 0 0 0 0.006990135617 0 0.04006835569 0 0 0 0 0.01279015085 0 0 0.01102211208 0 0 0 0 0 0 0 0 0.03256471232 0 0 0 0 0 0 0.00971880556 0 0.01310228546 0 0 0 0 0 0 0 0 0 0 0.01558323886 0 0.04465768917 0.00853647162 0 0 0 0 0 0.008082733766 0 0 0 0 0.0147796573 0 0 0 0 0 0 0 0 0.0348988773 0.03158125318 0 0 0.03362274794 0.04280543056 0 0 0 0 0 0 0.0307978867 0 0 0 0 0.007972615676 0.04198045752 0 0.00809586798 0 0 0 0 0 0 0 0 0 0 0 0 0 0 0 0 0 0 0 0.02730047063 0 0 0 0 0.02683259044 0.02351685013 0 0 0 0 0 0.06021258624 0 0 0 0.05218794544 0 0 0 0 0.03370607991 0 0 0 0 0 0 0 0 0 0 0 0 0.01164107086 0 0 0 0 0 0 0.01531097345 0 0.02888137939 0 0 0 0 0 0.05424708292 0 0.0172246889 0 0 0 
0 0 0 0 0 0 0 0 0 0 0 0 0 0 0 0.01700487709 0 0 0 0 0 0.009492927837 0.02143674106 0 0 0.01044761649 0 0 0 0 0 0 0 0 0.04884953136 0 0.008811862863 0 0 0.01458330498 0 0 0 0 0 0 0 0.0478796007 0 0 0 0.0132175025 0 0 0 0 0.007105583346 0 0 0 0 0 0 0 0 0 0 0 0 0 0 0 0 0 0.003720168698 0 0 0 0 0 0 0.03226359154 0.01565571815 0 0.01733595945 0 0 0.05363400077 0 0 0 0 0 0 0.02795130563 0 0 0 0.02201420256 0.002722478766 0 0 0 0 0.03565182505 0 0 0 0 0.03921846597 0.06230678665 0 0 0 0 0 0 0 0 0 0 0 0 0 0 0 0.06328576443 0 0 0.03137949704 0 0 0 0 0 0 0.04443799058 0 0 0 0.00148859178 0.01136522127 0 0 0 0 0 0.01048883316 0 0 0.01521541982 0.01098113852 0.04947483103 0 0 0.0264924162 0.01231819384 0 0 0.01691119655 0 0 0 0 0 0 0 0 0 0 0 0.05412182564 0.04268591733 0.02439050457 0.02270612544 0 0 0 0 0.01536653073 0 0 0.02428718689 0 0 0 0 0 0 0 0 0 0 0 0 0 0 0 0 0 
0.01451015552 0 0 0 0 0 0 0 0 0 0 0 0 0 0 0 0 0.007600123175 0 0 0 0 0 0.01565964945 0 0 0 0 0 0 0.02643133754 0.01449392621 0 0 0.02603853433 0.007282544499 0 0 0 0.02755786102 0.01458476443 0.008081774057 0 0 0 0 0 0 0 0 0 0 0 0 0 0 0 0.04898340765 0.03122907526 0 0 0 0 0 0 0 0 0 0 0.0167976552 0.01381924022 0 0 0 0.0407395657 0 0 0 0 0 0.0284413581 0 0 0.01501436036 0 0 0 0 0 0 0 0 0 0.009234655941 0 0 0.008625998433 0 0 0 0 0 0 0.03800886309 0 0 0 0.02192996304 0 0 0 0 0 0.01038041797 0 0 0 0.02677959375 0.01810470961 0 0 0.03602040402 0 0 0 0 0 0 0 0 0 0 0 0 0.04954972914 0.04871593039 0 0 0.03605542381 0 0 0 0 0.01808475665 0.01795800607 0.00374336944 0 0 0 0 0 0 0.02690902061 0 0 0 0 0 0 0 0 0 0 0.009825696119 0 0 0 0 0 0.03991756026 0 0.001990993213 0 0.0210512841 0 0 0.0549528132 0 0 0 0 0 0 0 0 0.01702498593 0 0 0 0 0 0 0.03374183189 0 0 0 0 0 0.02598873792 0 
0 0 0 0 0 0 0 0 0 0 0 0 0.008082059835 0.008463291718 0 0 0 0 0 0.04847329069 0.0237742591 0 0 0 0 0 0 0 0 0 0 0 0 0 0.042356425 0 0 0 0 0 0 0 0.007410102072 0 0.05394782318 0 0 0 0 0 0 0.04911898715 0 0 0 0 0 0 0 0 0 0 0 0 0 0 0 0 0 0 0 0 0 0 0 0 0 0 0.01541343974 0 0 0.02207688176 0 0 0 0.01734094795 0 0 0 0 0 0 0.01183059592 0 0 0 0 0 0 0 0 0 0 0 0.02809259083 0 0.0229005124 0 0.01647045997 0 0 0.02586816953 0 0 0 0 0 0 0 0 0.007468347148 0 0.03799481976 0 0 0 0 0 0 0.0241404894 0 0 0 0 0 0.01890751233 0 0 0 0 0 0 0 0 0 0 0 0 0 0 0 0 0.0181415005 0 0 0 0.02113944113 0 0 0.02758062892 0 0 0 0 0 0.01539576392 0 0 0 0 0 0 0 0 0 0 0 0 0 0.03299539812 0 0 0 0 0 0 0 0 0 0 0 0 0 0 0 0 0 0 0 0 
0 0.05921668427 0 0 0 0 0 0 0 0 0 0 0 0 0 0 0.008226206187 0.01840669993 0 0 0.01359007395 0 0 0.02239184742 0 0 0.002772008107 0 0 0.03577529596 0.006635042243 0.03584110938 0 0 0 0.02642465457 0.02098995913 0 0 0 0 0 0 0 0 0 0 0 0 0 0 0 0 0.05701728287 0.03828559211 0 0.0315633555 0 0 0 0 0 0 0 0 0 0 0 0 0.01705073157 0 0 0 0 0.05435939427 0 0.01199868522 0.02223331575 0 0 0.05107718468 0 0 0 0 0 0.008106811809 0 0 0 0 0.05660058605 0 0 0 0 0 0 0 0 0 0 0 0 0.01526512303 0 0 0.05035318587 0 0.03389251845 0 0 0 0 0.02428068408 0 0 0 0 0 0 0 0 0 0 0 0.05487464022 0.03351947215 0 0 0 0 0.009712421147 0 0 0 0 0 0 0.04603085513 0 0 0 0 0 0 0 0 0 0 0 0 0 0 0.01217233923 0 0 0 0 0.05449191474 0 0.05248507507 0.02900114192 0 0 0 0 0 0 0 0.02507246859 0 0 0 0 0 0.03702889493 0 0 0 0 0 0 0 0.04021732266 0 0.04888955014 0 0 0 0 0.002545781488 0 0 0 0 0 0 0 0.03269457244 
0 0 0.03257628474 0 0 0 0 0.02659250732 0 0 0 0 0 0 0 0 0 0.04127348204 0 0 0 0 0 0 0 0 0 0 0.01282026034 0 0.008285104685 0 0 0 0.0112327316 0 0 0 0 0 0 0 0 0 0 0 0 0.0408343669 0.0483655739 0 0 0 0 0 0 0 0 0 0 0 0 0 0 0 0 0 0.0128287522 0 0 0 0 0.007791447156 0 0 0 0 0 0 0 0 0.02349983492 0 0 0 0 0.0766495166 0 0 0 0 0 0 0 0 0 0 0.02959403482 0 0 0 0 0 0 0 0 0 0 0.01104962534 0 0.02365020053 0 0.05177438843 0 0 0.02072078382 0 0.03275487425 0 0 0 0 0 0.05531040808 0 0 0 0 0 0 0 0 0.0101661729 0.008698466386 0 0 0 0 0 0 0 0 0 0 0.0308732327 0 0.0142677635 0 0 0 0.01311739691 0.02417757328 0 0 0 0 0.019911198 0 0.1003490571 0 0 0 0 0 0 0 0 0 0 0.05687416849 0 0 0 0 0 0 0 0 0 0 0 0 0 0.04672378051 0 0 0 0 0 0 0.05075875136 0 0 0 0 0.03287237648 0 0.02104247204 0 0 0 
0 0 0.01094966582 0 0.05154552608 0 0 0 0 0.007526070974 0 0 0.009953786422 0 0 0 0 0 0.0006411236183 0 0 0 0 0.02689080147 0 0 0 0 0 0 0 0 0 0 0 0.03403656802 0 0 0 0 0 0 0 0 0 0 0 0.05062718714 0 0 0 0 0 0 0 0.06153608536 0 0 0 0 0 0 0 0 0 0 0 0 0 0 0 0 0 0 0 0 0.02007335027 0 0 0 0 0.05961808982 0 0 0 0.01201002643 0 0.03870892222 0 0 0 0 0 0 0 0 0 0.01510903799 0 0 0 0 0 0 0 0 0.01159600756 0.05713234938 0 0 0 0 0 0.01407741166 0.02100338898 0 0 0 0 0 0 0 0 0 0 0 0 0 0 0 0 0 0.005091746053 0 0 0 0 0 0 0 0 0 0 0 0 0 0 0.02556873637 0 0 0 0 0 0 0.02414023058 0 0 0.03093766806 0 0 0 0 0 0 0 0.02078715332 0 0 0 0 0 0 0 0.02721205849 0 0 0 0 0 0 0 0 0 0 0 0 0 0.04296517624 0 0.03151465005 0.02138160577 0 0 0.05338000467 0.0181482253 0.02775634487 0 0 0 0 
0 0 0.06040268225 0.04655909359 0 0 0 0.02187377956 0 0 0 0.02167893729 0 0 0 0 0 0.03113572354 0 0 0 0.02136818972 0 0 0 0 0 0.004048304018 0 0 0.004849009194 0 0 0 0 0 0.03055735801 0 0 0 0 0.04398915774 0.02566760239 0 0 0 0 0 0.00660224318 0.01410426429 0.03583163279 0 0 0 0.03642048557 0 0 0 0 0 0 0 0 0.01314637185 0 0 0 0 0 0 0 0 0 0 0.03984717228 0 0 0 0.01920439535 0 0 0 0 0.01024549417 0 0 0 0 0 0 0 0 0 0 0 0.01618286598 0 0 0 0 0 0 0 0 0 0 0 0 0 0 0 0 0 0 0 0 0 0 0 0 0 0 0 0 0 0 0 0 0 0 0.020400325 0 0 0 0 0 0 0 0.0171513417 0 0.02509610465 0 0 0.01806756566 0 0 0 0 0 0 0 0 0 0 0 0.05673334979 0 0 0.02789522247 0 0.01196000733 0 0 0 0.01735288982 0.01971797595 0.04494028749 0 0 0 0 0 0 0 0 0 0 0 0 0 0 0 0 0 0 0 0 0 0 0 0 0 0 0 0 0.0287144153 0.01578110115 0 0 0.01763375056 
0 0.05107782111 0 0 0 0.0515770523 0 0 0 0 0 0 0 0 0 0 0.008258871347 0 0 0 0 0.03823970326 0 0 0 0 0 0 0 0 0 0 0 0 0 0 0 0 0 0 0 0 0 0 0 0 0 0 0 0 0 0 0.008852402207 0 0 0 0 0 0.02901602495 0 0 0 0 0 0 0 0 0 0 0.01013019928 0 0.02909715606 0 0 0.01918857556 0 0 0 0 0 0.02123531412 0 0 0 0.0242675081 0 0 0.03745377845 0 0 0 0 0 0 0 0 0 0 0 0 0 0 0 0 0 0 0 0 0 0 0.05654023229 0 0 0 0 0.01641026554 0 0 0.02451940821 0 0.02540649107 0 0 0.0585537645 0 0 0 0 0 0 0 0.01833383704 0 0.02758705348 0.01618554733 0 0 0 0 0 0 0 0 0 0 0 0 0.03105322307 0 0 0 0.03454920113 0 0 0.01010969641 0.00971784136 0 0 0 0 0 0 0 0 0 0 0.06532112298 0.03311731352 0 0 0 0.001700075685 0 0 0 0 0 0 0 0 0 0 0 0 0 0 0 0 0 0 0 0 0.03307793597 0 0 0 0 0 0.05862760878 0 
0 0.00959606949 0 0.01051819439 0 0 0 0 0 0 0 0 0 0 0.01314568129 0 0 0 0 0 0 0 0 0 0 0 0 0 0 0 0 0 0 0 0 0 0 0 0 0.01365445807 0 0 0 0 0 0 0 0 0 0 0 0 0 0 0 0 0 0 0 0 0 0.04625979309 0.00739943112 0 0 0 0 0 0 0.02171830664 0 0.008903901094 0.006796329515 0 0 0 0.04266937735 0.02268845943 0 0 0.02154997471 0 0 0 0 0 0 0 0 0 0 0.03180556447 0.02833446518 0 0 0 0 0 0 0 0.02988258046 0 0 0 0 0 0 0 0 0 0 0 0.008142986135 0 0 0 0 0.01080428025 0 0.03149147083 0 0.04528842522 0 0 0 0.02580564928 0 0 0 0 0 0.05728034801 0 0 0 0 0 0 0.02496622287 0.03177471003 0.01785698166 0 0 0 0 0 0 0.02528389823 0 0.01011526182 0 0 0 0 0 0 0.009564426867 0 0 0 0 0 0 0 0 0.06115319222 0 0 0 0 0 0 0 0.01291488905 0 0 0.01595838952 0 0 0 0.0096011945 0 0 0 0.01272803403 0 0 0 0.01927040406 0 0 0 0 0.0461777486 0 0 0.02893223153 0 0 0.04236741498 
0 0 0 0 0 0 0 0 0 0 0 0 0 0 0 0 0 0 0.018700689 0 0 0 0.0451040161 0 0.02113247397 0 0 0 0 0.03994830299 0 0 0 0 0 0 0 0 0 0 0 0 0 0 0 0 0 0 0 0.02215032795 0.02964114254 0 0 0 0 0 0 0 0.02570999 0 0.03945929517 0 0 0 0 0 0 0 0.008747541981 0 0 0.05135146749 0 0 0 0 0 0 0 0 0 0 0.06423206443 0 0.02472375165 0 0.01122897549 0.01189396406 0 0 0 0 0 0 0.01887728515 0 0 0 0 0 0 0 0 0 0.02904180024 0 0 0 0.04381023993 0 0 0 0 0 0.01896565185 0.04552868876 0 0 0 0 0 0 0 0 0 0 0 0 0 0 0 0 0 0 0 0 0 0 0 0 0.02205264763 0 0 0 0.01097271901 0 0 0 0 0 0.01576224094 0.01379339801 0 0 0 0 0 0 0.01844014265 0 0 0 0 0 0.0225206492 0 0 0 0.05695683159 0 0 0.02263416898 0 0 0 0 0 0 0 0.03408574928 0 0 0 0.003245461131 0 0 0 0 0 0 0 0 0 0.0169456032 0 0 0 0.0557582275 0 0 
0 0 0 0 0 0 0 0 0 0 0 0 0 0 0 0 0 0 0 0 0 0 0 0 0 0 0.007986231448 0 0 0 0 0.006210579348 0.04110080993 0.02290675069 0 0 0 0.03823259393 0.02935138583 0 0 0 0 0 0 0.009475403952 0.06226708529 0 0 0 0.02971930008 0 0 0.0150029289 0 0 0 0.02342904819 0 0 0 0 0 0 0 0 0 0 0.006970722708 0.02092353031 0 0.044885503 0 0 0 0 0.01450252485 0 0.0257138405 0 0 0 0 0 0 0 0 0 0 0 0.04775392167 0 0 0 0 0 0 0 0 0 0 0.0411125932 0 0 0 0 0 0 0 0 0 0 0 0 0 0 0 0 0 0 0 0.01000548243 0 0 0.02813952265 0 0 0 0 0 0 0.009715088307 0.01545189838 0 0 0 0 0 0.01278575024 0 0 0 0 0.009451233805 0.04712469647 0 0 0 0 0 0 0 0 0.009714329659 0 0 0 0 0 0.02451130085 0 0.0305936177 0 0 0 0 0 0 0 0 0 0.06908126099 0 0 0.04333025818 0 0 0 0 0.05092773738 0 0 0 0 0.04380975854 0.003918594802 0 0.01781691536 0 0.01539253024 0 0 0 0 0 0 0 0 0 0 
0.01359949106 0 0 0 0 0 0 0 0.0246810635 0 0 0 0 0.02842655201 0 0 0 0 0 0 0 0 0.07462939364 0 0 0 0 0 0 0.02995168756 0 0.009175351139 0.03543678289 0 0.02164824213 0 0 0 0 0 0 0 0 0 0 0 0.03904418337 0 0 0 0 0 0 0 0 0 0 0 0.06265846611 0 0 0.006300395355 0 0.01814997611 0 0 0 0 0 0 0.006317974892 0 0 0 0 0 0.01038878066 0.009607036592 0 0 0 0 0 0 0.06122822172 0.0235784474 0 0 0.04672035801 0 0 0 0 0 0.01255984796 0 0 0 0 0 0.01135935855 0 0 0 0 0 0 0 0 0 0 0 0 0 0 0.01226558373 0 0 0 0 0 0 0 0 0 0.01873252934 0 0.01483288899 0 0 0 0 0.009103555764 0 0 0 0 0 0.02758099465 0 0 0 0 0 0 0 0.03702893951 0 0.009334456423 0 0.04453467964 0 0 0 0 0 0 0.01614835106 0 0 0 0 0 0 0 0 0 0 0 0 0 0 0 0 0 0.02111423649 0 0 0 0.05083380448 0 0 0 0 0 0 0 0 0 0 0.02648721498 0 0 0 0 0 0 0 0.01803122129 0 
0.06999975694 0.01897992199 0 0 0 0 0 0 0 0 0 0 0 0 0.01269909633 0.01379233215 0 0 0 0 0 0 0 0 0 0 0 0 0 0 0 0.009434629632 0.01017520159 0 0 0 0 0.0145289889 0 0.01736601366 0 0 0 0 0 0 0 0 0 0.0391789039 0 0 0 0.01868833809 0 0 0.04249718609 0 0 0 0.03299396508 0 0 0 0 0 0 0 0 0.02310473999 0 0 0 0 0 0 0 0 0 0 0 0 0 0 0 0 0 0 0.0556450659 0 0 0 0.01829930196 0 0.02103192631 0 0 0 0 0 0 0 0.009918251661 0 0 0 0 0 0 0 0 0 0 0 0 0.0119297209 0 0 0 0 0 0.04381144771 0.02029699014 0 0 0 0 0 0 0 0 0.01809998557 0 0 0 0 0 0 0 0.01335599441 0 0 0 0 0 0 0 0.002656150609 0 0 0 0.04759026622 0 0 0 0 0 0 0 0 0 0 0 0 0 0 0 0 0 0 0 0 0 0 0 0 0 0 0 0 0 0 0 0 0 0 0.004794936525 0 0 0 0 0 0.03371292402 0 0.02577057602 0 0 0 0 0 
0 0 0.001874653267 0 0 0 0.01032819183 0 0 0 0.007079986457 0 0 0.0189393954 0 0 0.009321915792 0 0.05771771293 0.02695052467 0 0 0 0 0 0 0 0 0 0 0 0 0 0 0 0 0 0 0.03472005648 0 0 0 0 0 0 0 0 0 0 0 0 0 0 0 0 0 0 0 0 0 0 0 0 0.07055037243 0 0 0 0 0.02799770025 0.00870867945 0 0 0 0 0 0 0 0.02823002803 0 0 0 0 0 0 0 0 0 0.009255204336 0.01659988749 0 0 0 0 0 0 0 0 0 0 0 0.0189242332 0 0 0 0 0 0 0.02542483052 0 0.008359573944 0 0 0 0 0 0 0 0 0 0 0 0 0 0 0.01208569243 0 0 0 0.01185292061 0 0.003145634758 0 0 0 0.01598896813 0 0 0 0 0 0 0 0 0 0 0.02926849518 0 0 0 0 0.03938010323 0 0 0 0 0 0.04307584312 0 0 0 0 0 0 0 0 0 0 0 0 0 0 0 0 0 0 0 0 0 0 0 0 0.05099546607 0 0 0 0 0 0 0.01116998339 0 0 0.03067537648 0.005086770052 0 0 0 0.002398578347 0 0 0 
0 0 0 0 0 0 0.03487097205 0 0 0.01110157465 0 0 0 0 0 0 0.01192001226 0.01866911615 0 0 0 0 0 0.01680243132 0 0 0.04522671183 0 0.06302461142 0.02410099754 0.007194786342 0 0.04180854409 0 0.01865217604 0 0 0 0 0 0.004809821314 0 0 0 0.02260630713 0 0 0.00902484852 0.02006150669 0.05648613166 0 0 0 0 0 0 0 0 0 0 0 0 0 0 0.02603734821 0.02047938803 0 0 0.00362400155 0 0.008011781344 0 0 0 0 0 0 0 0 0 0 0 0 0 0 0 0 0.02113869604 0.05090509686 0.02438732282 0 0 0 0 0 0.02828834036 0 0 0.05534383258 0 0 0 0 0 0 0 0 0 0 0 0 0.02951261636 0 0 0 0 0 0 0 0 0 0 0.04316728793 0 0 0 0 0 0 0 0 0 0.05034565473 0.02914526002 0 0 0 0 0.03087879571 0 0 0.04597729379 0 0 0.009038730251 0 0 0 0 0 0 0.02787482068 0 0 0 0 0 0 0 0 0 0 0.05464520173 0 0 0 0 0 0 0.02182173335 0 0 0 0.007258276869 0 0 0.0245530626 0 0 0 0 0 0 0.01344327145 0.04503794948 0 0 0.05303370702 0 0 0 0 0 0 0 0 0 0 0 0 
0 0 0 0.02153353259 0.02636195498 0 0 0.01720825491 0 0 0 0 0 0 0 0 0 0 0 0 0.01997259465 0.05804768792 0.02205911873 0 0 0 0 0 0.007463824469 0 0 0 0 0 0 0 0 0 0 0 0 0.007102698341 0 0 0.008234796588 0 0 0.03348291392 0 0 0.007290650275 0 0 0 0 0.0216284945 0 0.02043203963 0.007540895794 0 0.05683797162 0 0.006167602088 0 0 0 0 0 0 0 0 0 0 0 0 0 0 0 0 0 0 0 0.01575846472 0 0 0 0.05221313407 0.03591941969 0 0 0 0 0 0.01709774997 0 0 0 0 0 0 0.03903098979 0 0 0.008750669201 0 0 0 0 0 0 0.01758264596 0 0 0.05854308793 0 0.02985566244 0 0 0.03116788992 0.01459777947 0.008950296085 0 0.004994347223 0 0 0 0 0 0.02797791758 0 0 0 0 0 0 0.03623457306 0.009619423253 0.05674747293 0 0 0 0 0 0 0 0 0 0 0 0 0.01120225755 0 0 0 0.0116349061 0 0 0 0 0.01543179567 0.02574711682 0 0 0 0 0 0 0 0 0 0.0167103474 0 0 0 0.03247701584 0 0.02917626268 0 0 0 0 0 0 0 0 0 0.04194394011 0 0 0 0 0.02350746538 0 0 0.05751513505 0.05110762538 0 0 0 0 
0 0.01028614971 0 0 0 0 0 0 0.009859996143 0 0 0 0 0 0 0 0 0.04173759537 0 0 0 0 0 0 0 0 0.02728377122 0 0 0 0 0 0 0 0 0 0 0.009591559219 1.656007841e-05 0 0 0.01053802426 0 0 0 0 0 0 0 0 0.02881070802 0 0 0 0 0 0 0 0 0.01857739018 0.01534315185 0.0186297426 0 0 0.0300249995 0 0 0 0 0 0 0.02920838895 0 0 0 0 0 0 0 0 0 0.02210965928 0 0 0 0.04014609549 0 0 0 0.05239198689 0 0 0 0 0.002136850724 0.03109941331 0 0 0.020144946 0 0.01243221845 0.04220390681 0 0 0 0 0 0 0 0 0.007980167728 0.006145018108 0.01307544285 0 0 0 0.05225077037 0 0 0 0 0 0 0 0 0 0 0 0 0.01504045176 0.02065992533 0.01965349179 0.03023848441 0 0 0 0 0.04725172795 0.03273007091 0 0 0 0 0 0 0 0 0.001137856958 0 0 0.04287130131 0 0 0.02873150787 0 0.02727724323 0 0 0 0.04942746383 0.02221678522 0 0 0 0 0 0 0 0.009786218746 0 0 0 0 0 0 0 0 0.05053760545 0 0 0 0 0 0 0 0 0 0 0 0 0 0.003941989221 0 0 0 0 0 0 0 0.02231898598 
0 0 0 0 0 0 0 0.006191925351 0 0 0 0 0 0 0 0 0 0 0 0 0 0.0089187535 0 0 0 0 0 0 0 0 0 0.008989206285 0 0 0.05038348155 0 0 0.01120721359 0 0 0 0 0 0 0 0.01567411129 0 0 0.03696985046 0.02943048876 0.03298141874 0 0 0 0 0.04362095295 0 0 0 0 0 0 0 0.01190943362 0 0 0 0 0.0331520305 0 0.009378228361 0 0 0 0 0 0 0 0 0 0 0 0 0 0 0 0 0 0 0 0 0.0261768906 0 0 0 0.05961432232 0 0 0 0 0 0 0 0 0 0 0.01193305088 0 0.02846579231 0 0 0 0 0.02476308335 0 0 0 0 0 0 0 0 0 0 0 0 0 0 0 0 0 0 0 0 0 0 0 0.01003167064 0 0 0 0 0 0 0.01305719174 0 0.003877900587 0 0 0 0 0 0 0 0 0 0 0 0.05236516076 0 0 0 0 0 0 0 0.02490849543 0 0.04428636484 0 0 0 0 0.03654859877 0 0 0.03333185997 0 0 0.04184593896 0 0 0 0 0.05626786997 0 0.02444621024 0 0 0 0 0 0.02236450613 0 0 0 0 0 0.01699605091 0 
0 0.002750044404 0 0 0 0 0 0 0 0 0 0 0 0 0 0 0.02095586368 0 0 0 0 0 0 0 0.05625190284 0.01594802695 0 0 0 0 0 0.004822441897 0 0 0 0 0 0 0 0 0 0 0 0 0 0 0 0.01363008716 0 0.008270641203 0.009581316944 0 0 0 0 0.02617325502 0 0 0 0 0 0 0 0.02828827457 0 0.02082198078 0 0 0.01010819435 0 0.04234892279 0.009192033915 0 0.01512018323 0 0 0 0 0 0 0 0 0 0.01353015311 0 0.04250718288 0 0 0.03095661185 0 0 0 0 0 0 0 0.01237322872 0 0 0.01815772819 0.02135676093 0 0 0 0 0 0 0 0 0 0 0 0 0 0 0 0 0 0.03652643697 0 0 0 0 0 0 0 0 0 0 0 0 0 0 0 0 0 0 0 0.01363580034 0 0 0 0 0 0.008990806333 0 0.02544861078 0 0 0.03921176436 0 0 0 0 0.01928608425 0 0 0 0 0 0 0 0.01322097794 0 0 0 0.06192040693 0 0 0 0 0 0 0 0 0 0 0 0 0 0 0.04833784182 0 0 0 0 0 0 0 0 0 0 0 0 0.02354242956 0 0 0.01821507253 0 0.02802432618 
0 0 0 0 0 0 0 0 0 0 0 0 0 0 0 0 0 0.006524151474 0 0.01892881689 0 0 0 0.0354065838 0.01598713897 0 0 0 0 0 0.01123840449 0 0 0 0.009058318588 0 0.008837991544 0.05398020969 0 0.02094863402 0 0 0 0 0 0 0 0.02566968263 0.02373717285 0 0 0 0.01052983031 0 0 0 0 0.05090368403 0 0 0 0 0.008231760796 0 0 0 0 0.05843328128 0 0 0 0 0 0 0 0 0.02362571496 0 0.03149541198 0 0 0.007347316274 0 0 0.01898161322 0 0 0 0 0 0.0270568484 0 0 0.03071219969 0 0 0 0 0 0 0 0 0 0.01586145941 0 0 0 0 0 0 0.02636098175 0 0 0 0 0 0 0 0 0.01969295473 0 0 0 0 0 0 0 0 0 0 0 0 0 0 0 0 0 0 0 0 0.01941705496 0 0 0 0 0 0 0 0 0.00824807163 0 0 0 0 0 0 0.01233519865 0 0 0.02265201431 0 0 0 0 0 0 0 0 0 0 0 0.01100905121 0 0 0.05862442679 0 0 0 0 0 0 0 0 0 0 0 0 0 0 0 0.02611144929 0 0 0 0 0.04421480505 0.02616841523 0 0 0 
0 0 0 0 0 0 0.04315186684 0 0 0 0.00628269293 0 0 0 0 0 0 0 0 0.01660075552 0 0 0 0 0.02176539271 0 0 0 0 0 0 0.01185235516 0 0 0 0 0 0 0.006736676261 0 0 0.04924984714 0.08975466807 0 0 0.03167233558 0 0 0 0 0 0 0 0 0 0.05778024692 0 0 0 0 0 0 0 0 0 0 0 0 0 0 0 0 0 0.0473887861 0 0 0 0 0 0 0 0 0 0 0 0 0 0 0 0 0.04952260156 0 0 0.02068142281 0 0 0 0 0 0 0 0.01522174683 0 0 0 0 0.01106333137 0.008507481999 0 0 0 0 0 0.006126741906 0 0 0 0.03429782207 0 0 0 0 0 0 0.0348568321 0 0.02119664556 0 0 0 0 0 0 0 0 0.004794251719 0 0.01422140978 0 0 0 0 0.0399443555 0.01426773936 0 0 0 0 0 0 0 0.02163509446 0 0 0 0 0 0 0 0 0 0 0 0 0 0 0 0 0 0 0 0 0 0 0 0 0 0.01476628761 0 0 0 0 0 0 0 0.06213216986 0.01774116404 0 0 0 0 0 0 0.01883963884 0 0 0.04471071856 0 0 0 
# Events [psd_det/post_det.dat] N:
0 0 0 0 0 0 1 0 0 0 0 1 1 0 1 2 0 1 0 0 0 1 0 0 0 0 0 0 1 0 0 0 0 1 0 0 0 0 0 1 0 0 0 0 1 0 0 0 0 0 0 0 0 0 0 0 0 1 0 0 0 1 0 0 0 1 0 0 0 0 0 1 0 0 0 0 0 0 0 0 0 0 0 0 1 0 0 0 0 0 0 0 1 0 0 0 2 0 0 0 1 0 0 0 1 0 0 1 1 1 0 0 0 0 1 0 0 0 0 0 0 0 0 0 0 1 0 0 0 0 0 0 0 0 1 0 0 0 0 0 0 1 1 1 0 0 0 0 0 0 0 0 0 0 0 0 0 1 0 0 1 0 0 0 0 0 0 0 0 0 0 0 0 1 0 0 0 0 0 0 0 1 0 0 0 0 0 0 0 1 1 0 0 0 0 0 0 0 0 1 
0 1 0 0 0 0 0 1 1 0 0 0 0 0 0 1 0 0 0 1 0 0 0 1 0 0 0 0 0 0 1 0 0 0 0 0 0 0 0 0 0 0 0 0 0 0 0 0 0 0 1 0 0 0 0 0 0 0 0 0 0 0 0 0 0 0 0 0 0 0 0 2 0 0 0 0 0 0 0 0 1 0 0 0 0 0 0 0 0 0 0 0 1 1 0 1 0 1 0 0 0 1 2 0 0 0 1 1 0 0 0 0 0 1 0 1 0 0 1 0 0 0 0 0 0 0 0 0 0 0 0 0 0 0 1 0 0 0 2 0 1 0 1 0 0 0 0 0 1 0 0 1 0 0 0 0 0 0 0 0 0 0 0 0 0 0 0 0 0 0 0 0 0 1 1 0 1 2 1 0 0 1 0 0 1 0 0 0 0 0 0 0 0 1 0 0 0 0 0 0 
0 1 0 2 0 1 0 0 0 0 1 0 1 0 0 0 0 0 0 1 1 0 0 0 0 0 0 1 0 0 0 0 0 0 0 0 0 0 0 0 0 1 0 0 0 1 0 0 1 0 0 0 0 0 0 0 1 1 0 0 0 0 0 1 0 0 1 0 0 0 0 0 0 0 0 0 0 0 0 0 0 0 1 0 0 0 0 0 0 1 0 0 0 0 1 0 0 1 0 0 0 1 0 0 1 0 1 1 0 0 0 1 0 1 0 0 1 0 0 0 0 1 0 0 0 1 0 0 0 0 0 0 0 1 0 0 0 0 0 0 0 0 0 1 2 0 0 0 0 0 0 0 1 1 0 0 0 0 0 1 0 0 0 0 0 0 0 0 0 1 0 0 1 0 1 0 0 0 0 0 0 1 0 0 0 1 0 0 0 0 0 0 0 1 0 0 0 1 0 0 
1 0 0 1 0 0 1 0 0 0 0 0 0 0 0 0 0 0 0 0 1 0 0 2 0 0 0 0 0 0 0 0 1 0 0 0 0 0 0 0 0 0 0 0 0 0 0 0 0 0 0 0 1 0 0 0 1 0 0 0 0 0 0 0 0 0 0 0 0 0 0 0 0 0 0 0 0 0 0 0 0 0 0 0 1 0 0 0 0 2 0 0 0 0 0 0 0 0 1 0 0 0 0 2 0 0 0 0 0 0 0 0 1 0 0 1 0 0 0 0 0 0 0 0 0 0 0 1 0 0 0 1 1 0 0 0 0 0 0 0 0 0 0 0 0 0 0 0 0 0 0 0 0 1 0 0 0 0 0 1 0 0 2 0 0 1 0 0 0 3 0 2 0 1 0 0 1 0 0 0 0 1 0 0 0 0 0 0 0 0 0 0 0 0 0 0 0 0 0 0 
0 0 0 0 0 0 0 0 1 1 0 0 0 0 0 0 0 0 0 1 0 0 2 0 0 0 1 0 0 0 0 0 0 1 1 1 0 0 0 0 0 0 0 1 0 0 0 0 0 1 0 0 0 1 0 0 0 0 0 0 0 0 0 0 0 0 0 0 0 1 0 1 0 1 0 0 0 0 0 0 0 0 0 0 0 0 2 0 0 0 0 1 1 0 0 0 0 0 0 0 0 1 0 0 0 0 0 0 0 0 0 0 0 0 0 0 0 0 0 0 0 0 0 0 1 0 0 0 0 0 0 0 0 1 1 0 0 0 2 0 1 0 0 0 0 1 0 0 0 1 0 0 0 1 0 0 0 0 0 1 0 0 0 0 0 0 0 1 0 1 0 0 0 0 2 0 0 1 0 0 0 0 0 0 0 0 0 1 0 1 0 1 1 0 0 0 0 0 0 0 
0 0 0 0 1 0 0 0 0 1 0 1 0 1 0 1 0 1 1 1 1 0 0 1 1 1 0 1 1 0 0 0 0 1 0 0 0 0 0 1 0 1 0 0 0 0 0 1 0 0 0 0 1 0 0 0 0 0 0 0 0 0 0 0 0 0 0 0 0 3 0 0 0 1 0 0 1 0 0 0 0 0 0 1 0 0 0 1 1 1 1 1 1 1 0 0 0 0 0 0 0 0 1 0 0 0 0 1 0 0 0 0 1 0 1 0 0 1 0 0 0 0 1 0 0 0 0 1 0 1 0 0 0 0 0 0 0 1 0 0 0 0 1 1 0 0 0 0 0 0 0 0 0 0 0 0 0 0 0 0 0 0 0 0 0 1 1 0 0 0 0 0 0 0 1 0 0 1 1 0 0 0 0 0 1 0 0 0 0 0 0 0 0 0 0 0 0 1 0 0 
0 0 0 0 1 0 0 0 0 0 0 1 0 0 0 0 0 0 1 0 0 1 0 0 0 0 1 1 0 0 0 1 0 1 0 1 0 0 0 1 1 1 0 0 0 0 0 0 0 0 0 0 0 0 0 0 0 0 0 0 0 0 0 0 0 0 0 0 0 0 0 0 0 0 0 0 1 0 0 0 0 0 0 0 0 0 1 0 0 0 0 0 0 0 0 0 0 0 0 0 0 0 1 0 0 0 0 1 1 0 0 0 0 0 0 0 0 0 0 0 0 1 0 1 0 0 0 0 0 0 0 0 0 0 1 0 0 0 0 0 0 0 0 0 0 0 0 1 0 0 0 0 0 0 0 0 0 1 0 0 0 0 0 0 0 0 0 0 0 0 0 0 0 0 1 0 0 0 0 2 2 0 0 0 0 0 0 0 0 0 0 0 0 0 0 0 0 0 0 0 
0 2 0 0 0 0 0 0 0 0 0 0 1 0 0 0 1 0 0 0 1 0 0 0 0 0 0 1 0 0 0 0 0 1 0 0 0 0 0 0 0 0 0 0 0 0 0 0 0 0 1 1 0 0 0 0 0 0 1 0 0 0 0 0 0 1 0 0 0 0 1 0 0 1 0 0 0 0 0 0 0 1 0 0 1 0 1 0 1 0 0 0 0 0 0 0 0 0 0 0 0 0 0 0 0 1 0 1 0 0 0 0 0 0 0 0 0 0 0 0 0 0 1 0 1 0 0 0 1 0 1 1 0 0 0 0 1 1 1 0 1 0 0 0 1 1 2 0 0 0 0 0 0 0 1 0 0 0 0 0 0 1 0 0 0 0 0 0 0 0 0 0 0 0 0 0 0 0 0 0 1 0 0 0 0 0 0 1 0 0 0 0 0 0 0 0 0 0 0 0 
0 0 0 0 0 0 0 0 0 0 0 0 0 0 0 0 0 0 0 0 1 0 0 0 0 0 0 0 0 1 0 0 0 0 0 0 0 0 1 0 0 0 0 0 0 0 0 0 0 0 0 0 0 1 0 0 0 0 0 0 0 0 0 1 0 0 0 0 0 0 0 0 1 0 1 0 0 0 1 0 0 0 0 1 0 0 0 0 1 0 1 0 0 0 1 1 1 1 0 0 0 0 0 0 0 1 0 0 0 0 0 0 1 0 0 1 0 0 0 0 0 0 0 0 0 0 1 0 0 0 0 0 0 0 0 0 0 0 1 0 0 0 0 0 0 0 0 0 0 0 0 0 0 0 0 0 0 0 1 0 0 0 0 1 0 0 0 1 0 1 0 1 0 0 0 1 0 0 0 1 0 0 0 1 0 0 0 0 1 1 0 0 0 0 0 0 0 0 0 0 
0 1 1 1 0 0 0 0 0 0 0 0 0 0 1 0 0 0 1 0 0 0 1 1 0 0 0 0 0 0 0 0 0 1 0 0 1 0 1 0 0 0 0 0 1 0 0 0 0 0 0 0 1 0 0 1 0 3 1 0 0 0 1 0 0 0 0 0 0 0 0 1 0 0 0 0 0 0 0 1 0 0 1 0 0 0 0 0 0 0 1 0 0 0 0 0 0 0 0 0 0 0 0 1 0 1 1 0 0 0 0 1 0 0 0 1 1 0 0 0 0 0 0 1 0 0 1 0 0 0 0 0 1 1 0 0 0 0 0 0 1 0 1 0 2 0 0 0 0 0 0 1 0 0 0 0 0 1 0 0 0 0 0 1 0 0 0 0 0 1 0 0 1 0 0 0 0 1 0 0 0 0 0 1 0 0 0 0 0 0 0 1 0 0 0 0 0 0 0 1 
0 0 1 0 0 0 0 0 0 0 1 0 0 0 0 0 0 0 0 0 0 2 0 0 0 0 0 1 0 0 0 0 0 0 0 0 0 0 1 0 0 0 0 0 0 0 0 0 0 0 0 0 0 0 0 0 0 0 0 0 0 0 0 0 1 0 0 0 0 0 0 0 1 1 0 0 0 0 0 0 1 0 1 0 1 1 0 0 0 0 0 1 0 0 0 0 0 0 0 1 2 0 0 0 0 0 0 0 0 0 0 0 0 0 0 0 0 0 0 0 0 0 0 0 0 0 0 0 0 0 0 0 0 0 2 0 0 1 0 0 1 0 0 0 1 0 0 0 0 0 0 0 1 0 0 1 0 0 0 0 1 0 0 0 0 0 1 0 0 1 1 0 0 0 0 0 0 0 0 0 0 0 0 0 0 0 1 0 0 0 0 0 0 0 0 0 0 0 0 1 
1 0 1 0 0 0 0 0 0 0 0 0 0 1 0 0 0 0 0 0 0 0 0 0 0 0 0 0 0 0 0 0 0 0 1 0 0 0 0 0 0 0 0 0 1 0 0 0 0 0 0 0 0 0 0 0 0 0 0 0 0 0 0 0 0 0 0 0 0 1 0 0 0 0 0 0 0 0 0 0 0 0 0 0 0 0 1 0 0 2 0 0 0 1 1 0 0 0 0 0 1 0 0 0 0 1 1 0 0 0 0 0 0 0 0 0 0 1 0 0 0 0 0 0 2 0 0 1 0 1 0 0 1 0 0 0 0 0 0 0 0 0 0 1 0 1 0 0 0 0 0 0 0 0 0 1 0 2 1 0 0 0 0 0 0 0 0 0 0 0 3 0 0 0 0 0 0 0 0 0 0 0 0 0 0 0 0 0 0 0 0 0 0 0 0 0 0 0 0 0 
1 0 0 1 0 2 0 0 2 1 0 0 1 0 0 0 0 0 0 0 0 0 0 1 0 0 0 0 0 1 1 0 0 1 0 1 0 0 0 0 0 0 0 0 0 0 0 0 0 0 0 0 0 0 0 0 1 0 0 0 0 0 0 0 1 1 0 0 0 1 0 0 0 1 1 0 0 0 0 1 0 0 0 1 0 0 0 0 0 0 0 1 0 0 0 0 1 0 0 0 1 0 0 0 0 0 0 0 0 0 0 0 0 0 0 0 0 0 0 0 0 0 0 0 0 0 0 0 0 0 0 0 0 1 0 1 0 0 0 0 0 0 0 0 0 0 0 0 0 0 0 0 0 0 1 0 0 0 0 0 0 0 0 0 0 0 0 0 0 0 0 0 0 0 0 0 0 0 0 0 0 0 0 0 0 0 0 0 0 0 0 0 0 0 0 1 0 0 0 0 
1 0 0 0 0 0 0 0 0 0 0 0 0 0 0 3 0 1 0 0 0 0 0 0 0 0 0 0 0 0 1 0 0 0 1 0 0 0 0 1 1 0 0 0 0 0 2 2 1 1 0 1 0 0 0 0 0 0 1 0 0 1 0 0 1 0 0 1 0 0 0 0 0 0 0 0 0 0 0 0 0 0 0 2 1 1 0 0 0 0 1 1 1 0 0 0 0 0 0 0 0 1 0 0 0 0 0 0 0 0 0 0 0 0 0 0 1 0 0 1 0 1 0 0 0 1 0 0 0 0 0 0 1 0 0 0 0 0 0 1 0 1 0 0 0 0 0 0 0 1 0 0 0 0 1 1 1 0 0 0 0 0 0 0 1 1 0 0 0 0 0 0 0 0 0 0 0 0 0 0 0 0 0 0 0 0 0 2 0 0 0 0 0 1 0 0 0 1 0 0 
0 0 0 0 0 0 2 0 0 0 0 0 0 0 0 0 0 0 0 0 0 0 0 1 1 0 0 0 0 0 0 0 0 0 3 0 0 0 2 0 0 1 0 0 0 0 0 1 0 0 0 0 0 0 0 1 0 0 0 0 0 0 0 0 0 0 0 0 0 0 1 0 0 0 0 0 0 0 0 1 1 1 0 0 0 0 0 0 1 1 0 0 0 0 1 1 0 0 0 0 0 0 0 0 0 0 1 0 0 0 0 0 0 0 0 0 0 0 0 0 1 0 0 0 0 0 0 0 0 1 0 0 0 0 1 0 0 0 0 0 1 1 0 0 0 0 0 0 0 1 0 0 0 1 1 0 0 0 0 0 0 0 1 0 0 1 0 0 0 1 0 0 1 0 0 1 0 0 1 0 1 1 0 0 1 0 0 0 0 0 0 0 1 1 0 0 0 0 0 1 
0 0 0 0 1 0 0 0 0 0 0 1 1 0 0 0 1 0 0 1 1 0 0 0 0 0 0 0 0 0 1 0 0 0 1 0 0 0 0 1 1 0 0 0 0 1 0 0 0 0 0 0 1 0 0 0 0 0 0 0 0 0 0 0 0 0 0 0 0 0 0 0 0 1 0 1 0 0 0 0 1 1 0 0 0 0 0 1 0 0 0 0 0 0 0 0 2 0 1 1 0 0 1 0 0 0 0 0 0 0 0 1 0 0 1 0 1 0 0 0 0 0 0 0 0 0 0 0 0 0 0 0 0 0 0 0 0 0 0 0 0 0 0 1 0 1 1 0 0 0 0 0 0 0 0 1 0 0 1 0 1 0 0 0 0 0 0 0 0 0 0 0 0 0 1 0 0 0 0 0 0 2 0 0 0 0 1 0 0 0 2 2 0 0 0 0 0 0 1 1 
0 0 0 0 0 0 0 0 0 1 0 0 0 1 0 1 0 0 0 0 0 0 0 0 0 0 1 0 0 0 1 1 0 0 0 0 0 0 0 0 0 1 0 1 0 0 0 0 0 0 0 1 0 1 0 0 1 0 1 0 0 0 1 0 0 0 0 0 0 0 0 0 0 0 0 1 0 1 0 0 0 0 1 0 1 0 0 0 1 0 0 0 1 0 1 1 0 0 0 0 0 0 0 0 0 1 0 1 0 0 0 1 0 0 0 0 0 0 0 1 0 0 1 0 0 2 0 0 0 0 0 0 0 0 0 2 0 0 0 0 1 0 1 0 0 0 0 1 1 0 0 0 1 0 0 1 0 0 0 1 0 0 0 0 0 0 0 0 0 0 1 0 0 0 0 0 0 0 0 0 0 0 0 1 0 1 1 0 0 1 0 0 0 0 0 1 1 3 0 1 
1 1 0 0 0 0 0 0 0 0 0 1 0 0 0 0 0 2 0 0 0 0 1 1 0 0 0 0 0 0 0 0 0 0 0 0 0 1 0 1 1 0 0 0 1 0 0 0 0 0 0 0 0 0 0 0 0 0 0 2 0 1 0 0 0 0 0 0 0 0 0 0 0 0 0 1 0 0 0 0 1 1 0 0 0 0 0 0 0 0 0 1 0 0 0 0 0 0 0 0 1 0 0 0 1 0 0 0 0 0 0 0 0 0 0 0 0 0 0 0 1 0 0 0 0 0 0 0 0 0 0 0 0 0 0 0 0 0 0 0 0 0 1 0 0 0 0 0 1 1 0 0 0 0 0 0 1 0 0 0 0 0 1 0 0 0 1 0 0 1 1 0 0 0 0 1 1 0 0 0 0 0 0 1 0 1 0 0 0 0 0 0 2 0 0 0 0 0 1 0 
0 0 0 0 0 0 0 1 0 0 0 0 0 0 0 0 0 1 0 1 0 0 0 0 0 0 0 0 0 1 0 0 1 0 0 0 2 0 0 0 1 0 0 0 1 0 0 1 1 0 0 0 1 1 0 0 1 0 0 0 0 0 0 0 0 0 0 0 0 0 0 0 0 0 0 1 0 1 0 0 0 0 0 1 0 0 0 0 0 0 0 0 1 0 0 0 0 0 0 1 1 0 0 0 0 0 0 0 0 0 0 0 2 0 0 0 0 0 1 1 0 0 0 0 2 1 0 0 0 0 0 2 1 0 0 0 0 0 0 0 1 0 0 0 1 0 0 0 0 0 0 0 0 0 0 0 0 0 0 1 0 1 0 0 0 0 1 1 0 0 0 0 0 0 0 0 0 1 1 0 0 0 0 0 1 0 0 0 0 0 0 0 0 0 0 0 0 1 0 0 
0 0 1 0 0 0 0 0 0 0 0 0 0 1 0 0 0 0 0 0 0 0 0 1 1 0 1 0 1 0 0 0 1 0 1 0 1 0 0 1 0 0 0 0 0 0 0 0 0 0 0 1 0 1 0 0 0 0 1 0 0 0 0 0 0 0 0 1 2 0 0 0 1 0 0 0 0 0 0 1 0 1 1 0 0 0 1 0 0 0 0 1 0 1 0 0 0 0 0 0 0 1 0 0 0 1 0 0 0 0 0 0 0 0 0 0 0 0 0 1 0 0 0 0 0 0 0 0 1 1 0 0 0 0 0 0 0 0 1 0 0 0 0 0 1 0 0 0 0 0 0 0 0 1 0 0 0 1 1 0 0 1 0 1 0 0 0 0 0 0 0 0 0 0 1 0 0 1 0 0 0 0 1 0 0 0 0 0 0 0 1 0 0 1 0 2 0 1 0 0 
0 0 0 0 0 0 0 0 0 0 0 0 0 0 0 0 0 0 0 0 0 0 0 0 0 1 1 0 0 0 0 0 0 0 0 0 0 0 1 0 1 0 0 1 0 0 1 1 1 0 0 0 0 0 0 2 0 0 0 0 2 0 0 0 0 0 0 0 1 1 1 0 0 1 0 0 0 0 0 0 0 0 0 0 0 0 1 0 0 0 0 0 0 2 0 0 0 0 1 0 0 0 0 2 0 0 0 0 1 0 0 0 1 0 0 0 0 0 0 1 1 0 0 0 0 0 0 0 0 1 0 1 0 1 0 0 0 1 1 0 0 0 0 0 0 0 0 1 0 1 0 0 1 0 0 0 0 1 0 0 0 1 0 0 0 0 0 0 0 0 0 0 0 0 0 0 0 0 0 0 0 0 0 0 0 0 0 0 0 0 0 0 0 0 0 0 0 0 1 0 
0 1 0 0 0 0 0 0 0 1 1 0 0 0 0 1 0 0 1 0 0 1 0 0 0 0 0 0 0 0 0 0 0 0 0 0 0 0 0 0 0 0 0 0 0 0 1 0 1 0 0 1 0 0 2 0 0 0 0 0 0 0 0 0 0 0 0 0 0 0 0 0 0 0 0 1 0 0 0 0 1 1 0 0 0 0 0 0 0 0 0 0 2 0 1 0 0 0 0 1 0 0 1 0 0 0 0 1 0 0 0 0 0 0 0 0 0 0 1 0 0 2 0 0 0 0 0 0 0 0 0 1 0 1 0 0 1 1 0 0 0 0 0 0 0 1 0 1 1 0 0 0 0 0 0 0 0 0 0 0 0 0 0 1 0 0 1 0 1 0 0 0 0 0 0 0 0 0 0 0 0 0 0 0 1 0 0 0 0 0 1 0 0 1 0 0 0 0 0 0 
0 0 0 0 0 0 0 0 0 1 0 1 0 0 0 0 0 0 0 0 0 0 0 0 1 0 0 0 0 2 0 0 0 0 1 0 0 0 0 0 0 1 2 0 0 0 0 0 0 0 1 0 0 0 0 1 1 0 0 1 0 1 0 0 0 0 0 0 0 0 0 0 0 0 0 0 1 1 0 0 0 0 0 0 1 1 0 0 1 0 1 0 0 1 0 1 0 0 0 0 0 0 0 0 0 0 2 0 0 2 0 1 0 0 0 0 0 0 0 0 0 0 0 0 0 0 0 0 0 0 0 0 1 0 0 0 0 2 0 0 0 0 1 0 0 0 0 0 0 0 0 0 0 0 0 0 0 0 0 0 0 0 0 0 0 1 0 0 0 0 0 0 0 1 1 0 0 1 0 0 0 0 1 0 0 1 0 0 0 0 0 0 1 0 0 0 0 0 0 0 
0 0 1 0 0 1 0 0 1 0 0 0 1 0 0 2 0 0 1 0 0 0 0 0 0 0 0 1 0 0 0 1 0 0 1 0 1 0 0 0 0 0 0 1 0 0 0 0 0 1 0 0 1 0 0 0 1 0 0 0 0 1 0 0 0 0 0 0 0 0 0 0 0 0 0 0 0 0 0 0 2 0 0 0 1 0 0 0 0 0 0 0 0 0 0 0 0 0 1 0 0 2 0 0 0 0 0 0 0 0 0 1 0 0 1 0 0 0 0 0 0 0 0 0 0 0 0 0 0 0 1 0 0 1 0 0 0 0 1 0 0 1 0 0 0 1 1 0 0 0 0 0 0 1 1 0 1 0 0 0 0 0 0 0 0 1 0 0 0 0 0 2 0 0 1 0 0 1 0 0 0 1 1 0 0 0 0 0 0 1 1 0 0 0 2 0 0 0 0 0 
1 0 0 1 0 0 0 0 1 0 1 0 0 0 1 0 0 0 0 0 0 0 0 0 1 0 0 1 0 0 0 0 0 2 0 0 1 1 0 0 0 0 0 0 0 0 0 0 0 0 0 0 1 1 0 0 0 0 0 0 0 0 0 0 1 0 1 0 0 0 0 0 0 0 0 0 1 0 0 0 0 0 0 0 0 0 1 0 1 0 1 0 1 0 0 0 0 0 0 0 0 0 0 0 0 2 0 0 0 0 0 1 0 0 0 0 1 1 0 0 0 1 0 0 0 1 0 0 0 0 0 0 0 0 0 0 0 0 0 0 0 1 0 0 0 0 0 1 1 0 1 0 0 0 1 0 0 0 0 1 0 1 0 0 0 0 0 1 0 0 0 0 0 0 0 0 0 0 1 1 0 0 0 0 0 0 0 0 0 0 0 1 0 0 0 0 0 0 2 0 
0 0 0 0 0 0 0 0 0 0 0 0 0 0 1 1 0 0 0 0 0 0 1 0 0 0 0 0 0 0 0 0 3 0 1 0 0 0 0 1 0 0 0 0 1 1 0 0 0 0 0 1 1 0 0 2 0 0 0 1 0 0 0 0 1 2 0 0 0 0 0 0 0 0 0 0 1 0 0 0 0 0 0 0 0 0 0 0 0 0 0 0 0 0 0 0 1 0 0 0 0 1 0 0 0 0 0 0 0 0 0 0 0 0 0 0 0 1 0 1 0 0 0 0 0 0 0 0 0 0 1 0 0 0 0 0 0 0 1 0 0 1 0 0 1 1 0 1 1 0 0 0 1 0 0 0 0 0 0 0 0 0 0 0 0 2 0 0 0 0 0 0 0 0 0 0 1 0 0 0 0 0 0 0 0 0 0 0 1 0 0 2 0 0 1 0 1 0 0 1 
0 0 0 0 0 0 0 0 0 0 0 0 1 0 2 1 0 0 0 0 0 1 0 0 0 0 0 1 0 0 1 0 0 0 0 0 2 0 0 0 0 0 1 0 0 0 0 0 0 0 1 0 0 0 0 0 0 0 2 0 0 0 0 0 1 1 0 0 0 0 0 0 0 0 0 0 1 2 0 0 0 0 0 1 0 0 0 0 0 1 0 0 0 0 0 0 0 0 0 0 0 0 1 2 1 0 1 0 0 0 0 1 0 0 1 0 0 0 0 0 0 0 0 0 0 0 0 1 0 1 0 0 0 0 0 0 0 1 1 0 0 0 1 0 0 0 0 0 0 0 0 0 2 0 0 0 1 0 0 0 0 1 0 0 0 0 0 0 0 0 0 0 0 1 0 0 0 0 2 0 0 0 1 0 0 0 1 0 2 2 0 1 0 0 0 0 0 0 0 0 
0 0 1 1 1 0 0 0 0 0 0 0 0 0 0 0 0 0 0 1 0 0 1 0 0 0 0 0 0 0 1 1 0 0 0 3 0 0 0 0 0 0 0 1 0 0 0 0 1 0 0 0 1 0 0 0 2 0 0 0 0 0 1 0 0 0 0 0 0 0 1 0 0 0 0 1 0 1 0 1 0 0 0 0 0 1 1 0 0 0 0 1 0 1 0 0 0 0 0 0 0 0 0 0 0 0 0 0 1 0 0 0 0 0 1 1 0 0 0 0 0 0 0 0 0 0 0 0 0 0 1 0 1 1 0 0 0 0 0 0 0 0 0 0 1 0 0 0 0 0 0 0 0 1 1 0 0 0 0 0 0 0 0 0 0 0 0 0 0 0 0 0 0 0 0 1 0 0 1 0 0 1 0 0 0 0 0 0 0 0 0 0 0 0 0 0 1 0 0 0 
1 1 0 0 0 0 0 0 0 1 0 0 0 0 0 0 0 0 1 0 0 0 1 0 0 0 0 1 1 0 0 0 0 0 1 0 0 0 0 1 0 1 0 1 1 0 0 0 0 0 0 0 0 0 0 1 0 0 0 0 0 2 0 1 1 0 0 0 0 0 0 0 2 0 0 0 0 0 0 0 0 0 0 1 0 0 0 0 0 0 0 0 0 1 0 0 0 0 0 0 0 0 0 0 0 0 0 0 1 0 0 0 0 1 0 0 0 0 1 0 0 0 0 0 0 0 0 0 0 2 0 0 0 0 0 0 0 0 0 0 0 0 0 0 0 0 0 0 0 1 0 1 0 0 2 0 1 0 0 0 0 0 0 1 0 1 0 0 1 0 0 0 0 1 0 0 0 0 0 0 0 0 0 0 1 1 0 0 0 0 0 0 0 0 0 0 0 0 1 0 
0 0 0 0 0 0 0 0 0 0 0 0 0 0 0 0 0 0 0 0 1 0 0 0 0 0 0 0 0 1 0 0 0 0 0 0 0 0 0 0 0 0 0 0 0 0 0 0 1 1 0 0 1 0 0 0 0 0 0 0 0 1 0 0 0 0 0 0 0 0 0 0 0 0 1 1 0 0 0 0 0 0 0 0 1 0 0 0 0 0 0 1 1 0 1 0 1 0 0 0 0 1 0 0 0 0 0 0 0 1 0 0 0 0 0 0 0 0 0 0 1 0 1 0 0 0 0 0 0 0 0 1 0 0 1 0 0 1 0 0 0 0 1 0 1 0 0 0 1 1 0 1 0 0 0 0 0 0 0 0 0 0 1 1 0 0 1 0 0 0 0 0 2 0 0 0 0 0 0 0 0 1 0 0 0 0 0 1 0 0 0 1 0 0 1 0 0 0 2 2 
0 0 0 0 0 0 0 0 0 0 1 0 0 0 0 0 0 1 0 0 1 0 0 0 0 0 0 0 0 1 1 1 0 0 0 1 0 0 0 0 0 0 0 0 0 0 0 0 0 1 0 1 0 0 0 0 0 0 0 0 0 2 0 0 0 0 0 0 0 0 0 1 1 0 0 0 0 0 0 0 0 1 0 0 1 0 0 1 0 1 2 0 0 0 0 0 0 0 0 0 0 1 0 0 0 0 0 0 0 0 0 0 0 0 0 0 0 0 1 0 0 0 0 0 0 1 0 0 0 0 1 1 0 0 0 0 0 0 0 0 1 1 0 0 0 0 0 0 0 1 0 0 0 0 0 0 0 0 1 0 0 0 0 0 0 0 0 0 0 0 0 1 0 0 0 0 0 1 0 0 0 0 0 1 0 0 0 0 1 0 0 0 0 1 1 0 0 0 1 0 
0 0 0 1 0 1 0 1 1 0 0 0 0 1 0 0 0 0 0 0 0 0 0 1 0 0 0 0 0 0 1 0 0 0 0 1 0 0 0 0 0 0 1 0 0 0 0 0 0 0 0 0 0 0 0 0 1 0 1 0 0 0 0 1 0 0 0 0 0 0 0 0 0 0 0 0 0 0 1 0 1 0 0 0 0 0 0 0 0 0 0 0 0 0 0 0 0 0 0 1 1 0 0 0 0 0 1 0 0 0 0 0 0 0 0 0 0 0 0 0 0 0 0 1 0 1 0 0 0 1 1 1 0 0 0 0 0 0 1 0 0 0 0 0 1 0 0 0 0 0 0 1 0 0 0 1 0 1 0 1 1 0 0 0 1 1 0 0 0 0 0 0 0 0 0 0 1 1 0 0 0 1 0 0 0 0 0 1 0 0 0 0 0 0 1 0 1 0 0 0 
0 0 0 0 0 0 0 0 0 1 0 0 0 0 0 0 1 0 0 0 0 0 0 0 0 0 0 0 0 1 0 0 0 0 1 0 0 0 0 1 0 0 0 0 0 0 0 0 0 0 0 0 1 0 0 0 0 0 1 1 0 0 0 0 0 0 0 0 0 0 0 0 1 0 1 0 0 0 1 0 0 0 1 0 1 0 1 0 0 0 0 1 0 0 0 0 1 0 0 0 0 0 0 1 0 0 0 0 0 0 0 0 1 0 0 0 0 0 0 1 0 0 1 0 0 0 0 0 1 0 0 0 0 0 0 0 0 0 0 0 0 0 1 1 1 0 0 1 0 1 0 0 1 0 0 0 0 0 0 0 0 0 0 0 0 0 0 0 0 0 0 0 0 0 1 0 0 0 0 0 0 0 0 0 0 0 0 0 0 0 0 0 0 0 0 0 0 0 0 0 
0 0 0 0 1 0 0 0 1 0 0 0 0 0 0 0 0 0 0 0 1 0 0 0 0 1 1 0 1 0 0 0 0 0 0 0 0 0 0 0 0 0 0 0 1 1 0 0 0 0 0 1 0 0 0 0 0 0 0 0 0 1 0 0 0 0 0 1 0 2 0 0 0 0 0 0 0 1 0 0 0 0 1 0 0 0 0 1 0 1 0 0 0 0 0 0 0 0 0 1 0 0 0 0 0 0 0 0 0 1 0 0 0 0 0 0 2 1 0 0 0 0 0 1 0 0 1 0 0 0 0 0 0 1 0 1 0 0 0 0 0 0 0 1 0 0 1 0 0 0 0 0 1 0 0 1 1 0 0 0 0 0 0 0 0 0 0 0 1 0 0 0 0 0 0 0 1 0 0 0 0 0 0 0 0 1 0 0 0 1 0 0 0 0 1 0 0 0 0 0 
2 0 0 0 0 0 0 0 0 0 0 1 0 1 0 1 0 0 1 0 0 1 2 0 0 0 0 1 0 1 0 0 0 0 0 1 0 0 1 0 0 0 0 0 0 0 0 0 0 0 0 0 0 0 0 0 0 0 1 0 1 0 0 0 0 0 0 0 0 0 1 0 0 0 1 0 0 0 1 0 0 0 0 0 0 0 0 0 1 0 0 0 0 0 0 0 0 0 0 0 0 0 0 0 0 2 0 1 0 0 0 0 0 0 0 0 0 0 1 0 0 0 0 0 1 0 2 1 0 2 0 0 0 0 0 0 0 0 0 0 0 1 0 0 0 0 1 0 0 0 0 0 0 0 0 0 0 0 0 0 0 0 0 0 0 0 0 0 0 0 1 0 0 0 0 0 0 0 0 0 0 0 0 0 0 0 0 0 0 0 0 0 0 0 0 0 0 0 0 0 
0 1 0 0 2 1 1 0 0 0 0 0 0 0 0 1 0 1 0 1 0 0 2 1 0 0 1 0 0 1 0 0 0 0 0 0 0 0 0 0 0 0 0 0 0 0 0 0 0 0 0 0 0 0 0 0 1 0 0 0 0 0 0 0 0 0 0 0 0 1 0 0 0 0 0 0 0 1 0 1 0 0 0 0 0 0 0 0 0 0 0 0 0 0 0 1 0 0 0 1 0 0 0 0 0 0 0 0 0 0 0 1 0 0 1 0 1 0 0 1 1 0 0 1 1 0 0 0 0 0 1 2 0 0 0 0 0 0 0 0 1 0 0 0 0 0 0 0 0 0 0 0 1 0 0 0 1 0 0 0 0 0 0 0 1 0 0 0 0 0 0 1 0 0 0 1 1 0 0 0 1 1 0 0 0 0 1 0 0 0 0 0 0 0 0 0 1 1 0 0 
1 0 1 0 0 0 0 0 0 0 0 0 0 0 0 1 0 0 0 0 1 0 0 0 0 0 0 0 0 0 0 0 0 0 0 1 0 0 0 1 0 0 0 1 0 0 0 0 0 1 0 1 0 1 0 2 0 0 0 0 0 0 0 0 0 1 1 0 0 1 0 0 0 0 0 0 0 0 2 1 0 0 0 0 1 0 0 0 0 0 0 0 0 0 0 0 0 0 0 0 0 0 0 0 1 1 0 0 0 2 0 1 1 0 0 0 0 0 0 0 0 0 0 0 1 0 0 0 0 0 0 0 0 0 1 0 0 0 0 0 0 0 0 0 0 1 1 0 0 0 0 0 0 0 0 0 0 1 0 0 0 0 1 0 1 0 0 0 0 0 0 0 0 0 0 1 1 1 0 0 1 0 1 0 1 0 0 0 0 0 0 0 0 0 0 0 0 0 0 0 
0 0 0 0 0 0 0 1 0 0 1 0 1 0 1 0 0 0 1 0 0 0 0 0 0 0 0 2 0 0 0 0 0 0 0 0 0 1 0 0 0 0 1 0 0 0 0 0 0 0 0 0 0 0 0 0 0 1 0 0 0 1 0 0 0 0 0 1 0 0 0 0 1 0 1 0 1 2 0 0 0 1 0 0 0 0 0 1 0 0 0 0 0 0 0 0 2 0 0 0 0 1 0 0 0 0 0 0 1 0 0 0 1 0 0 0 0 0 1 0 0 0 0 1 0 0 0 1 0 0 1 0 0 0 0 0 0 0 0 0 0 0 0 0 0 0 0 0 0 0 0 0 0 0 0 0 1 0 1 0 0 0 1 0 0 0 0 0 0 1 0 1 1 1 0 0 0 1 0 1 0 0 0 0 0 0 1 0 0 0 0 0 0 0 0 0 1 0 0 0 
0 1 0 0 0 0 0 1 0 0 0 0 1 0 1 0 0 0 1 0 0 0 0 2 0 0 0 0 0 0 0 0 0 0 0 1 0 0 0 0 0 1 0 0 1 0 0 0 0 0 0 0 0 0 0 0 0 0 0 0 0 0 0 0 0 0 0 0 1 1 1 0 0 0 0 1 1 0 0 1 0 0 0 0 0 0 1 0 0 0 0 0 0 0 0 0 0 0 0 1 0 0 0 0 0 0 0 0 0 0 1 0 1 0 0 0 0 0 0 0 0 0 0 0 0 0 0 0 0 0 0 0 0 0 0 0 0 0 0 0 0 0 1 0 0 0 0 0 0 0 1 0 0 0 0 0 0 1 1 0 0 1 0 1 0 0 0 0 0 0 0 1 0 0 0 0 0 0 0 1 0 1 0 0 0 0 0 0 0 0 0 1 0 0 0 0 0 1 0 0 
0 0 0 1 0 0 0 0 1 0 0 0 0 0 1 0 1 0 0 0 0 2 0 0 0 0 0 0 0 1 1 0 0 0 0 0 0 0 0 0 0 0 0 0 0 0 2 0 0 0 0 0 1 0 0 0 0 1 0 0 1 1 0 0 0 0 0 0 0 0 0 0 0 0 0 0 0 0 0 1 0 0 0 0 0 1 0 0 0 0 0 0 0 0 0 0 0 0 0 0 0 0 0 0 0 1 0 1 1 0 0 1 0 0 0 1 0 0 0 0 0 0 0 0 0 0 0 1 0 0 1 0 0 0 0 1 0 0 0 1 0 0 0 1 1 0 0 0 0 0 1 1 0 0 0 0 0 0 0 0 0 0 0 0 0 0 0 0 0 0 0 0 0 0 1 0 2 0 0 0 0 0 0 0 0 0 0 1 0 1 0 0 0 0 0 0 1 0 1 0 
0 0 0 0 0 0 0 1 0 0 0 0 1 0 0 0 1 1 0 1 0 0 0 0 1 0 0 0 0 2 2 0 0 0 0 0 0 0 0 0 0 0 0 0 0 0 0 0 0 0 0 0 0 0 0 0 0 0 0 0 0 0 0 0 0 0 0 0 0 0 2 0 0 0 1 0 0 0 0 0 0 0 0 0 1 0 0 0 0 0 0 0 0 0 0 0 0 0 0 0 0 0 0 0 0 0 0 0 0 0 1 0 0 0 0 0 0 0 1 0 0 0 0 0 1 0 0 0 0 0 0 0 0 0 0 0 0 0 0 1 0 1 0 0 1 1 0 0 0 0 0 1 0 0 0 0 0 0 0 0 0 1 0 0 0 1 0 0 0 0 0 0 0 0 0 0 0 0 0 0 0 0 0 0 0 1 0 0 0 0 0 0 0 0 1 0 0 0 0 1 
0 0 0 0 0 0 0 0 0 0 0 0 0 0 0 0 0 0 0 0 0 1 1 0 0 1 0 0 1 1 0 0 0 0 0 0 0 0 0 0 0 0 0 0 0 0 0 0 0 0 1 0 0 1 1 0 0 0 0 1 1 0 0 1 0 0 0 0 0 0 0 0 0 0 0 0 0 0 0 0 0 2 1 0 0 0 0 0 1 0 0 1 0 0 0 0 0 0 0 0 0 0 0 0 0 0 0 0 0 0 0 0 0 1 0 0 1 0 0 0 0 0 1 0 1 0 0 0 1 0 0 0 0 0 0 0 0 0 0 0 0 0 0 0 0 0 0 0 0 0 0 0 0 0 0 0 0 1 0 0 1 0 0 0 0 2 0 1 1 0 0 1 1 0 0 0 1 0 0 0 0 0 1 0 1 0 0 0 0 0 0 0 0 0 0 0 0 0 0 0 
0 0 0 0 0 0 0 0 1 0 1 0 0 0 2 0 1 0 1 0 0 0 0 0 2 0 0 1 0 0 0 0 1 0 0 0 0 0 1 0 1 0 0 0 1 0 0 0 0 0 0 1 0 0 0 2 0 0 0 1 0 0 1 0 0 0 0 0 1 1 0 0 0 1 0 0 0 0 0 1 0 0 0 0 1 0 0 0 0 1 0 0 0 0 0 0 0 1 0 0 0 0 0 0 0 0 0 0 1 0 0 0 0 0 0 0 1 0 0 0 0 2 0 0 1 0 0 0 0 0 0 0 1 0 0 0 0 0 0 1 0 0 1 0 1 0 0 0 0 0 0 1 0 0 0 0 0 0 0 1 0 0 1 0 0 0 0 1 0 0 0 1 1 1 0 0 0 0 0 0 0 0 1 1 0 0 1 0 0 0 1 0 0 0 1 0 0 1 1 0 
0 1 0 0 0 0 0 0 0 0 0 0 0 1 0 0 0 0 0 1 0 0 0 0 0 1 0 0 0 0 0 0 0 0 1 0 1 0 0 0 0 0 0 0 1 0 0 0 0 0 0 1 1 0 0 0 0 0 0 0 0 0 0 0 0 0 1 0 2 0 0 0 0 0 0 0 0 0 0 0 0 0 0 0 0 0 0 1 1 1 0 0 0 0 0 0 0 0 0 0 1 0 0 0 0 1 0 0 0 1 0 0 0 0 1 0 1 0 0 0 0 0 0 0 0 0 1 0 0 0 0 0 0 1 0 0 0 0 1 0 0 0 1 0 0 0 0 0 1 0 0 0 0 0 0 0 0 0 0 1 0 0 0 0 0 0 0 0 1 0 0 1 0 1 0 0 0 0 0 0 0 0 0 0 0 1 0 0 0 0 2 0 0 1 1 1 0 0 0 0 
0 0 0 0 0 0 0 0 0 0 1 1 0 0 0 0 0 0 0 0 0 1 0 0 0 0 0 0 0 0 0 1 0 0 0 0 0 1 0 0 0 0 0 0 0 0 0 1 0 0 0 0 1 1 0 0 0 0 0 0 0 0 1 0 0 0 0 1 0 0 0 0 1 0 1 0 0 1 0 0 0 2 0 1 0 0 1 1 0 0 0 1 0 1 0 1 0 1 0 0 0 0 0 0 0 1 1 0 0 0 0 0 0 0 0 0 0 0 0 0 2 0 0 1 0 0 0 0 1 1 0 0 0 1 0 1 0 0 0 0 0 0 0 0 0 0 1 0 1 1 0 1 0 1 0 0 1 0 0 0 0 1 0 0 0 0 0 0 0 0 0 0 1 0 0 0 0 0 0 0 0 0 0 0 0 0 0 0 0 0 0 0 0 0 1 0 0 0 0 0 
1 0 0 1 0 0 0 0 0 0 0 0 0 0 0 0 1 0 0 0 0 0 0 0 0 0 0 0 0 0 0 0 0 0 0 0 0 0 0 0 0 0 0 0 0 0 0 0 0 0 0 0 0 0 0 0 0 0 0 0 0 0 0 0 0 0 0 0 0 1 1 0 0 0 0 0 0 0 0 0 0 0 0 0 0 0 0 0 0 0 0 0 0 0 0 0 0 0 0 2 0 0 0 0 0 0 0 0 0 1 0 0 0 0 1 0 2 0 0 1 0 0 0 1 0 1 0 0 0 0 0 0 0 0 0 1 1 0 0 1 0 0 0 1 0 0 0 0 0 0 0 0 0 0 0 0 1 0 0 0 1 0 0 0 0 0 0 1 0 0 0 0 0 0 0 0 0 0 0 0 1 0 1 1 0 0 0 1 1 0 0 0 0 0 0 0 0 0 1 0 
0 0 0 0 0 0 0 0 0 0 0 0 0 0 0 0 0 0 0 0 0 0 0 0 0 0 1 0 0 0 0 0 1 1 0 0 0 0 0 0 0 0 2 0 1 1 0 0 0 0 0 0 0 0 0 0 0 0 0 0 0 0 0 0 0 0 0 0 0 0 0 0 0 0 0 0 0 0 0 0 0 0 1 0 0 0 0 0 1 1 0 0 0 0 0 0 0 1 0 0 0 0 1 1 0 0 0 0 1 0 0 1 0 0 0 0 0 0 1 0 0 0 0 0 0 0 0 0 1 0 0 0 0 0 0 0 1 0 0 0 0 0 1 0 0 0 0 0 0 0 0 0 0 0 0 0 0 0 0 0 1 0 0 0 0 0 0 0 1 0 0 0 0 0 0 0 0 0 0 0 0 0 0 0 0 0 1 0 0 0 0 0 0 0 0 0 0 1 0 0 
0 0 0 0 1 0 0 0 0 0 0 0 0 0 1 0 0 0 1 1 1 1 0 0 1 0 0 0 0 0 0 0 0 1 0 1 0 2 0 0 1 0 0 0 1 0 0 0 0 1 0 0 0 0 0 0 0 0 0 0 0 0 0 1 0 0 0 0 0 0 0 0 0 0 0 0 0 0 0 0 0 0 1 0 0 0 0 0 0 1 0 0 1 0 0 1 1 0 0 0 0 0 0 0 0 0 1 0 0 0 0 0 0 0 0 0 0 0 0 0 0 0 0 0 0 0 0 1 0 1 1 0 0 0 0 0 0 0 0 0 0 0 0 0 0 0 1 0 0 0 0 1 0 0 0 0 0 0 0 0 0 0 0 0 0 0 0 1 0 0 1 0 1 0 0 0 0 1 0 0 0 0 0 0 1 0 0 0 0 0 0 1 1 0 0 0 0 0 0 1 
0 0 0 0 0 1 0 1 1 0 0 0 0 0 0 0 0 0 0 1 0 0 0 0 0 1 0 1 0 0 0 0 0 0 0 0 0 0 0 0 0 0 0 0 2 0 0 0 0 0 0 0 0 0 1 0 0 0 0 0 0 0 0 1 0 0 0 0 0 0 1 1 0 2 0 1 1 0 0 0 0 0 0 0 1 0 0 0 0 0 0 0 0 0 0 0 0 0 0 0 0 0 1 1 0 0 0 0 0 0 0 0 0 0 1 0 0 0 0 0 0 0 0 1 0 0 0 0 0 0 0 0 1 0 0 1 0 0 1 0 0 0 0 0 0 0 0 0 0 0 0 0 0 1 0 1 0 0 0 0 0 0 1 0 0 0 0 0 0 1 0 0 0 0 0 0 0 0 0 0 1 1 0 0 0 0 0 0 0 0 0 0 0 0 0 0 1 1 0 1 
0 0 0 0 1 0 0 1 0 0 0 0 0 0 0 0 0 0 1 1 0 0 0 0 0 0 0 0 0 1 0 0 0 0 1 1 1 0 0 0 0 1 0 0 1 0 0 1 0 1 0 0 0 2 0 0 0 0 0 0 0 0 0 0 0 0 0 0 0 0 1 0 0 0 0 0 0 1 0 0 0 0 0 0 0 1 0 0 0 0 0 0 0 0 2 0 0 0 0 0 0 0 0 0 1 0 0 0 0 0 0 0 0 0 0 0 0 1 0 0 0 0 2 0 0 0 0 0 0 0 0 0 0 0 0 0 0 0 0 0 0 0 0 1 0 0 0 1 1 0 0 0 0 0 0 0 0 0 0 0 1 0 0 0 0 0 0 1 0 0 0 0 0 2 1 0 0 0 0 0 0 0 0 0 0 0 0 0 1 0 0 1 0 0 0 0 1 1 0 0 
1 0 0 0 0 0 0 0 0 0 1 0 0 0 1 0 0 0 1 1 1 0 0 1 1 0 0 0 0 0 0 0 0 0 0 0 0 0 1 0 0 0 2 0 1 0 0 0 0 0 0 0 0 1 0 0 0 0 0 0 0 0 1 0 0 0 0 0 0 2 0 0 1 0 0 0 0 0 0 1 0 0 0 0 0 0 0 1 0 1 0 0 0 1 0 0 0 0 0 0 0 0 0 0 0 0 0 1 0 1 0 0 1 0 0 0 0 0 0 0 0 0 0 0 1 1 0 0 2 1 1 0 0 0 0 0 0 0 0 0 0 0 0 1 0 0 0 0 1 0 0 0 0 1 0 2 0 0 0 0 0 0 0 0 0 0 0 2 1 0 0 0 0 2 0 0 0 0 0 0 1 0 0 0 0 0 0 0 0 0 0 0 0 1 0 0 1 0 0 0 
0 0 0 0 0 0 1 0 0 0 0 0 0 0 1 0 1 0 0 1 0 0 0 0 1 0 0 0 0 0 0 0 1 0 0 0 0 0 0 0 0 0 0 0 0 1 0 1 0 1 0 1 0 0 0 0 1 0 0 0 0 0 0 1 0 0 0 0 0 0 0 0 0 0 0 0 1 0 1 0 0 0 0 1 0 0 0 1 0 1 0 0 0 0 0 0 0 0 0 0 0 0 0 0 0 0 0 0 0 0 0 0 0 0 0 0 0 0 0 0 0 0 0 0 0 0 1 0 0 0 0 0 0 0 0 0 0 0 0 0 0 0 0 0 0 0 1 1 1 0 0 0 0 0 0 1 0 0 0 0 0 0 1 0 0 0 1 0 0 0 0 2 0 0 0 1 0 0 0 0 0 0 1 0 0 0 0 0 0 0 0 0 0 0 0 0 0 0 0 0 
1 0 0 0 0 0 0 0 0 0 0 0 0 0 0 0 0 0 0 0 2 0 1 0 0 1 0 0 0 0 0 0 0 0 0 1 0 1 0 0 1 1 0 0 0 0 0 0 0 0 0 0 1 0 1 0 1 0 1 1 0 0 0 0 0 0 0 0 0 1 1 0 0 0 0 0 0 0 1 0 0 2 0 0 0 2 0 1 0 0 0 1 0 0 0 0 1 0 0 0 0 0 0 0 0 0 0 0 0 0 1 0 0 0 0 1 0 2 0 0 0 0 0 0 0 0 0 0 0 0 0 2 0 0 1 0 0 0 1 1 0 0 1 0 1 0 0 0 0 0 0 0 1 0 0 0 0 1 0 0 0 0 0 1 0 0 0 0 0 0 0 0 0 0 0 0 1 0 1 1 0 0 0 0 0 0 1 0 0 0 1 1 0 0 1 0 1 0 0 1 
0 0 0 0 0 0 0 0 0 0 0 0 1 1 0 0 0 0 0 0 0 2 0 0 1 0 0 1 0 0 0 0 0 0 0 0 1 0 0 0 1 0 0 0 1 0 0 0 0 0 0 0 1 0 0 0 0 0 0 0 0 0 0 0 0 0 0 1 0 0 0 0 0 0 1 0 0 0 1 0 0 0 0 1 0 0 0 0 0 0 0 1 0 0 1 0 1 0 0 0 0 0 1 0 0 0 0 0 1 0 0 0 0 0 1 0 0 1 0 0 0 2 0 0 0 0 0 0 0 0 0 0 0 1 0 0 0 0 0 0 0 0 0 0 1 0 1 0 0 0 0 0 0 0 0 0 0 1 1 0 0 0 0 0 0 1 0 0 0 0 0 0 0 0 0 0 0 0 0 0 2 0 0 0 0 0 0 0 0 0 0 0 0 0 1 0 0 0 0 0 
0 0 1 0 0 0 0 0 0 0 1 0 0 0 0 0 0 1 0 0 0 0 0 0 0 0 0 1 0 0 0 0 0 0 0 0 0 0 1 0 0 0 0 1 0 1 1 1 1 0 0 1 0 1 2 0 0 0 1 0 0 0 4 0 0 0 0 1 0 0 0 0 1 0 0 0 0 0 0 0 0 0 0 1 0 0 0 0 0 0 2 0 1 1 1 0 0 0 0 0 1 0 0 0 0 0 0 0 0 0 0 0 0 0 0 0 0 0 1 0 0 0 0 0 0 0 0 0 0 0 0 0 0 0 0 0 0 0 0 0 0 0 0 0 0 0 0 1 1 0 0 0 0 0 0 0 0 0 0 0 0 0 0 0 0 0 0 1 0 0 0 0 0 0 0 0 0 0 0 0 0 0 0 0 0 1 1 0 1 0 1 0 0 0 0 2 0 0 0 0 
1 0 0 0 0 0 1 0 1 0 1 0 0 0 0 1 0 0 0 0 1 0 0 1 0 0 0 0 0 1 1 0 0 0 0 0 0 0 1 1 0 0 0 0 0 0 0 1 0 0 0 1 2 0 0 0 1 0 1 1 0 0 1 0 1 0 0 1 0 0 0 0 0 0 0 0 0 0 1 1 0 0 0 0 0 1 0 0 0 2 0 0 0 0 0 0 0 0 1 0 1 0 0 0 0 0 0 0 1 1 1 0 1 0 0 0 0 0 0 0 0 0 0 0 1 1 0 0 1 0 1 0 0 1 0 0 0 0 0 0 0 1 0 0 0 1 0 1 0 0 1 0 1 0 0 0 1 0 0 0 0 0 0 0 0 1 0 0 0 0 0 2 0 0 1 0 1 0 0 0 0 0 0 0 1 1 0 0 1 0 0 0 0 0 0 1 0 0 0 0 
0 0 0 0 0 0 0 0 0 0 2 0 0 0 0 0 0 0 0 0 0 0 0 0 0 0 0 0 0 0 0 0 0 0 0 0 0 0 0 0 0 0 0 0 0 1 1 0 0 0 0 0 0 0 1 0 0 1 0 0 0 0 0 1 0 1 0 0 0 1 0 0 0 0 0 0 1 0 0 0 0 0 0 0 0 0 0 0 0 0 0 0 0 0 0 0 1 0 0 0 2 0 0 0 0 0 1 0 0 0 0 0 0 0 0 0 0 0 0 0 0 1 0 1 0 0 0 1 0 0 0 0 0 0 0 0 1 1 0 0 0 1 0 0 1 0 0 0 1 0 1 1 0 0 0 0 0 0 0 0 0 1 0 0 0 1 1 0 0 0 0 0 0 0 0 0 0 0 0 0 0 0 0 0 0 0 0 0 0 2 0 0 0 1 0 0 0 0 1 0 
0 0 1 0 0 0 0 0 0 0 0 0 0 0 0 1 0 0 0 0 0 0 0 0 0 0 0 0 1 0 0 0 0 0 0 0 0 2 1 0 0 0 0 0 0 0 0 0 0 0 0 0 0 0 0 0 1 0 0 1 0 0 0 0 0 0 0 0 1 0 0 0 0 0 0 0 0 0 0 0 0 0 0 1 0 1 0 0 1 0 0 0 0 0 0 0 0 0 0 1 0 0 0 1 0 0 0 0 1 0 0 1 0 0 0 0 0 0 0 0 0 0 0 0 0 0 0 0 0 0 0 0 0 0 0 0 0 1 0 0 0 0 0 0 0 0 1 0 0 1 0 0 1 0 0 0 0 0 1 0 0 2 0 0 0 1 1 1 1 0 0 1 0 0 1 0 0 0 0 1 0 0 0 0 1 0 0 1 0 0 0 0 1 1 0 0 0 0 0 0 
0 1 1 0 0 0 0 0 0 0 1 0 0 0 1 0 0 0 0 1 0 0 0 1 0 0 0 0 0 0 0 0 0 0 0 0 0 0 0 0 0 0 0 0 0 0 0 0 1 0 1 0 0 0 1 0 0 1 0 2 0 0 0 1 0 0 0 0 0 0 0 0 0 0 0 0 0 0 1 0 0 1 0 0 0 0 0 0 0 0 0 1 0 1 0 0 0 0 0 1 0 0 0 1 1 0 0 0 0 0 0 0 1 0 0 0 0 0 0 0 0 0 0 0 0 1 1 0 0 0 0 0 1 0 0 1 0 1 0 0 0 1 0 0 0 0 0 1 0 0 0 0 0 0 0 0 0 0 0 0 0 0 1 0 0 1 0 0 0 0 1 0 0 0 0 1 0 1 0 0 0 0 0 1 0 0 0 0 1 0 0 0 1 0 0 0 0 0 0 0 
0 0 0 0 0 0 0 0 0 1 0 0 1 0 0 0 0 0 0 0 0 0 1 0 0 0 0 0 0 0 1 0 0 0 0 0 0 1 1 0 1 0 0 0 0 0 0 0 0 0 1 1 0 0 0 0 0 0 0 0 0 0 0 0 0 0 1 1 0 0 1 0 0 0 0 1 1 0 0 0 0 0 0 0 0 0 0 0 1 0 0 1 0 0 0 0 0 0 0 0 0 0 0 0 0 0 0 0 0 0 2 0 0 1 0 0 0 1 0 0 0 0 0 0 0 0 0 0 0 0 0 1 0 0 0 0 0 1 1 0 0 1 1 0 1 0 0 0 1 0 0 0 0 0 1 0 2 0 0 0 0 0 0 0 0 0 0 0 0 0 1 1 0 0 0 0 0 1 0 0 0 0 0 0 0 0 0 0 2 1 0 0 0 0 0 0 0 0 0 0 
1 0 0 0 1 0 0 1 0 1 0 0 0 0 0 0 0 0 0 0 2 0 0 0 0 0 0 0 0 0 0 1 0 0 0 0 0 0 0 0 0 0 0 0 0 0 0 0 0 0 0 0 0 1 0 0 0 0 0 0 0 0 0 0 0 0 0 0 0 1 0 1 0 0 0 0 0 1 0 0 0 0 0 0 0 0 2 0 0 0 0 0 0 1 0 0 1 0 0 0 0 0 0 0 1 0 0 0 0 1 0 0 0 0 2 1 0 0 0 0 1 0 0 0 0 0 0 0 0 0 1 0 0 1 0 0 0 0 0 0 1 0 0 1 1 1 0 1 1 0 0 0 0 0 0 1 0 0 0 0 0 0 0 0 0 0 0 0 0 1 0 0 0 0 0 0 0 0 0 0 0 0 0 0 0 0 0 1 1 0 0 0 0 0 0 1 1 1 0 0 
0 0 0 1 0 0 0 0 0 0 0 0 0 0 0 0 0 0 1 0 0 0 0 0 0 0 0 1 0 0 0 0 1 1 1 0 0 0 1 0 0 0 1 0 0 0 0 1 0 1 0 0 0 0 1 0 0 0 1 0 0 1 1 1 0 2 0 0 0 0 0 0 0 0 0 0 0 0 0 0 0 0 0 0 1 0 0 0 0 0 0 0 0 0 0 0 0 0 1 0 0 0 0 0 0 0 0 0 1 0 0 1 0 0 0 0 1 1 0 0 0 0 2 0 0 0 1 0 0 1 0 0 1 1 0 0 0 1 0 0 0 0 0 0 0 0 0 0 0 0 0 0 0 0 0 0 0 0 0 0 0 0 0 0 1 0 0 0 0 0 2 0 1 0 0 0 0 0 0 0 0 0 1 0 0 0 1 0 0 0 0 0 0 0 0 0 0 1 0 0 
0 0 0 0 0 0 0 1 0 0 0 0 0 0 0 0 1 0 0 0 0 0 0 0 0 0 0 0 0 0 0 0 0 0 0 0 0 1 0 0 0 0 2 0 0 0 0 0 0 0 0 1 0 1 0 1 0 0 0 0 0 0 0 1 2 0 0 0 1 0 0 2 1 0 0 0 0 2 0 1 0 0 0 1 0 0 0 0 0 0 0 1 1 0 0 0 0 0 2 0 0 0 0 0 0 0 0 0 0 0 0 0 0 0 1 0 0 2 0 0 0 0 0 0 0 1 0 0 0 0 1 0 0 0 0 1 0 0 1 0 0 0 0 0 1 0 0 0 1 0 0 1 0 0 0 0 1 0 0 0 0 0 0 0 0 0 0 0 1 0 0 1 1 0 0 0 0 1 0 0 1 1 0 0 0 1 0 0 0 0 2 0 0 0 0 0 1 0 0 0 
0 1 1 1 0 0 0 0 0 0 0 1 0 0 0 0 0 0 1 0 0 0 0 1 0 0 0 0 0 0 0 0 0 0 0 0 0 0 0 0 0 0 0 0 0 0 0 0 0 0 0 0 0 0 0 0 0 0 1 0 0 0 1 0 0 0 0 0 0 0 0 0 1 0 0 0 0 1 0 0 0 1 1 0 0 0 0 1 0 0 0 0 0 0 0 0 0 0 0 0 0 0 0 0 0 0 0 0 0 0 0 0 0 0 0 0 0 0 0 0 0 0 0 0 1 0 1 0 0 0 0 0 0 1 0 0 1 0 0 0 0 0 0 0 1 0 0 0 2 0 0 0 0 1 0 0 0 0 0 0 0 0 1 0 1 0 0 0 0 0 0 0 0 0 0 0 0 0 0 0 0 0 0 0 0 1 1 0 1 0 0 0 0 0 0 0 0 0 0 0 
0 0 0 0 0 1 0 1 0 0 0 0 0 1 0 0 0 0 0 0 0 0 0 0 1 0 0 2 1 1 0 0 0 0 0 0 0 0 0 0 0 0 0 0 0 0 0 0 1 0 0 0 0 0 0 0 0 0 0 0 0 0 0 0 1 2 0 0 1 0 0 0 1 0 0 0 0 0 0 0 0 0 0 0 0 0 0 0 0 0 0 0 1 0 0 1 0 0 0 1 0 0 0 1 0 1 0 0 0 0 0 0 0 0 0 0 0 1 0 0 1 1 0 0 0 0 1 0 0 0 0 0 0 0 0 0 0 0 0 0 0 1 0 0 0 0 0 0 0 1 0 0 0 1 0 0 0 0 0 1 0 0 0 0 0 0 1 0 0 0 0 0 0 0 0 0 0 0 1 0 0 0 1 0 0 0 0 0 0 1 1 0 0 0 0 0 0 0 0 1 
0 0 0 0 0 0 0 0 0 0 0 1 0 0 0 0 3 0 0 1 0 0 0 0 0 0 0 0 0 0 0 0 0 0 0 0 0 0 1 1 0 1 0 0 0 0 0 0 0 0 0 0 0 0 1 0 0 0 0 0 0 0 0 0 0 0 0 0 1 0 0 0 0 0 0 0 0 0 0 0 0 1 0 0 0 0 0 0 0 0 0 0 0 0 0 0 1 0 1 0 0 0 0 0 0 0 1 0 1 1 0 0 0 0 0 0 0 0 0 0 0 0 0 0 0 1 1 0 1 0 0 0 0 0 0 0 1 0 0 0 0 0 0 2 0 0 0 0 0 0 0 0 1 0 1 0 0 0 0 0 0 1 0 0 0 0 0 0 0 0 0 0 2 0 1 0 0 0 0 0 0 0 0 0 0 0 0 0 0 0 0 0 0 0 0 0 1 0 0 0 
0 0 0 0 0 0 1 0 0 0 0 0 1 1 1 0 1 0 1 0 1 0 1 0 1 0 0 0 0 1 0 0 0 0 0 2 0 0 0 0 0 0 0 0 1 0 0 0 0 0 0 0 0 0 0 0 1 0 0 0 1 1 0 0 1 0 1 0 0 0 0 1 0 1 0 0 0 0 0 0 0 1 0 0 0 1 0 0 0 0 2 0 0 0 0 0 0 0 0 1 1 0 0 0 0 0 0 0 0 0 0 0 0 1 0 0 0 1 0 0 0 0 0 0 0 0 0 0 0 0 0 0 0 1 2 0 0 0 0 0 0 1 0 0 0 0 0 1 0 1 0 0 0 0 0 0 0 0 0 0 0 0 1 0 0 0 1 1 1 0 0 0 1 0 0 0 0 0 0 0 1 0 0 0 0 0 0 0 0 0 0 1 1 0 0 0 0 0 1 0 
0 0 0 0 0 1 0 1 0 0 0 0 0 0 0 0 0 0 0 0 0 0 0 0 0 1 0 0 0 0 0 0 0 0 0 0 0 4 0 1 0 0 0 0 0 0 0 0 0 0 0 0 1 0 1 0 0 0 0 0 0 0 0 0 0 0 0 0 1 1 1 0 0 0 0 0 0 0 0 0 0 0 0 0 0 0 1 0 0 0 1 0 1 0 0 0 0 0 0 0 1 0 0 0 1 1 0 1 0 0 0 0 0 1 0 0 0 0 0 0 0 2 0 0 1 0 0 0 0 0 0 1 0 0 0 0 0 0 0 0 0 0 0 0 0 0 0 0 0 0 0 0 0 0 0 0 1 0 1 0 0 0 0 0 0 0 0 1 0 1 0 1 0 0 0 0 0 0 1 0 0 0 0 0 0 1 0 0 0 0 1 0 0 1 1 0 0 0 0 0 
1 0 0 0 2 0 0 0 0 1 0 1 0 0 0 0 0 0 1 0 0 1 0 0 0 0 0 0 0 0 0 0 0 1 1 1 0 0 0 0 0 0 0 0 0 0 0 0 0 0 1 0 0 0 0 0 0 1 1 0 0 0 0 0 0 0 1 0 0 0 0 0 0 0 0 0 0 0 1 0 0 1 1 1 0 0 0 1 2 0 0 0 0 0 0 0 0 0 0 0 0 0 1 0 0 0 0 1 0 0 0 0 0 0 0 0 0 0 1 0 0 0 0 0 0 0 0 0 0 0 0 0 0 0 0 1 0 0 1 0 0 0 1 1 0 0 0 0 0 0 0 0 0 0 0 0 0 1 0 0 0 0 0 0 0 0 0 0 0 0 0 0 1 0 0 0 0 0 0 1 0 0 0 0 1 0 0 0 0 0 0 0 0 0 0 1 0 0 0 0 
0 0 0 0 0 1 0 1 0 0 0 0 0 0 1 1 0 0 0 0 2 0 0 0 0 0 0 0 1 1 0 0 0 2 0 1 0 0 0 0 1 0 0 0 0 1 0 1 0 0 1 0 0 0 0 0 0 0 0 0 0 1 0 0 0 0 0 0 0 0 0 2 0 0 0 0 0 0 0 0 0 0 0 1 0 1 0 0 0 2 0 0 1 0 0 0 1 0 1 1 0 0 0 0 0 0 0 0 0 0 1 0 1 0 0 0 0 0 0 0 0 0 0 1 1 0 0 0 1 0 0 1 3 0 0 0 0 0 1 0 0 0 0 0 0 0 0 1 1 0 0 1 0 1 0 3 0 0 1 0 0 0 0 0 1 0 0 0 1 0 0 0 0 1 0 0 0 0 1 1 1 0 0 0 0 0 1 0 0 0 0 0 0 0 0 0 0 0 1 0 
1 2 0 0 0 0 2 0 0 0 0 0 0 1 0 0 0 0 0 0 0 1 0 0 0 0 0 0 0 0 0 0 0 0 0 0 1 0 0 0 0 1 0 0 0 0 1 0 0 1 0 0 0 0 0 0 0 0 0 0 0 0 1 0 1 0 0 0 0 0 0 2 0 0 0 0 0 0 0 0 0 0 0 1 0 0 0 1 0 0 0 2 0 0 0 0 0 1 0 0 0 0 0 0 1 0 0 0 0 1 0 0 0 0 1 0 0 1 0 0 0 0 0 0 0 0 0 0 0 0 0 0 0 0 0 0 1 0 0 1 0 0 0 0 0 0 0 0 0 0 0 1 0 0 0 0 0 1 1 0 0 0 0 0 0 0 0 0 0 1 0 0 0 0 0 0 0 0 0 0 1 0 0 0 0 0 0 0 1 0 0 0 0 0 0 0 1 0 0 0 
0 0 0 0 1 0 0 0 0 0 0 0 0 0 1 0 1 0 0 0 0 0 0 0 0 0 0 0 1 0 1 0 0 1 0 1 0 3 1 0 1 0 0 0 1 0 0 0 1 0 0 0 0 0 0 0 0 0 0 1 0 0 0 0 0 0 0 0 0 0 0 0 0 0 0 0 0 0 0 0 0 0 1 0 0 0 0 0 0 0 0 0 0 0 1 0 0 0 0 0 0 1 0 0 1 0 0 1 0 0 0 0 0 1 0 0 0 1 0 2 0 0 1 1 0 1 0 0 0 2 0 0 0 1 0 0 0 0 2 0 1 1 0 0 0 0 0 0 0 0 0 0 0 0 0 0 0 0 0 0 0 1 1 0 0 0 0 0 0 0 0 0 0 0 0 0 0 0 1 1 0 3 0 0 1 0 0 0 0 0 0 0 0 1 0 0 0 0 0 0 
0 0 0 0 1 0 0 0 0 1 0 0 0 1 0 0 0 0 1 1 0 0 0 0 0 0 0 0 0 0 0 0 1 1 0 0 0 0 0 1 0 0 0 0 0 0 0 0 0 0 1 0 0 0 0 0 0 1 0 0 0 0 0 1 0 0 0 1 1 1 0 0 0 0 0 0 0 0 0 0 0 0 0 1 0 0 0 0 0 0 0 0 0 0 1 0 0 0 0 0 0 0 0 0 0 0 0 0 1 0 0 0 0 0 0 0 0 0 1 0 0 2 0 0 0 0 0 0 1 0 1 0 0 0 0 0 1 1 0 0 1 0 0 0 0 1 0 0 2 0 0 0 0 0 0 1 0 0 0 0 0 1 0 0 0 0 0 0 0 0 0 0 1 1 0 0 0 0 0 0 0 0 0 0 0 0 0 0 0 0 0 0 0 0 0 0 0 0 0 1 
0 0 0 0 0 0 0 0 1 0 0 0 0 0 0 0 0 0 0 0 0 1 0 0 1 0 2 0 0 0 0 0 0 0 0 0 0 0 0 0 1 0 0 0 0 1 0 0 0 0 0 0 0 0 0 0 1 1 0 0 0 0 0 0 1 1 1 0 0 0 2 1 0 0 0 1 0 1 0 0 0 0 0 0 0 0 0 0 0 0 0 1 1 1 0 0 0 0 0 1 0 0 0 1 0 0 0 0 0 0 0 0 0 0 0 0 0 0 0 0 0 0 1 1 0 0 0 0 0 0 0 0 0 0 0 0 0 3 0 0 0 0 0 2 0 0 0 1 0 1 0 1 1 0 0 1 1 0 0 1 0 0 0 0 0 1 0 0 0 0 0 0 1 1 0 0 0 1 1 0 0 0 3 0 0 0 0 0 0 1 0 0 0 0 0 0 0 0 0 0 
0 0 0 0 1 0 0 0 0 0 1 0 0 0 0 0 0 0 2 0 0 0 0 1 0 0 0 0 0 1 1 1 1 0 0 0 0 0 0 0 0 0 0 0 0 0 0 1 0 0 0 1 1 0 0 2 0 0 0 0 0 0 0 0 0 0 0 0 0 0 0 0 0 0 0 0 0 0 0 0 0 0 0 0 0 0 0 1 0 0 0 0 0 0 0 1 0 1 1 1 0 0 0 0 0 0 1 0 1 0 0 0 0 0 0 0 0 0 0 0 0 0 0 2 0 1 0 0 0 0 0 0 0 0 1 1 0 0 0 0 0 0 0 1 0 0 0 0 0 0 0 0 0 0 0 0 0 0 1 0 0 0 1 1 0 0 1 0 0 0 0 0 0 0 0 0 0 0 0 0 0 0 0 0 0 0 1 1 2 0 1 0 0 0 0 1 0 0 0 0 
0 0 0 0 0 0 0 0 0 0 0 0 0 1 0 0 1 0 1 0 0 0 0 0 0 0 1 0 0 0 0 0 0 0 0 0 0 1 0 0 0 0 0 1 0 0 0 0 1 0 1 0 1 0 0 0 0 0 0 0 0 0 0 2 0 0 0 0 0 1 1 0 0 1 0 1 0 0 0 0 0 0 0 0 0 0 0 0 0 0 0 0 0 0 0 1 0 0 0 0 0 0 0 1 0 0 0 0 0 1 0 0 0 0 0 0 0 0 0 0 0 0 1 0 0 0 0 0 0 1 0 1 0 0 0 0 0 0 0 0 0 0 0 0 0 0 0 0 0 0 0 0 0 0 0 1 0 0 0 0 0 0 0 0 0 0 0 1 0 0 0 0 0 0 0 0 1 0 0 0 1 0 0 0 0 0 0 3 0 1 0 0 0 0 0 0 0 0 0 0 
2 0 0 0 1 0 0 0 0 0 1 0 0 1 0 1 0 0 1 1 0 0 0 0 0 0 0 0 0 0 0 1 0 1 0 1 0 0 1 0 1 0 0 0 1 0 0 0 1 1 1 0 0 1 0 0 0 0 0 0 0 0 0 1 0 2 0 0 0 1 1 0 0 1 0 1 0 1 0 0 1 0 0 0 0 1 0 0 0 0 0 0 0 0 0 0 0 0 0 0 0 0 0 0 0 0 0 0 0 3 0 0 0 1 0 0 1 0 0 1 0 0 0 0 0 0 0 0 0 0 0 0 0 0 0 0 0 0 1 0 0 0 0 0 0 0 1 0 0 0 1 0 0 2 0 2 1 0 0 0 0 0 0 0 0 0 0 0 0 0 0 0 0 0 1 0 1 0 0 1 0 0 0 1 0 0 0 0 0 0 1 0 0 0 0 0 0 0 2 0 
0 0 0 0 0 1 0 0 0 0 0 0 2 0 0 0 0 0 1 0 0 0 0 0 1 0 0 0 0 0 0 0 0 0 0 1 0 0 0 0 0 1 0 0 0 0 0 1 0 0 0 0 0 1 0 0 1 0 1 0 0 1 0 0 0 0 1 1 0 0 0 0 0 0 0 0 0 0 0 0 0 0 0 0 1 0 0 0 0 0 1 0 0 0 0 0 0 0 0 0 1 0 0 1 0 0 0 0 0 0 0 0 0 0 0 1 1 1 0 0 0 0 0 0 0 0 0 0 0 0 0 0 0 0 0 0 0 0 0 0 0 0 1 0 0 0 0 0 1 0 0 0 1 1 0 0 0 1 0 0 0 0 0 0 0 0 0 0 0 1 1 0 0 0 0 0 0 1 1 0 0 2 0 0 0 0 0 0 0 0 0 0 0 0 0 0 0 1 0 0 
1 0 0 0 0 0 0 0 0 0 0 0 0 0 0 0 0 1 0 0 0 0 0 0 0 0 0 0 0 0 0 0 0 0 0 0 0 0 0 1 0 0 0 0 0 0 1 0 0 1 0 0 0 0 0 0 0 1 0 0 0 0 0 0 0 0 0 0 0 0 0 0 0 0 0 0 0 0 0 0 0 0 0 1 1 0 0 0 1 0 0 0 0 0 0 0 0 0 0 0 0 0 3 0 0 0 1 1 2 0 0 0 0 0 0 0 0 0 0 1 0 0 1 0 0 0 0 0 0 0 0 0 0 0 0 0 0 0 0 0 0 0 0 0 0 0 0 0 0 0 0 0 0 0 0 0 1 1 0 0 0 0 0 0 0 0 0 0 0 2 1 0 0 1 0 0 0 0 0 0 0 0 0 0 1 0 1 0 0 0 0 0 0 0 0 1 1 0 0 2 
1 0 0 0 0 0 0 1 1 0 0 0 0 0 0 1 0 0 0 0 0 0 1 0 0 0 0 0 0 1 0 1 0 0 0 0 0 1 0 1 0 0 0 0 0 0 0 0 0 0 0 1 0 1 0 0 1 0 0 0 0 0 0 0 0 0 0 0 0 0 0 1 0 0 0 0 0 0 0 0 1 0 0 1 0 0 0 1 0 0 0 0 0 0 0 0 0 2 1 0 1 0 0 1 0 1 0 0 0 0 0 1 1 0 0 1 0 0 0 0 0 0 0 0 0 0 0 1 0 0 0 0 0 0 0 1 0 0 0 2 0 0 0 1 0 0 0 0 0 0 0 0 0 0 0 0 1 1 0 0 0 1 1 0 0 0 0 0 0 0 0 0 0 0 0 0 1 0 0 1 0 1 0 0 0 0 0 0 0 0 0 1 1 0 0 0 0 0 0 1 
1 0 0 0 1 0 0 0 0 0 0 0 1 0 1 0 0 0 0 0 0 1 1 0 0 0 0 0 0 0 0 0 0 0 0 0 0 0 0 1 1 0 0 0 0 0 0 0 0 0 0 0 0 0 0 0 0 0 0 0 1 0 0 0 1 0 0 0 0 0 0 0 0 0 0 1 0 0 1 0 0 0 0 0 1 0 1 0 0 0 0 0 0 0 0 0 0 0 1 0 0 0 0 0 0 0 0 0 0 0 0 0 0 1 0 0 1 0 0 0 0 0 0 0 0 0 0 0 0 0 0 0 0 0 0 0 0 0 0 0 1 0 0 0 0 0 1 0 0 0 0 0 2 0 0 0 0 0 0 0 0 0 0 0 0 1 0 0 0 0 0 0 0 0 1 0 0 0 0 0 0 0 0 0 0 0 0 0 0 0 0 0 0 0 1 0 0 0 0 1 
0 0 0 0 0 0 1 2 0 1 0 0 0 0 0 0 0 0 0 0 0 0 0 0 0 0 0 0 0 1 1 0 0 0 0 0 0 0 0 0 0 0 0 0 0 1 1 0 0 0 0 0 0 0 0 0 0 0 1 0 0 1 1 0 0 0 0 0 1 0 0 0 0 0 0 0 0 0 0 1 0 0 2 1 0 0 0 1 0 0 0 0 0 0 0 0 1 0 1 0 0 1 0 0 0 0 0 0 0 0 0 0 0 0 0 0 0 0 0 0 0 0 0 0 0 0 0 0 0 0 0 0 2 1 0 0 0 0 0 0 0 0 0 0 0 0 0 0 0 0 0 0 0 1 0 0 0 1 0 1 0 1 0 0 0 0 0 0 0 0 0 0 0 0 0 0 1 1 0 0 0 0 0 0 0 0 0 0 0 1 1 0 0 0 0 0 0 0 0 0 
0 0 0 0 2 0 0 0 0 0 0 0 1 0 0 0 0 0 0 0 0 1 0 2 0 0 0 0 0 0 0 0 0 0 0 0 0 0 0 0 0 0 1 0 1 1 0 0 0 0 0 0 0 1 0 0 0 0 0 0 0 0 0 1 0 0 0 0 0 1 0 0 1 0 0 0 0 0 0 0 0 0 0 0 0 0 0 0 0 0 0 0 2 0 0 0 1 0 0 0 0 0 1 1 0 0 0 1 0 3 0 1 0 0 0 0 1 0 0 0 0 1 0 0 0 2 0 0 0 0 0 0 0 0 1 0 0 0 0 1 1 0 0 0 0 0 0 0 0 0 0 0 0 0 0 0 0 0 0 0 0 0 0 0 0 0 1 0 0 0 0 1 0 0 0 1 0 0 0 0 0 0 0 0 0 0 0 0 0 0 0 0 1 0 0 0 0 0 0 0 
0 0 0 0 0 0 2 0 0 0 0 0 1 0 0 0 0 0 0 0 0 0 2 0 2 0 0 0 1 0 0 0 0 1 0 0 0 1 0 1 1 0 0 0 1 0 0 0 1 0 0 0 1 1 0 0 0 0 0 1 0 0 0 1 0 0 1 0 0 0 1 1 0 0 0 0 0 0 2 0 0 0 0 0 1 0 2 0 0 1 0 0 0 0 0 1 0 0 0 0 0 0 1 1 0 0 1 0 1 0 0 0 1 1 1 0 0 0 0 0 1 0 0 0 1 0 0 0 0 0 0 1 0 0 0 0 1 0 0 0 0 0 0 0 0 0 0 0 0 0 0 0 0 0 0 1 0 0 1 0 2 0 0 0 0 1 0 0 0 0 0 0 1 0 1 0 0 0 0 0 0 1 0 1 0 0 0 0 0 0 0 1 0 1 0 1 1 1 0 0 
0 1 0 0 0 0 0 0 0 0 0 1 0 0 1 0 0 0 0 0 0 0 0 0 0 0 0 0 0 0 0 0 0 0 0 0 0 0 1 1 0 0 0 0 0 1 0 0 0 0 0 0 2 1 1 0 0 1 0 0 0 0 0 0 0 0 0 0 0 2 0 0 0 0 0 0 2 0 0 1 0 0 0 0 0 0 0 0 1 0 0 0 0 0 0 0 0 0 0 0 0 0 0 0 0 0 0 0 0 0 1 0 0 0 0 0 0 0 0 1 0 1 0 0 1 0 0 1 0 0 1 0 1 0 0 0 0 0 0 0 0 1 0 1 0 0 0 0 1 0 1 0 0 0 0 0 0 2 0 0 0 0 0 0 0 0 0 0 0 0 0 1 1 0 1 0 0 0 0 0 1 0 0 0 0 1 0 0 1 0 0 0 0 0 0 0 0 1 0 0 
0 0 0 1 0 0 0 0 0 0 0 0 1 0 1 0 0 0 0 1 1 0 0 0 0 0 1 0 0 0 0 0 0 0 0 0 0 0 0 0 0 0 0 0 0 0 0 0 0 1 0 0 0 0 0 2 1 0 0 0 1 0 0 0 1 1 0 0 2 0 0 1 0 0 0 0 0 0 0 0 0 0 0 0 0 0 0 0 0 0 0 0 0 0 1 0 0 0 0 0 0 0 1 0 1 0 0 0 0 0 0 0 0 1 0 0 0 0 1 0 1 0 1 0 1 1 0 0 0 0 0 0 0 0 0 1 1 0 0 0 1 0 0 0 0 0 0 1 0 0 0 1 0 0 1 1 0 0 0 1 0 1 0 0 0 1 0 0 1 1 0 0 0 1 0 0 0 0 0 0 0 0 0 0 1 1 0 0 1 0 0 0 0 0 0 0 0 0 0 0 
0 0 1 0 0 0 0 1 1 0 0 0 0 0 0 0 0 0 0 0 0 0 0 1 0 0 0 0 0 0 0 0 0 0 2 0 0 0 0 1 0 1 0 0 0 0 0 1 0 0 0 0 0 0 0 0 1 0 0 0 0 0 1 0 0 0 0 1 0 1 0 0 1 0 0 0 0 0 1 0 0 0 0 0 0 0 1 1 0 1 0 0 3 1 1 1 0 0 0 0 0 0 0 1 0 0 0 0 0 0 0 0 0 0 0 0 0 0 0 0 0 0 0 0 1 0 0 0 0 1 0 0 0 0 0 0 0 0 0 1 0 0 0 0 0 0 0 0 1 0 1 0 0 0 0 0 1 1 0 0 0 0 0 0 0 2 0 0 0 0 0 0 0 0 1 0 0 0 0 0 0 1 0 0 0 0 0 0 0 1 0 0 0 0 0 0 0 2 1 0 
0 0 0 0 0 1 0 0 0 2 0 0 0 0 1 0 0 0 0 0 0 1 1 0 1 0 0 0 1 0 0 0 0 0 0 0 0 0 0 0 0 0 0 0 0 1 0 0 0 0 0 0 0 0 0 0 0 1 0 0 0 0 0 0 1 0 0 0 0 0 0 0 0 0 0 0 0 0 0 0 0 0 0 0 0 0 1 0 0 0 0 0 0 0 0 0 0 1 0 0 1 0 0 1 0 0 0 3 0 0 0 1 0 0 0 0 0 0 0 0 2 0 0 0 0 0 0 0 0 1 0 0 1 1 0 0 0 0 0 0 0 0 0 0 0 0 0 0 0 0 0 0 0 0 0 0 0 0 1 0 0 0 0 0 0 0 0 0 0 0 1 0 0 0 0 0 0 0 0 0 0 0 1 1 0 0 1 0 0 0 0 0 0 0 0 0 2 0 0 0 
0 0 0 0 0 0 0 1 0 0 1 1 0 0 0 0 0 0 0 0 0 0 1 1 0 0 0 0 0 0 0 0 0 0 0 0 0 2 0 0 1 1 0 0 0 0 1 0 1 0 0 0 0 0 0 0 0 0 0 1 0 0 0 0 0 0 0 0 0 0 0 0 1 0 0 0 1 0 0 0 0 0 1 0 0 0 1 0 0 0 0 0 1 1 0 0 0 1 0 0 0 0 0 0 0 0 0 1 0 0 0 0 0 0 0 1 1 0 0 1 0 0 2 0 0 0 0 0 0 0 0 0 0 1 0 0 0 0 0 0 1 1 0 1 0 0 0 0 0 0 0 2 1 1 1 0 0 0 1 0 0 0 1 0 0 1 1 0 0 0 0 1 0 0 0 0 1 0 0 0 0 0 0 0 0 0 0 1 0 0 0 0 0 0 0 0 0 0 0 0 
1 1 0 0 0 1 0 0 1 0 0 1 0 0 0 0 1 1 0 0 0 0 0 0 0 0 0 0 0 1 0 0 0 0 0 0 0 1 0 0 0 2 0 0 0 0 0 0 0 0 0 0 0 0 0 0 0 0 1 0 0 1 0 0 0 0 0 0 0 0 1 0 0 0 0 0 0 1 0 0 0 0 1 0 0 0 0 0 1 0 0 0 0 0 0 0 1 0 0 0 0 0 0 0 0 0 0 0 0 1 0 1 0 0 1 1 0 0 0 0 0 0 0 0 0 0 0 0 1 1 0 0 0 0 0 0 1 0 0 0 1 0 0 0 0 0 0 0 0 0 0 0 0 0 0 1 1 0 1 0 0 0 0 0 0 0 0 0 0 0 0 0 0 1 0 1 0 1 0 0 0 0 1 0 0 0 0 0 0 0 0 0 0 0 0 0 0 1 0 0 
0 1 0 0 0 0 0 0 1 0 0 0 0 0 1 0 0 0 0 0 0 0 0 1 0 0 0 1 0 0 0 0 0 0 0 0 0 0 0 0 0 0 0 0 0 1 0 1 0 0 0 1 0 1 0 1 0 0 0 0 0 0 0 0 0 0 0 0 0 0 0 1 0 0 1 0 0 0 2 0 0 0 1 0 0 0 0 0 0 0 0 0 0 0 0 0 1 1 0 0 0 0 1 0 0 0 0 0 1 0 0 0 0 0 0 0 0 0 1 0 0 0 0 0 0 0 0 1 1 0 0 0 1 0 0 0 0 0 1 0 0 0 0 0 0 0 1 0 0 0 0 0 0 0 0 1 0 1 0 1 0 0 0 0 0 0 0 0 1 0 1 0 1 0 0 0 0 0 0 0 0 0 0 0 0 1 0 0 0 0 0 0 0 0 0 0 0 0 0 0 
0 0 0 0 1 0 0 1 0 0 0 0 0 0 0 0 0 1 0 0 1 0 0 0 0 0 0 0 0 0 0 1 0 0 0 0 0 1 0 0 0 0 0 0 0 0 0 0 1 0 1 0 0 0 0 0 0 1 2 1 0 0 0 0 0 0 0 0 0 0 0 0 0 0 0 0 0 0 0 0 0 0 1 1 1 0 0 0 0 1 2 0 0 1 0 0 0 0 0 0 0 0 1 0 0 0 0 0 0 0 0 1 0 0 0 1 0 0 0 0 0 0 0 0 0 0 0 1 0 0 2 0 1 2 0 0 0 0 0 0 0 0 1 1 0 0 0 0 0 0 0 0 0 0 0 0 0 0 0 0 1 0 0 1 1 0 0 1 0 0 2 0 0 0 0 0 1 0 0 0 0 0 0 0 0 0 0 0 0 0 0 0 0 0 0 2 0 0 1 0 
0 0 0 1 0 0 0 0 0 0 0 0 0 0 0 0 1 1 0 0 1 0 0 0 0 0 0 0 0 0 1 0 0 0 1 0 0 1 1 0 1 1 0 0 1 0 0 0 1 0 0 0 0 1 0 0 0 0 0 0 0 0 1 0 0 0 0 1 0 0 0 0 0 0 0 0 0 0 1 0 0 0 0 0 0 0 0 0 0 0 0 0 0 0 0 1 0 0 0 0 0 0 0 0 0 0 0 0 0 1 0 0 0 0 0 0 0 0 0 0 0 0 0 0 0 0 0 0 1 1 0 0 0 0 0 1 1 0 0 0 0 1 0 0 0 0 0 0 0 0 0 0 0 0 0 0 1 0 0 1 0 0 0 1 1 1 0 0 0 0 0 0 0 1 1 0 0 0 0 0 0 0 0 0 1 0 0 0 0 0 0 1 0 0 0 0 0 1 0 0 
0 0 0 0 0 0 1 0 0 0 0 0 0 0 0 0 0 1 0 0 0 0 0 0 0 1 0 0 0 0 0 0 1 0 0 0 0 0 0 0 0 1 0 0 0 1 0 0 1 0 0 0 0 0 1 1 0 0 0 0 1 0 0 2 2 0 0 0 0 0 0 0 0 1 0 0 0 0 0 0 0 1 0 0 0 0 0 0 0 0 0 0 0 1 2 0 0 0 0 0 0 0 2 0 0 0 0 0 0 0 1 0 0 0 0 0 0 0 0 0 0 0 0 0 0 0 0 0 1 0 0 0 0 0 0 0 0 0 0 0 0 0 0 0 0 0 0 0 0 0 2 0 0 0 0 0 1 1 0 1 0 0 0 0 0 0 0 0 0 0 0 0 0 1 0 0 0 0 0 0 0 0 0 0 0 0 0 1 0 0 0 0 1 1 0 0 1 0 0 0 
0 0 0 1 0 2 0 0 0 0 0 0 0 0 0 1 0 1 0 0 0 0 1 0 0 0 0 0 0 1 1 0 0 0 0 0 0 1 1 1 0 0 0 0 0 0 0 0 1 0 0 0 0 0 0 0 0 0 0 0 0 2 0 0 0 0 0 0 0 0 0 0 0 1 1 0 0 0 0 0 1 1 0 0 0 1 0 0 0 0 0 0 0 0 0 0 0 0 0 0 0 0 0 1 1 0 1 0 0 0 0 0 0 0 0 0 1 0 0 0 0 0 0 0 0 0 0 0 0 1 1 1 1 0 0 0 0 0 1 0 0 0 0 0 0 0 0 1 0 0 0 0 0 0 1 0 0 0 0 0 0 1 0 0 0 0 1 0 0 0 0 0 1 1 0 0 0 0 1 0 0 0 0 0 0 0 0 0 0 1 0 0 0 1 0 0 0 0 0 0 
2 0 0 0 1 0 0 0 1 0 0 0 0 0 0 1 0 0 0 2 0 0 0 0 0 0 0 0 0 0 0 0 1 0 0 0 0 0 0 0 0 0 1 0 1 0 0 0 0 0 0 0 0 0 1 1 0 0 0 0 0 0 0 0 0 0 0 0 0 0 0 0 0 0 1 0 1 0 0 0 0 0 1 0 1 0 0 0 0 1 0 0 0 0 0 0 0 1 0 1 0 0 0 0 0 1 0 0 0 0 1 0 0 1 1 0 0 0 0 0 0 1 0 1 0 2 0 0 0 0 0 0 1 0 0 0 0 0 0 0 0 1 1 0 0 0 1 0 0 0 0 1 0 0 0 0 0 0 0 1 1 0 0 0 0 0 0 0 0 0 0 1 0 1 0 1 0 0 0 0 0 0 1 0 0 0 0 0 0 0 0 0 0 0 0 1 1 0 0 1 
0 0 0 0 0 1 0 0 0 0 0 0 0 0 0 0 0 0 0 0 0 0 0 0 0 0 0 0 0 1 0 1 0 1 0 1 1 0 1 0 0 0 0 0 0 0 1 1 0 0 0 0 0 0 0 0 0 0 1 0 0 0 0 0 0 0 1 0 0 1 1 1 0 0 0 0 0 0 0 0 0 0 0 0 0 0 0 0 1 0 0 0 0 0 0 0 0 0 0 0 0 0 0 1 0 1 0 0 0 0 0 0 0 0 0 0 0 0 0 0 0 0 2 0 1 0 0 0 0 0 0 0 0 0 0 0 0 1 0 1 0 0 0 1 1 0 0 1 1 0 1 1 0 0 0 0 0 0 1 0 0 0 0 0 0 0 0 0 0 0 0 0 0 1 0 0 1 0 1 0 0 0 0 0 0 0 0 0 0 0 0 0 1 0 0 1 0 0 0 1 
0 0 0 0 0 1 0 0 0 0 0 0 0 0 0 0 0 0 0 1 0 0 0 0 1 0 0 0 0 0 1 0 1 0 0 1 0 0 0 2 0 0 1 0 0 2 0 0 0 0 0 0 0 0 0 0 0 0 0 0 0 0 0 0 0 0 1 0 0 1 0 0 0 0 0 0 0 0 0 0 0 0 0 0 0 0 1 0 0 1 0 0 0 0 1 1 0 0 0 0 0 0 0 1 0 1 0 0 0 0 0 1 0 0 0 0 0 0 0 0 1 1 0 0 0 0 0 1 1 0 0 0 0 0 0 0 0 0 0 0 0 0 0 0 0 0 0 0 0 0 0 0 1 0 0 1 1 0 0 1 0 0 0 0 0 0 0 1 0 0 0 0 0 1 0 0 1 0 0 0 1 0 0 0 0 0 0 0 0 1 1 0 0 0 0 0 1 0 0 0 
0 0 0 0 0 0 0 0 0 0 0 1 0 1 0 0 1 0 0 0 0 1 0 0 3 0 0 0 0 0 0 1 0 1 0 0 0 0 0 0 1 0 0 0 0 0 0 2 0 1 1 0 0 1 0 0 0 0 0 0 0 0 0 0 0 0 0 0 0 0 0 0 0 0 0 0 0 0 0 0 0 0 0 0 0 0 0 0 0 0 0 0 0 0 0 0 0 0 0 0 0 1 0 0 2 0 0 0 0 0 0 0 1 2 0 0 0 0 0 1 0 0 0 0 0 0 1 0 0 0 1 0 1 0 0 0 0 1 0 0 0 0 0 1 0 0 1 0 0 0 0 1 0 0 0 0 0 0 1 0 0 0 0 1 1 0 0 0 0 0 0 0 1 1 0 0 0 0 1 1 1 0 1 0 0 0 1 0 0 0 0 0 1 0 0 2 1 0 1 0 
0 0 1 0 0 0 1 1 0 0 1 1 0 0 0 0 0 0 0 1 0 0 0 0 0 0 1 0 0 0 0 0 0 1 0 0 0 0 1 0 0 0 1 0 1 0 0 0 0 0 1 0 0 0 0 0 0 0 0 1 0 0 0 0 0 1 0 0 1 0 0 0 0 0 0 0 0 0 0 1 0 0 0 0 0 0 2 1 0 0 0 0 0 0 1 0 0 0 0 0 0 0 0 1 0 1 0 0 1 0 0 1 0 0 1 0 0 1 0 2 0 0 0 0 0 0 0 0 0 0 0 0 0 0 0 0 0 0 0 0 0 2 0 0 0 0 0 0 0 0 2 0 0 0 0 0 0 0 0 1 0 1 0 0 0 0 0 0 0 0 0 1 1 0 0 0 0 0 1 0 0 0 0 1 0 0 0 0 1 0 0 1 0 0 0 0 0 0 1 0 
1 0 1 0 0 0 0 0 0 0 0 0 0 0 1 0 0 1 0 1 1 0 0 0 1 0 0 1 1 1 1 0 0 0 1 0 0 0 0 1 1 1 0 1 1 1 1 0 0 0 0 1 0 0 2 1 0 0 1 0 0 0 0 0 0 0 0 1 0 0 0 0 0 0 0 0 1 0 0 1 1 0 0 0 0 0 0 0 1 0 0 0 1 0 1 0 0 0 0 0 0 0 0 0 1 1 0 0 0 1 0 0 0 0 0 0 1 0 0 0 0 0 0 0 1 0 0 0 0 1 0 0 0 2 0 0 0 0 0 0 0 0 2 0 0 0 0 0 0 0 0 0 0 0 0 0 0 0 0 1 0 0 0 0 1 0 0 0 0 1 0 0 0 0 1 0 1 0 0 0 0 0 0 0 0 1 1 0 0 1 0 0 0 1 0 0 1 0 0 0 
0 0 0 0 0 0 0 0 0 0 0 0 0 0 0 0 0 0 0 1 0 1 0 0 0 0 0 0 0 1 1 0 0 0 0 0 0 0 0 0 0 0 0 0 0 0 0 0 0 1 0 1 1 0 0 0 0 0 1 0 0 0 0 0 0 0 0 1 0 1 0 1 0 0 0 0 0 0 0 0 0 0 0 1 1 1 0 2 0 0 0 0 0 0 0 1 0 0 0 0 0 0 0 0 0 0 0 0 0 0 0 0 0 0 0 0 0 0 1 0 1 0 0 0 0 0 0 0 0 0 0 0 0 0 0 0 2 1 0 1 1 0 0 0 0 1 0 2 0 0 0 0 0 0 0 0 0 0 1 1 0 0 0 0 0 0 0 1 0 0 0 0 0 0 0 0 0 0 0 0 1 0 1 2 1 0 0 0 0 1 0 0 0 0 0 0 0 0 0 0 
1 2 0 0 0 0 0 0 0 2 0 0 1 0 0 0 0 0 0 0 0 0 0 0 0 1 0 0 1 0 0 0 0 0 0 0 0 0 0 0 0 0 1 0 0 1 0 0 0 0 1 0 0 0 0 0 0 0 1 0 0 0 0 0 1 0 0 0 0 0 0 0 0 0 0 0 0 0 0 0 0 0 0 0 0 0 1 0 0 0 0 0 0 0 1 0 0 0 0 0 0 0 0 0 1 0 0 0 1 3 0 0 0 0 0 0 0 1 0 0 0 0 1 0 0 0 0 0 0 1 0 0 1 0 0 0 0 0 0 0 0 0 0 0 0 0 0 0 0 0 2 0 0 0 2 0 0 0 0 0 0 0 0 0 0 0 0 0 0 0 0 0 0 0 0 0 0 0 0 0 0 2 0 0 0 0 0 0 0 0 1 0 0 0 1 0 0 1 2 0 
0 0 0 0 0 0 0 0 0 0 0 0 0 0 0 1 0 0 0 0 0 1 0 1 0 0 0 1 0 0 0 0 0 0 0 0 0 0 0 1 1 0 0 0 0 1 0 0 0 0 0 0 0 0 0 0 0 0 0 0 0 1 0 0 0 0 0 1 0 0 0 0 0 0 0 0 0 1 0 0 0 0 0 0 0 0 0 0 0 0 1 0 0 1 1 0 0 0 0 0 1 0 0 2 0 0 0 0 0 0 0 1 0 0 0 0 0 0 0 0 1 0 0 0 0 0 0 0 0 0 0 0 0 0 0 0 0 0 0 1 0 0 0 0 0 0 0 0 0 0 0 0 0 0 0 0 0 1 0 1 1 0 0 0 0 0 2 0 0 1 0 0 0 0 1 0 0 0 0 0 0 0 0 1 0 0 0 2 0 0 0 0 0 0 0 0 0 0 0 0 
0 0 0 0 0 0 0 0 0 0 1 0 0 1 0 0 0 0 0 0 0 0 0 0 1 1 0 1 0 1 0 0 0 0 0 0 0 0 0 0 0 0 0 0 1 0 0 1 0 0 1 1 0 0 0 0 0 0 1 0 0 0 0 0 0 0 1 0 0 0 0 0 0 0 0 0 1 0 0 0 0 1 1 0 0 0 0 0 0 0 0 0 0 1 0 0 0 1 0 0 0 0 0 0 0 0 0 0 0 0 1 0 0 0 0 2 0 0 1 1 1 0 0 0 0 0 1 0 0 0 0 0 0 0 1 0 1 0 0 0 0 0 1 1 0 0 0 0 0 0 0 0 0 0 1 0 0 1 1 0 0 0 1 1 0 0 1 2 2 1 1 1 1 0 3 1 0 0 0 1 0 0 0 0 0 0 0 1 1 0 0 0 0 0 0 0 0 0 0 0 
0 2 0 0 0 0 0 0 0 0 1 2 1 2 0 0 0 0 0 0 0 0 0 0 0 0 0 0 0 0 0 0 0 0 0 0 0 0 1 0 0 0 0 0 0 0 0 0 0 0 0 1 0 0 0 0 0 0 0 1 0 0 0 0 0 0 0 0 0 0 1 0 0 0 0 0 0 0 0 0 0 0 0 0 1 0 0 0 0 0 0 0 0 0 0 0 0 0 1 0 0 0 0 0 0 0 0 0 0 0 0 2 0 0 1 0 0 0 1 1 0 0 0 0 0 0 1 0 0 0 0 0 0 0 0 0 1 0 0 0 0 0 1 1 0 1 0 0 0 0 0 0 1 0 0 1 0 0 0 0 0 1 0 1 0 0 0 0 0 0 0 1 1 0 0 0 0 0 0 0 0 0 0 0 0 1 0 2 0 0 0 0 1 0 0 0 1 0 0 0 
0 0 0 0 0 1 0 0 1 0 0 0 0 0 1 0 0 0 1 1 2 0 0 0 0 0 0 0 1 1 0 0 1 1 0 0 1 0 0 0 0 1 0 0 0 0 0 1 0 0 1 0 0 1 1 0 1 1 0 0 0 0 0 1 0 0 0 0 0 0 0 0 0 0 0 0 0 0 0 0 0 0 0 0 0 0 0 1 1 0 0 1 1 0 0 0 0 0 0 1 1 0 0 0 0 0 0 0 0 0 0 0 0 0 0 0 1 0 0 0 0 0 0 0 0 0 0 0 1 0 0 0 0 0 0 0 1 1 0 0 0 0 0 0 0 0 0 1 1 0 0 0 0 0 1 0 0 1 0 0 0 0 0 0 1 0 0 0 0 0 0 0 1 0 0 0 0 1 1 0 0 0 0 0 0 0 0 0 1 0 0 0 0 0 0 0 0 0 0 0 
0 0 2 0 0 0 0 0 1 0 0 0 0 0 0 0 0 1 0 1 1 0 0 0 0 0 0 0 0 0 0 0 0 0 0 0 0 0 0 0 0 0 0 1 0 1 0 2 0 0 0 0 0 0 1 0 0 1 0 0 1 0 0 0 1 0 0 0 0 0 0 0 0 0 0 1 0 0 0 0 0 0 0 0 0 1 0 0 0 0 0 0 0 0 0 1 0 0 0 0 1 0 0 1 0 0 0 0 0 0 1 0 0 0 0 0 0 0 0 1 0 0 0 1 0 0 0 2 0 0 0 0 0 0 0 0 0 0 0 0 0 0 0 0 0 1 0 0 1 0 0 0 0 0 0 1 0 0 2 0 0 0 0 0 0 0 0 0 0 0 0 0 0 0 1 2 0 0 0 0 0 0 0 0 1 0 0 0 0 0 0 0 1 0 0 0 1 0 0 0 
1 0 0 0 1 0 0 0 1 0 0 1 0 1 0 0 0 0 0 0 1 0 1 0 0 0 0 0 1 0 1 0 2 0 1 0 0 1 0 0 0 0 0 0 0 0 0 0 0 1 1 0 0 1 0 0 0 0 0 0 0 1 0 0 0 0 0 0 0 1 0 1 0 0 1 0 0 0 0 0 1 0 0 0 0 0 1 0 0 1 0 0 2 0 0 0 0 0 0 0 0 0 0 1 0 0 0 0 0 0 0 0 0 0 0 0 1 0 1 0 0 0 0 1 0 0 0 0 0 0 1 0 0 0 0 0 0 0 0 0 0 1 1 0 0 0 0 0 1 0 0 1 0 0 0 1 1 0 0 1 0 0 0 0 0 0 0 1 1 0 0 0 0 0 0 1 0 0 0 0 0 0 0 0 0 0 0 0 0 0 0 0 0 0 0 0 0 0 0 0 
0 0 0 1 0 0 1 0 0 0 0 0 0 1 0 0 1 0 0 1 0 0 1 1 0 0 0 0 0 0 0 0 0 0 1 0 0 0 0 1 1 0 0 0 0 1 0 0 1 0 0 0 0 0 0 0 0 0 1 1 0 0 0 1 0 0 3 0 0 0 0 0 2 0 1 0 0 1 1 1 0 0 0 0 0 0 0 0 0 0 0 0 0 0 0 0 0 0 0 1 0 1 0 0 0 0 0 0 0 0 0 0 0 0 1 0 0 1 0 0 0 0 1 0 0 1 0 0 0 0 0 0 0 0 1 0 0 1 0 0 1 0 0 0 0 0 0 0 1 0 0 0 1 0 0 0 1 0 0 0 0 0 0 0 1 0 0 0 0 0 0 0 0 0 0 0 0 1 0 0 0 0 1 0 0 0 0 0 0 0 0 0 0 0 0 1 0 1 0 0 
1 0 1 0 0 0 0 0 0 1 0 0 0 0 0 0 0 0 0 1 0 1 0 0 0 0 0 0 0 1 0 0 0 1 0 0 1 0 1 0 1 0 0 0 0 0 0 0 0 0 0 0 0 0 0 0 0 1 0 0 0 0 0 1 0 0 1 1 0 1 0 1 0 0 0 1 0 1 0 0 0 0 0 0 0 0 0 1 0 0 0 1 0 1 0 0 1 0 1 0 1 1 0 0 0 0 1 0 0 0 0 0 0 0 0 0 0 0 0 1 0 0 0 0 1 0 0 0 0 0 0 0 0 1 0 0 0 0 0 0 0 0 0 1 0 0 0 0 0 0 1 1 0 1 1 0 0 0 1 0 0 0 0 0 0 0 0 0 1 0 0 0 0 0 0 0 0 0 0 0 0 2 0 0 0 0 0 0 0 0 0 0 1 1 0 0 0 0 0 0 
0 0 0 2 0 0 0 0 1 0 0 0 0 0 1 0 0 0 0 0 0 1 0 0 0 0 0 0 0 0 1 0 0 1 0 0 0 0 1 0 1 0 0 0 0 0 0 0 0 0 0 0 0 0 0 0 0 0 0 0 1 1 0 0 1 0 0 0 1 0 1 1 0 0 0 0 0 0 1 0 0 0 1 0 1 0 1 1 1 0 0 0 0 0 0 0 1 0 0 0 0 1 1 0 0 0 0 0 0 0 0 0 0 0 0 0 0 0 0 0 0 0 0 0 0 0 0 0 0 0 0 0 0 1 0 0 1 0 0 0 0 1 0 0 0 0 1 0 0 0 1 1 0 0 0 0 0 1 0 0 1 0 0 2 0 1 1 0 1 0 0 0 0 0 1 0 0 1 0 0 0 0 0 0 0 0 0 0 0 0 0 0 0 0 0 0 0 0 0 0 
0 0 0 0 0 0 1 0 0 0 0 0 0 1 0 0 0 0 0 0 0 0 0 0 0 0 0 0 0 0 1 0 0 0 0 0 1 0 0 0 0 0 0 0 0 0 0 0 1 0 0 0 0 0 2 0 0 0 0 0 1 0 0 0 0 0 2 0 0 0 0 0 0 0 0 0 0 0 0 0 0 0 0 1 0 0 0 0 0 0 0 0 0 0 0 0 1 0 1 0 0 0 0 0 0 0 0 0 0 0 0 0 0 0 0 0 0 0 0 0 0 0 0 1 0 0 0 0 0 0 0 0 0 1 0 0 0 1 0 0 0 0 0 0 0 0 0 1 0 0 0 1 0 0 1 0 0 0 0 0 0 0 1 1 0 1 0 1 0 1 0 0 0 0 0 0 0 0 0 1 0 0 0 0 0 0 1 1 1 0 0 0 0 1 0 0 0 0 0 0 
0 0 0 0 0 0 1 0 0 0 0 0 1 0 0 0 0 1 0 2 0 1 0 0 1 0 0 0 0 0 0 1 1 0 0 0 0 0 1 0 0 0 0 0 0 1 0 0 0 0 0 0 1 0 0 1 0 0 1 0 0 0 0 0 1 0 0 0 0 0 1 0 0 0 0 0 0 0 0 0 0 0 0 0 0 0 0 0 0 0 0 0 0 0 0 0 0 0 0 0 0 0 0 0 0 0 0 0 0 0 0 0 0 0 0 0 0 0 0 1 0 0 0 0 0 0 0 1 0 0 0 0 0 1 0 0 0 0 0 0 0 0 0 0 0 0 0 1 1 0 0 0 0 0 0 1 0 0 0 0 1 0 0 0 0 0 1 2 0 0 0 0 1 0 0 0 0 2 0 0 0 1 0 0 0 0 0 0 0 0 1 0 0 0 0 0 0 0 0 0 
0 1 0 0 0 0 0 0 0 0 0 0 0 0 0 0 0 0 1 0 1 1 1 2 0 0 0 0 1 0 0 0 1 0 0 1 1 0 0 0 1 0 0 0 0 0 0 0 1 0 1 0 0 0 1 0 0 0 0 0 0 0 2 0 2 0 0 0 0 0 1 0 0 0 0 0 0 0 0 0 0 0 0 0 0 0 0 0 0 0 0 0 0 0 1 0 0 0 0 0 1 0 1 0 0 0 0 0 0 0 1 1 0 0 1 0 0 0 0 0 0 0 0 0 0 0 0 0 0 0 0 0 0 0 0 1 0 0 0 0 0 0 0 0 0 0 0 1 0 0 1 0 0 0 0 0 0 0 0 0 0 0 1 0 0 1 0 0 1 0 0 1 0 0 0 2 0 0 0 0 1 0 0 0 0 0 0 0 0 0 0 0 0 0 0 0 0 0 0 0 
0 0 0 0 0 0 1 0 0 0 0 1 0 0 0 0 0 1 0 0 0 0 0 0 1 1 0 0 0 0 1 0 0 0 2 1 0 0 1 0 0 1 1 0 0 0 0 1 0 0 1 1 0 0 0 0 1 0 0 1 0 0 0 0 0 0 1 0 0 0 0 0 0 1 0 0 0 0 0 0 0 0 0 0 1 0 0 2 1 0 0 0 0 1 0 0 0 0 0 0 0 0 0 1 0 0 0 0 0 0 1 1 0 2 0 0 1 1 1 0 0 0 1 0 1 0 0 0 0 1 0 0 0 0 0 0 2 0 0 1 0 0 0 0 0 1 2 0 0 0 0 0 0 0 1 1 0 0 0 0 0 0 0 0 1 0 0 0 0 0 0 1 1 0 0 0 1 0 0 0 0 0 0 0 0 0 0 0 0 0 0 0 0 0 1 0 0 0 1 0 
0 0 0 0 0 0 0 0 0 1 1 0 1 0 0 0 0 0 0 0 0 0 0 0 0 0 1 0 0 0 0 1 0 0 0 0 0 0 0 1 0 0 0 0 0 0 0 0 0 0 0 0 2 1 0 1 0 0 1 0 0 0 0 2 0 1 0 0 0 0 0 0 0 0 0 0 0 0 1 0 0 0 0 1 0 0 0 0 1 1 0 0 0 0 1 0 1 0 0 1 0 0 0 0 0 1 0 1 0 0 1 0 0 0 0 1 0 0 0 0 0 0 0 0 0 0 0 0 0 1 0 0 0 0 0 0 1 1 0 0 0 0 0 1 1 0 0 0 1 0 0 0 0 0 0 1 0 0 0 0 0 0 0 0 0 1 0 0 0 0 0 0 1 0 0 0 0 0 1 0 0 0 1 0 0 0 0 0 0 0 0 0 0 0 0 0 0 0 0 0 
0 0 0 1 0 0 0 1 0 0 0 0 0 1 0 1 1 0 0 0 0 0 2 0 0 0 0 0 1 0 0 0 0 0 0 0 0 0 0 0 0 0 0 0 0 0 1 0 0 0 1 1 0 0 0 0 0 0 0 0 0 0 1 1 0 0 1 0 0 0 0 0 1 0 0 2 0 0 0 0 0 0 0 0 0 0 2 0 0 0 0 0 0 0 0 0 0 0 0 0 0 1 0 0 0 0 0 1 0 0 0 0 0 0 0 0 0 1 1 0 0 1 0 1 0 0 0 0 1 0 0 1 0 1 1 0 0 1 0 0 0 0 0 0 0 0 0 1 0 0 0 0 0 0 0 0 1 0 0 0 1 0 0 0 0 0 0 0 0 2 1 0 0 2 0 0 0 0 0 0 0 0 0 0 1 0 0 0 0 0 0 0 0 0 0 0 1 0 0 0 
1 0 0 0 0 0 0 0 0 0 0 0 0 0 0 0 0 0 1 1 0 0 0 1 0 0 0 0 0 0 0 0 0 0 0 0 0 0 0 0 0 1 0 0 0 0 0 0 1 0 0 0 1 0 0 0 0 1 1 0 0 1 0 0 0 0 0 0 0 0 0 1 0 0 0 1 0 0 0 0 0 0 0 0 0 0 0 0 1 0 0 0 0 1 1 0 0 1 0 0 0 0 0 0 0 0 1 0 0 0 0 0 0 0 1 0 0 0 1 1 1 0 0 0 0 1 0 1 0 0 0 0 0 0 0 0 0 0 0 0 2 1 0 1 0 0 0 0 0 0 0 0 0 0 0 0 0 0 0 0 2 0 0 0 0 1 0 0 0 0 0 0 0 0 0 1 0 0 0 0 0 0 1 1 0 0 0 0 0 0 0 0 0 0 0 0 0 0 0 0 
0 0 0 0 0 0 2 0 0 1 0 0 0 0 0 0 0 0 0 0 0 0 0 0 0 0 0 0 0 0 0 0 0 0 0 0 0 0 1 0 0 1 0 0 0 0 0 1 0 0 0 0 0 1 0 1 0 0 0 1 0 3 1 0 0 2 0 0 1 0 0 0 0 0 0 1 0 0 0 0 0 0 0 0 1 1 0 1 0 0 0 0 1 0 1 1 0 0 0 0 0 0 0 0 0 0 1 0 0 0 0 0 0 0 1 0 0 0 0 0 0 0 0 0 0 0 0 0 0 0 0 0 1 0 1 1 0 0 0 0 0 0 0 1 0 1 0 0 0 0 0 0 1 1 0 2 0 0 0 0 0 1 0 0 0 0 0 0 0 1 1 0 0 0 0 0 0 0 0 0 0 0 1 1 0 0 0 0 0 0 0 0 0 0 0 0 0 2 1 0 
0 1 1 0 0 1 0 0 0 0 0 0 0 1 0 1 0 0 0 1 0 0 0 0 1 0 0 0 0 0 0 1 1 0 0 0 0 0 0 1 0 0 0 0 0 0 0 0 0 1 0 1 0 0 1 0 0 0 0 0 0 0 0 0 0 0 0 0 0 0 0 0 0 0 0 0 2 1 0 0 0 0 0 0 0 1 0 0 0 0 0 0 0 0 0 0 0 2 0 0 0 0 0 0 0 0 0 0 1 1 0 0 0 0 0 0 0 1 0 1 0 0 1 0 1 1 0 0 0 0 0 0 0 0 0 1 0 0 0 0 1 0 0 0 0 0 0 1 0 0 0 1 0 0 0 0 0 0 0 2 0 0 0 0 0 0 0 0 0 0 1 0 1 0 0 0 0 0 0 1 1 0 0 0 0 1 1 1 0 0 0 0 0 0 1 0 0 0 1 1 
0 0 0 0 0 0 0 0 0 0 0 1 0 0 0 0 0 0 0 0 0 0 0 0 1 0 1 1 0 0 0 0 0 0 1 1 0 0 0 1 0 0 0 0 0 0 0 0 0 0 0 0 0 0 0 0 0 0 0 0 0 1 1 0 1 0 1 1 0 0 0 0 0 0 0 0 0 0 0 0 0 0 0 0 0 0 0 0 0 0 0 1 0 0 1 0 0 0 0 1 0 0 0 0 1 1 0 0 0 0 1 0 0 0 0 0 0 1 0 0 0 1 0 0 0 0 0 0 0 0 0 1 1 0 0 0 0 0 0 2 1 0 0 0 0 0 0 1 0 0 0 0 0 1 0 0 0 0 0 0 0 0 0 0 0 0 0 0 0 0 0 0 0 0 0 0 1 0 1 0 0 1 1 0 0 0 0 0 0 0 1 0 0 0 1 2 0 0 0 0 
0 0 0 0 0 0 0 0 1 0 0 0 0 0 1 0 0 0 0 0 1 0 0 0 0 0 0 0 0 0 0 1 0 0 0 0 1 0 0 0 0 0 0 0 0 0 0 0 1 0 0 0 0 0 0 0 0 0 0 0 0 0 1 1 0 0 0 0 1 0 0 0 0 0 0 0 0 0 0 0 0 1 0 0 0 0 0 0 0 0 0 0 0 0 0 0 0 0 1 0 0 0 0 0 0 0 0 0 0 0 0 0 0 0 2 0 0 0 0 0 0 0 0 0 0 0 0 0 1 0 1 0 0 0 0 0 1 1 0 0 0 0 0 0 0 0 0 1 0 0 1 0 0 0 0 0 1 0 0 0 0 0 0 0 1 0 0 0 0 0 0 0 0 0 0 0 1 0 0 0 0 0 1 0 0 0 0 1 0 0 0 0 1 1 0 0 0 0 0 0 
1 1 0 0 0 0 0 0 0 1 0 0 0 0 0 0 1 0 0 0 0 0 0 1 0 0 0 0 0 0 0 0 1 0 0 0 0 1 0 0 1 0 0 0 0 1 1 0 1 0 0 0 1 0 0 0 0 0 0 0 0 0 0 0 0 0 1 0 0 0 0 0 0 0 0 0 0 0 0 0 0 1 0 0 0 0 0 0 0 0 0 0 0 0 0 1 1 0 0 1 0 0 0 0 0 0 0 1 1 0 0 2 0 0 0 0 1 0 0 0 1 0 0 0 0 0 1 0 0 0 0 0 0 0 0 0 0 0 1 0 0 0 0 0 0 0 0 0 0 0 0 0 0 0 1 0 0 0 0 0 0 0 0 0 0 1 0 0 0 0 0 0 2 0 0 0 1 0 0 1 0 0 0 0 0 0 1 1 0 0 1 0 0 0 0 0 1 0 0 0 
1 0 0 1 2 0 0 0 1 0 0 0 0 1 0 0 0 0 1 1 0 0 0 0 0 0 0 0 0 1 0 1 0 0 0 0 0 0 0 0 0 1 0 0 0 0 0 0 0 0 1 0 1 0 0 1 0 0 0 0 0 0 0 0 0 1 1 1 1 0 0 0 0 0 0 0 0 0 0 0 0 0 1 0 0 1 0 0 0 0 0 0 0 0 0 0 0 0 0 0 0 0 0 0 1 0 0 0 1 0 0 1 0 0 0 1 0 0 0 0 0 0 1 0 0 0 0 0 1 1 1 0 0 0 0 0 0 1 0 0 0 0 0 0 0 0 0 0 0 1 0 0 0 0 0 1 0 1 0 0 0 0 1 0 0 1 0 0 1 0 0 0 0 0 0 0 0 0 0 0 0 0 0 0 0 0 0 0 0 1 0 0 1 0 0 0 0 0 0 0 
0 0 0 0 0 0 1 0 0 0 0 0 0 0 0 0 0 0 1 0 0 0 0 0 0 0 0 0 0 0 1 0 2 0 0 0 0 0 1 0 0 0 0 0 0 1 0 0 0 1 0 0 0 0 0 0 0 0 0 0 0 0 0 0 0 0 0 0 0 0 1 0 0 0 0 0 1 0 0 0 0 0 0 0 0 0 0 0 0 1 0 0 0 1 0 0 0 0 0 0 0 1 0 0 1 0 0 0 0 0 0 0 0 0 0 0 0 0 0 0 0 0 0 0 0 0 0 0 0 0 0 1 0 1 0 0 0 0 0 0 0 0 0 0 0 1 0 0 1 0 0 0 1 0 0 0 0 0 0 0 0 0 0 0 1 0 0 1 0 2 0 1 0 1 1 0 0 0 0 0 1 0 1 0 0 0 0 0 0 0 0 0 2 0 0 0 0 1 0 0 
0 0 0 0 0 0 0 0 0 0 0 0 0 1 0 0 0 0 0 0 0 0 0 0 0 0 0 2 0 1 1 0 0 1 0 0 0 1 0 0 0 1 0 0 1 0 0 0 0 1 1 0 0 0 0 0 0 0 0 0 1 0 0 0 1 0 0 0 1 1 0 0 0 0 1 0 0 0 0 0 0 1 0 0 0 0 0 0 0 0 0 0 0 0 0 0 0 0 0 0 0 0 0 0 1 0 0 0 0 0 0 1 0 0 0 1 0 0 0 0 0 0 1 0 0 0 0 0 0 0 0 0 0 0 0 0 0 1 0 0 0 0 0 0 0 0 0 0 1 0 0 0 0 0 1 0 0 1 0 0 0 0 0 0 0 0 0 0 0 0 0 0 0 0 0 1 0 1 1 0 0 1 0 0 0 0 0 0 0 0 0 0 0 0 0 0 0 0 0 0 
1 0 0 0 0 0 0 0 0 0 0 0 0 0 2 0 0 0 1 0 0 0 0 0 0 0 0 0 0 0 0 0 0 0 1 0 0 0 0 1 0 0 0 0 0 0 0 0 0 0 0 0 0 1 0 0 0 1 0 0 0 0 1 0 0 0 0 0 0 0 0 0 0 1 0 0 0 0 1 1 0 0 0 0 0 0 0 0 0 0 0 0 0 0 2 0 0 0 0 0 1 0 0 2 0 0 0 0 0 0 0 0 0 0 1 0 1 0 0 0 1 0 0 0 0 0 0 0 0 0 0 0 1 0 0 0 1 0 0 0 1 0 0 0 1 0 0 0 0 0 0 0 1 2 0 1 0 0 0 1 0 0 0 0 0 0 0 1 1 0 0 0 1 0 0 0 0 0 0 0 0 0 0 0 0 0 0 2 0 0 0 0 0 1 0 0 0 0 0 0 
0 0 0 0 0 0 0 0 0 0 0 1 1 0 0 1 0 0 0 0 0 0 1 0 2 1 0 0 0 0 0 1 0 1 1 1 0 0 0 1 0 0 0 0 0 0 0 0 0 0 0 0 0 1 0 0 0 0 1 0 0 0 1 0 1 1 0 0 0 1 0 1 0 0 0 0 0 0 0 0 0 0 0 0 1 0 0 0 0 0 3 1 0 0 0 0 0 0 1 0 0 0 0 0 1 1 0 0 0 0 1 0 0 0 0 0 0 1 0 0 0 0 0 0 0 0 0 2 0 0 0 0 0 0 0 0 0 0 0 0 0 0 0 0 0 0 0 0 0 0 0 0 0 0 0 0 0 0 0 0 1 0 0 0 0 1 0 0 1 0 0 0 0 0 0 0 0 0 0 0 0 0 0 1 0 2 0 0 0 0 0 0 1 0 0 0 0 0 0 0 
0 0 0 0 0 0 0 0 0 0 0 0 0 1 1 0 0 0 0 0 1 0 1 0 0 0 0 0 0 0 0 0 0 1 0 0 0 0 1 0 0 0 0 0 0 0 1 1 0 0 0 0 0 0 0 1 0 0 0 0 0 0 0 0 0 0 0 0 0 0 0 0 1 0 0 0 0 0 0 0 0 0 1 0 0 0 0 1 0 0 0 0 0 0 0 0 0 0 0 0 0 0 0 0 0 0 1 0 0 1 0 1 0 0 0 1 0 0 0 0 0 0 0 0 1 0 0 0 0 0 0 0 0 1 0 1 0 0 0 0 0 0 1 0 0 0 0 1 0 0 1 0 0 0 2 0 0 1 1 0 1 0 0 0 0 0 0 1 1 0 0 0 0 0 0 0 0 0 0 0 0 0 0 0 0 0 0 1 0 0 1 0 0 0 0 0 0 1 0 0 
1 1 0 0 0 0 1 0 1 1 0 0 0 1 0 0 0 0 1 0 0 0 0 2 0 0 2 0 0 0 0 0 0 0 0 0 0 0 0 0 0 0 0 0 0 1 0 0 0 0 0 0 0 0 0 0 0 1 0 0 0 0 0 1 0 0 0 0 0 0 0 0 0 0 0 0 0 0 1 0 0 0 0 1 0 1 0 0 0 0 0 0 0 0 1 0 0 0 1 0 0 0 1 0 1 0 0 0 0 0 0 0 0 0 0 0 0 0 0 0 0 0 0 1 0 0 0 0 0 1 0 0 1 0 0 0 0 1 0 0 0 0 0 0 0 0 0 0 0 0 0 0 1 0 0 2 0 0 0 0 0 0 0 0 0 0 0 0 0 1 0 0 0 0 0 0 0 1 0 0 0 0 0 0 0 0 0 2 0 0 0 0 0 0 0 0 0 0 3 0 
0 0 0 0 0 0 0 0 0 0 0 0 0 0 1 0 0 0 0 0 0 0 1 0 0 0 0 0 0 0 0 0 0 0 0 0 0 0 0 0 0 0 0 0 0 0 0 0 1 0 1 0 0 0 0 0 0 0 0 0 0 1 1 1 0 0 0 0 0 0 0 0 0 0 0 0 0 0 1 0 0 0 0 0 0 0 0 0 0 1 0 0 0 0 1 0 0 0 0 0 0 0 0 0 0 0 0 0 0 0 1 0 1 0 0 1 0 0 0 0 0 0 0 0 1 0 0 0 0 0 0 0 0 0 0 1 0 0 0 0 0 1 1 1 0 1 0 0 0 0 0 0 0 0 0 0 0 1 0 0 0 0 0 1 0 0 1 0 0 0 0 0 1 0 0 0 0 1 2 0 1 1 0 0 0 1 0 0 0 0 0 0 0 0 0 0 0 0 1 0 
0 0 0 0 0 0 0 0 0 0 0 0 0 0 0 0 0 0 0 0 0 0 0 0 1 0 0 0 0 0 0 0 0 0 0 1 0 0 1 0 0 0 0 0 1 0 1 0 0 0 1 0 0 0 0 1 0 0 2 0 0 0 0 0 0 0 0 0 0 1 0 2 0 1 0 0 0 0 0 0 0 0 0 1 0 0 0 0 1 0 0 0 0 0 0 0 0 2 1 0 1 0 1 0 1 0 1 1 0 1 0 0 0 0 0 0 1 1 0 0 0 0 1 0 0 1 0 0 0 0 0 0 1 1 0 0 0 0 2 1 1 0 0 1 1 0 0 0 0 0 0 0 0 1 1 0 0 0 0 0 0 0 0 0 0 0 1 0 0 0 0 0 1 0 0 1 0 1 0 0 0 0 0 1 0 0 0 0 0 0 1 0 0 0 0 0 0 0 0 0 
0 0 1 0 1 0 0 0 0 0 0 0 0 0 0 0 1 0 0 0 0 0 0 0 1 0 0 0 0 0 1 0 0 0 0 0 0 0 0 0 0 0 0 2 0 2 0 1 1 1 0 1 0 0 0 0 0 1 0 0 0 0 1 0 0 0 0 0 0 0 0 0 0 0 0 0 0 0 0 1 0 0 0 0 0 0 0 1 0 0 1 0 0 1 0 1 1 0 0 0 0 0 0 0 0 1 0 0 0 0 0 0 0 0 0 0 2 0 0 0 0 0 0 0 1 0 1 0 0 0 1 0 0 0 0 0 0 0 1 0 0 0 0 0 0 0 0 0 0 1 0 0 0 0 0 0 0 0 0 0 0 0 0 0 0 0 1 0 0 0 0 0 0 1 0 0 1 0 0 0 0 0 0 0 0 1 0 0 0 0 0 0 0 0 0 0 0 0 0 0 
1 1 0 0 0 1 1 0 0 0 0 0 0 0 0 0 0 0 0 0 0 0 1 0 0 1 0 0 0 0 0 0 0 0 0 1 0 0 0 1 1 0 0 0 0 0 0 0 0 0 1 1 0 0 0 0 0 0 0 0 1 1 0 0 0 0 0 0 0 0 0 0 0 0 1 0 0 0 0 0 0 2 0 0 0 0 0 0 0 0 0 0 0 1 0 0 0 0 1 0 0 0 0 0 0 0 0 0 0 0 0 0 0 1 1 0 0 1 0 0 0 0 1 0 0 1 1 0 0 0 0 0 0 0 0 0 0 0 0 1 1 0 0 1 0 1 0 0 1 0 0 0 0 0 1 1 0 0 0 0 0 0 1 1 0 0 0 0 0 0 0 1 0 0 0 1 1 0 0 0 0 0 0 0 0 1 0 2 0 0 0 0 0 0 0 0 0 0 1 0 
0 1 0 0 1 1 0 0 0 0 1 0 1 0 1 1 0 0 0 1 0 0 1 0 0 0 1 0 0 0 0 0 0 1 0 0 0 0 1 0 0 1 0 0 1 0 1 0 0 0 0 1 0 0 0 0 0 0 1 0 0 0 0 0 0 0 0 0 0 0 0 0 0 1 0 0 0 0 0 0 0 0 0 0 0 1 0 0 0 1 0 0 0 1 0 0 0 0 0 0 0 0 1 0 0 1 0 0 0 1 0 1 0 0 0 1 0 0 0 1 0 0 0 0 0 1 1 0 1 0 1 0 0 0 0 0 1 0 0 0 0 0 0 0 2 0 0 0 0 1 0 0 0 0 0 0 0 0 0 0 0 0 0 1 0 0 0 1 0 0 0 0 0 0 0 0 0 0 0 0 0 0 0 0 0 0 0 0 0 0 0 0 0 0 0 0 0 1 0 0 
0 0 0 0 0 0 0 0 0 0 0 0 0 0 0 1 0 2 0 0 0 0 0 0 0 0 1 0 0 0 0 0 0 0 0 0 0 0 0 0 1 0 0 0 0 0 0 1 0 1 2 0 0 1 0 0 0 0 0 0 0 1 0 1 0 0 0 0 0 0 0 0 0 0 0 0 3 1 0 0 1 1 0 0 0 1 0 0 0 0 0 0 0 0 0 0 0 0 0 0 0 0 1 0 0 1 0 0 0 0 0 0 0 0 0 0 0 1 0 0 0 0 0 0 0 0 0 1 1 0 0 0 0 1 1 0 1 1 0 0 0 0 0 0 0 0 0 0 0 1 0 0 0 0 0 0 0 0 0 0 0 0 0 0 0 0 0 0 2 1 0 0 1 0 0 0 1 0 0 0 0 0 0 0 0 0 0 0 0 0 0 0 0 0 0 0 0 0 0 0 
0 0 0 0 0 0 0 0 0 0 0 0 0 0 1 1 0 1 0 1 0 1 0 0 0 0 0 0 0 0 0 0 0 0 0 0 0 0 1 1 0 0 1 0 0 0 0 0 0 0 1 0 0 0 0 0 0 0 0 0 0 0 1 1 1 1 0 0 0 0 1 0 0 0 0 0 0 0 0 0 1 0 0 0 0 0 0 0 0 0 1 0 0 0 0 0 0 0 0 0 0 0 0 0 0 1 0 0 1 0 0 0 0 0 0 0 0 0 1 0 0 1 0 0 0 0 0 2 2 1 0 0 0 0 0 0 0 0 0 0 0 0 0 0 0 0 0 0 0 0 1 0 1 1 0 0 0 0 0 0 0 0 1 1 0 0 0 0 0 0 0 1 0 0 0 1 1 0 0 1 0 0 0 0 0 0 0 0 0 1 0 1 0 0 1 0 0 0 0 1 
0 0 0 0 0 0 0 0 0 0 1 0 0 0 0 0 0 0 1 0 0 0 0 0 0 0 0 0 0 1 0 0 0 0 0 0 1 0 1 0 0 0 0 0 0 0 0 0 1 0 0 1 0 0 0 0 0 1 1 0 1 0 1 1 0 0 1 1 0 0 0 0 0 0 0 0 0 1 0 0 0 1 0 0 0 0 0 1 0 1 1 0 0 0 2 0 1 0 0 0 1 0 0 0 0 0 0 0 0 0 1 0 0 0 0 0 0 0 0 0 0 0 0 1 0 0 0 0 0 0 0 0 0 0 0 1 0 0 0 0 0 0 0 0 0 1 0 1 0 0 0 0 0 1 0 0 0 0 0 0 0 0 0 0 1 0 0 0 0 0 1 1 0 0 0 0 0 0 0 1 0 0 0 0 0 1 0 0 0 1 2 0 0 0 0 0 0 1 0 0 
0 0 0 0 0 2 0 1 0 1 0 0 0 0 1 0 1 0 0 0 1 0 0 0 0 0 0 1 0 0 1 0 0 1 0 0 0 0 0 0 2 1 0 0 0 0 1 0 1 0 1 0 0 1 0 0 0 0 0 0 2 0 1 0 0 0 1 0 0 0 1 0 0 0 0 0 0 0 0 0 0 0 0 0 0 0 0 2 0 0 1 0 0 1 1 0 0 0 0 0 0 0 0 0 0 0 0 0 0 0 0 0 0 0 0 0 1 0 0 0 0 0 0 0 0 1 0 0 0 0 0 0 0 0 1 0 0 0 0 0 0 0 0 0 0 0 0 0 0 0 0 0 0 0 0 0 1 0 1 0 0 1 0 0 0 0 0 0 1 0 1 0 0 0 0 0 0 0 0 0 0 0 0 0 1 0 1 1 0 0 0 0 1 0 0 0 0 1 0 0 
0 1 0 0 0 0 0 0 0 0 0 0 0 0 0 0 0 0 0 0 0 0 1 0 0 1 0 0 1 0 0 0 0 0 0 0 1 0 0 0 0 1 1 0 0 0 0 1 0 0 0 0 0 0 0 0 0 0 0 0 0 0 0 0 0 0 0 0 1 0 0 1 0 1 0 0 0 0 0 0 0 0 1 0 0 1 0 1 1 0 1 1 0 0 0 0 0 0 0 0 1 1 0 0 0 0 0 0 0 0 0 0 0 0 0 0 0 0 0 0 0 0 1 0 1 0 0 0 0 0 0 0 0 0 1 0 1 0 0 0 1 0 0 0 0 0 1 1 0 1 0 0 0 0 0 0 0 0 0 0 1 0 1 0 0 0 0 0 0 0 0 0 0 0 0 0 0 0 0 0 0 0 0 0 0 0 0 2 0 1 1 0 0 0 1 1 0 0 0 0 
0 0 0 0 0 0 2 0 0 0 0 0 1 0 0 0 0 0 0 0 0 0 0 0 0 0 0 1 0 0 0 0 0 0 0 0 0 0 0 0 0 0 0 1 0 0 0 0 0 0 0 1 0 0 0 0 0 1 0 0 0 0 0 0 0 0 0 0 1 0 1 0 0 0 0 1 0 0 0 0 0 0 0 0 0 0 0 0 1 0 0 1 0 0 0 0 0 0 0 0 0 0 0 1 1 0 1 0 1 0 0 1 0 0 1 0 0 0 1 0 0 0 0 0 0 0 1 0 0 0 0 0 0 0 0 0 0 0 0 0 0 0 1 0 0 0 0 0 0 0 1 0 0 1 0 0 0 2 0 0 0 0 0 0 0 1 0 0 1 0 0 0 1 0 1 0 0 0 2 0 1 0 0 0 0 0 0 0 0 0 0 0 0 0 0 0 0 1 1 0 
0 0 0 0 0 0 0 0 1 0 1 0 0 0 0 1 0 0 0 0 1 0 0 0 0 0 0 0 1 0 1 0 0 0 0 0 0 1 0 0 0 0 1 0 0 2 0 0 0 0 0 0 0 0 2 1 0 0 0 0 1 0 1 0 0 0 0 0 0 0 0 0 0 0 1 0 0 1 0 0 0 0 1 1 1 1 0 0 2 0 0 0 0 0 0 0 0 0 0 1 0 0 0 0 0 0 0 0 0 0 1 0 0 0 0 0 0 0 0 0 0 0 0 0 0 0 0 0 0 1 0 0 0 0 0 0 0 0 0 0 0 0 0 0 0 0 0 0 0 0 0 0 1 1 0 0 0 1 0 0 0 0 0 0 0 0 0 1 0 0 0 0 0 0 0 0 0 0 0 0 0 1 0 0 0 0 0 0 1 0 0 0 0 0 0 0 0 0 0 0 
0 1 1 0 0 0 0 0 0 0 1 0 0 0 1 1 0 0 0 0 0 0 0 0 0 0 1 0 0 0 0 1 0 0 0 0 0 0 0 0 1 0 0 0 0 0 0 0 0 0 0 0 0 0 1 0 0 0 0 0 0 0 0 1 1 0 0 0 0 1 0 0 0 0 0 0 0 0 1 0 0 1 0 1 0 0 0 0 0 1 0 0 0 0 0 0 0 0 1 0 0 1 1 0 0 0 0 0 0 0 0 0 1 0 0 0 0 1 0 1 0 0 0 0 0 0 0 0 0 0 1 0 1 0 0 1 1 0 0 0 0 0 0 0 1 0 0 1 0 0 0 0 0 2 0 1 0 0 0 0 1 0 0 1 0 0 0 0 0 0 0 0 0 0 0 0 0 0 0 0 1 0 0 0 0 0 1 0 1 0 0 0 1 0 0 0 0 0 0 0 
0 0 0 0 0 1 0 0 0 0 0 0 0 1 0 1 0 1 0 0 1 0 0 0 0 1 1 0 0 0 0 0 0 0 0 0 1 0 0 1 0 0 0 0 0 0 0 0 0 0 0 0 1 0 0 0 1 0 0 0 0 0 0 0 0 0 0 0 0 0 1 0 0 0 0 0 0 0 1 0 0 0 0 0 0 0 0 0 0 0 1 1 1 0 0 0 0 0 0 1 0 0 0 0 0 0 0 0 0 0 0 0 1 0 1 0 0 0 0 0 0 0 0 0 0 0 0 0 0 0 0 0 0 0 0 0 0 0 0 0 0 1 1 1 0 0 0 0 0 0 0 0 0 0 0 2 0 0 0 0 0 1 1 0 0 1 0 0 0 0 0 0 1 0 0 0 0 0 0 0 0 0 0 0 0 0 0 0 0 0 0 0 0 1 1 1 0 0 0 1 
0 0 0 0 0 0 0 0 0 0 0 0 0 1 0 0 0 0 0 0 0 1 1 0 0 1 0 1 2 0 0 1 0 0 0 0 0 0 0 0 0 0 0 0 0 0 0 0 0 1 0 0 0 0 1 0 0 0 0 0 0 0 0 0 0 0 2 0 0 0 0 0 0 1 0 1 1 1 0 0 0 0 0 1 0 0 0 0 0 0 0 0 0 1 0 1 1 0 1 0 0 0 0 0 0 0 0 1 0 0 0 0 0 0 0 0 0 0 1 0 0 1 1 0 0 0 0 0 0 0 0 0 0 0 0 0 0 0 0 0 0 0 1 2 0 0 0 0 0 1 0 0 0 0 0 0 0 0 0 2 0 0 0 0 0 0 0 0 0 0 2 0 0 0 0 0 1 1 0 0 1 0 0 0 0 0 0 0 0 0 1 0 0 0 0 0 0 0 0 1 
0 1 0 1 0 0 0 0 3 0 0 0 0 1 0 0 0 1 0 0 1 1 0 0 0 0 0 0 1 0 0 0 0 0 0 1 0 0 0 0 2 0 0 0 1 0 0 0 0 0 1 0 0 0 0 0 0 2 0 0 0 0 0 0 0 0 0 0 0 0 1 0 0 1 0 0 0 0 0 0 0 0 0 0 0 0 2 0 0 0 0 0 0 0 0 0 0 0 0 0 1 0 0 0 0 1 0 0 1 0 1 0 0 2 1 1 1 0 0 0 0 1 3 0 0 0 0 0 0 0 0 2 0 0 0 0 1 3 1 0 0 0 0 0 0 0 0 0 0 0 0 1 0 0 0 1 0 1 0 0 0 0 0 0 0 0 0 0 0 1 1 0 0 0 0 1 0 0 0 0 0 0 0 0 0 1 0 0 0 0 0 1 0 1 0 0 0 0 0 1 
0 0 0 0 0 0 0 0 1 1 0 0 0 0 0 0 0 0 0 0 0 0 0 0 0 1 0 0 0 0 0 2 0 0 0 0 0 0 0 0 0 0 0 0 0 1 0 0 0 0 0 0 0 1 0 1 0 0 0 0 0 0 0 0 0 0 0 1 0 0 0 1 0 0 0 0 0 0 0 0 0 0 0 0 0 0 0 0 1 0 0 0 0 0 0 0 0 0 0 0 1 0 0 1 0 0 0 0 0 0 0 0 0 0 1 1 0 1 0 0 0 0 1 0 0 2 0 0 1 1 0 0 0 0 1 0 0 0 0 0 0 0 1 1 0 1 0 0 0 1 0 0 1 0 0 0 0 0 0 0 0 0 1 0 0 0 1 0 0 0 1 0 0 0 1 0 0 0 0 0 0 0 0 1 1 0 0 0 1 1 0 0 1 0 0 1 0 0 0 0 
0 0 0 1 1 0 0 0 0 0 0 0 0 0 0 0 0 0 0 0 1 0 0 1 0 0 0 0 1 0 0 0 0 0 0 1 0 0 0 0 0 0 0 0 0 0 0 0 0 0 0 0 1 1 0 0 0 0 0 0 0 1 0 0 0 0 0 0 0 1 0 0 0 0 1 0 0 0 0 0 0 0 1 0 0 0 0 0 0 0 0 0 0 0 0 0 1 1 1 0 1 0 1 0 0 0 0 0 0 0 0 0 0 0 0 0 0 0 0 1 0 0 1 0 0 0 0 0 0 1 0 0 0 1 3 0 0 0 0 0 1 0 0 0 0 2 2 0 0 0 1 0 1 0 0 0 0 0 0 1 0 0 0 0 0 1 0 1 0 1 0 0 1 0 0 0 0 0 0 0 0 1 0 0 0 0 0 0 0 0 0 0 0 1 0 0 0 1 0 0 
1 0 0 0 0 0 0 0 0 1 0 0 0 0 0 1 0 0 0 0 1 0 0 0 1 0 0 0 0 0 0 0 0 0 0 0 0 0 0 1 0 0 0 0 0 0 1 0 1 0 0 0 0 0 2 0 0 0 1 0 0 0 0 0 0 0 0 0 0 0 0 0 0 0 0 0 0 0 0 0 0 0 1 1 0 0 0 0 0 1 1 0 0 0 1 0 0 0 0 0 1 0 0 1 0 0 0 0 0 1 0 0 0 0 0 0 0 0 1 0 0 0 0 2 1 0 0 0 0 0 0 0 1 0 0 0 0 0 0 0 0 0 1 0 0 0 0 0 0 1 0 0 0 0 0 0 0 0 1 0 0 0 0 0 1 0 0 0 0 0 0 0 0 0 0 0 0 0 0 0 0 1 0 0 0 0 0 0 0 0 0 1 0 0 0 0 0 1 1 0 
0 0 0 2 0 0 0 0 0 0 0 2 0 0 0 0 0 0 0 0 0 0 0 1 0 0 0 0 0 0 0 0 0 0 0 0 0 0 1 0 0 0 0 0 1 0 0 0 0 1 0 0 0 0 0 1 0 1 0 0 0 0 0 0 0 0 0 0 0 0 0 0 0 0 0 1 0 0 0 0 0 0 0 0 0 0 0 1 0 0 0 0 0 0 0 1 0 0 0 0 0 0 0 0 0 0 0 1 2 0 0 0 0 0 0 0 0 0 0 0 0 0 0 0 0 1 0 1 0 0 0 0 0 0 1 1 0 0 0 1 0 0 0 0 0 0 0 0 0 1 0 0 0 0 0 1 0 0 0 0 0 1 0 0 0 0 0 1 0 0 0 0 1 0 0 0 0 0 0 0 0 0 0 0 0 0 0 0 1 0 0 0 1 0 0 0 0 0 0 0 
0 0 0 1 1 0 0 0 0 0 0 0 0 0 0 0 0 0 1 1 0 0 0 0 0 0 0 0 1 0 0 0 0 0 1 0 1 0 0 0 0 0 0 0 0 0 0 0 0 1 1 0 0 0 1 0 0 0 0 1 1 0 0 0 1 0 0 0 2 0 1 0 0 0 0 0 0 0 0 1 2 1 0 0 0 0 0 0 0 0 0 0 1 0 0 0 0 0 0 0 0 0 0 0 0 0 0 0 0 0 0 0 0 0 0 0 1 0 0 0 0 0 0 1 0 0 0 0 0 0 0 0 0 0 0 0 0 0 0 0 0 0 0 0 2 1 0 0 0 1 1 0 0 0 0 1 1 0 1 0 1 0 0 1 0 0 0 0 1 0 0 0 0 1 0 0 1 1 0 0 2 0 0 0 0 2 1 1 1 2 0 1 0 0 0 0 0 0 1 0 
0 0 0 0 0 0 0 0 0 0 1 0 0 0 0 1 0 0 1 0 0 0 1 0 0 1 0 1 0 1 0 0 0 0 1 0 0 1 1 0 0 1 0 0 0 0 0 0 0 0 0 0 0 1 0 0 0 0 0 0 0 0 0 0 0 0 0 0 0 0 1 0 0 0 0 0 1 0 1 0 0 0 0 1 1 0 0 1 0 0 0 0 1 0 0 0 0 0 0 0 0 1 1 0 0 0 0 1 0 0 0 0 1 0 0 0 0 0 0 0 0 0 1 0 0 1 1 0 0 1 0 0 0 1 0 0 0 0 0 0 0 0 0 0 0 0 0 1 1 0 0 0 0 1 0 0 0 0 0 0 0 0 0 0 0 0 0 0 0 0 1 0 0 0 0 1 0 0 1 1 1 0 0 1 0 1 1 1 0 0 0 0 0 0 0 0 0 0 0 1 
1 0 0 0 1 2 0 0 0 0 1 0 0 0 1 0 0 0 1 0 0 0 1 0 0 1 1 0 0 1 0 0 0 0 1 0 0 0 0 1 0 1 0 0 0 0 0 1 0 0 0 0 0 1 0 0 1 0 1 0 0 0 1 0 1 0 2 0 0 0 0 0 0 1 0 0 0 0 0 0 0 0 0 0 0 0 0 1 0 1 0 1 0 0 0 0 0 0 0 0 1 0 1 0 0 0 0 1 0 1 0 0 0 0 0 0 0 0 0 0 0 0 0 1 1 0 0 0 0 0 0 0 0 0 0 1 0 0 0 0 0 0 0 0 0 0 0 0 0 0 0 0 0 0 1 1 0 0 0 1 0 1 0 0 0 1 0 0 1 0 0 0 0 0 0 0 0 0 0 1 0 1 1 0 0 0 0 0 0 0 0 1 0 0 0 0 0 0 0 1 
0 0 0 0 0 1 1 0 0 0 0 0 0 0 0 0 0 0 1 0 0 0 0 1 0 0 0 0 0 0 0 0 0 0 0 1 0 0 0 0 0 0 0 0 0 0 0 0 0 0 0 1 1 1 2 1 0 0 0 1 0 0 0 0 0 0 0 0 0 0 0 0 0 1 0 1 0 0 0 0 0 0 0 0 0 1 0 0 1 0 0 1 0 1 0 0 0 0 0 0 0 0 1 0 0 0 0 0 0 0 0 0 1 0 1 0 0 0 0 0 0 0 0 0 0 0 0 0 0 0 0 0 0 0 0 0 0 0 0 0 0 0 0 0 0 0 0 0 0 0 0 0 0 0 0 0 0 1 0 1 0 0 1 2 0 0 0 0 2 0 0 0 0 0 0 1 0 0 1 0 0 0 1 0 0 1 0 0 1 1 0 1 0 0 1 0 0 0 0 1 
0 0 0 1 0 1 0 0 0 0 0 0 0 0 0 0 1 1 0 0 0 0 0 0 0 0 0 0 0 2 0 0 0 0 0 0 2 0 0 0 0 0 0 0 0 0 0 0 0 0 0 0 0 0 0 0 0 0 0 0 0 0 0 0 0 0 0 0 0 0 0 0 0 0 0 0 1 0 1 0 0 0 0 0 0 0 0 0 0 0 1 0 0 0 0 0 1 0 0 1 0 1 0 1 0 0 1 0 0 0 0 0 0 1 0 0 1 0 1 1 0 1 0 0 0 0 1 0 0 0 0 0 0 0 0 0 0 0 0 0 0 0 0 0 0 1 0 1 0 0 0 0 1 1 1 0 0 0 0 1 0 0 0 1 0 0 0 0 0 0 0 0 0 0 0 0 1 0 0 0 1 0 0 0 0 0 0 0 0 0 0 0 0 0 0 0 0 0 0 0 
0 0 0 0 1 0 0 1 1 0 0 0 0 0 0 0 0 0 0 0 0 0 0 0 0 0 0 0 0 0 0 0 1 0 1 0 0 0 1 0 0 0 0 0 0 0 0 0 0 0 1 0 1 0 0 0 0 0 0 0 0 0 0 0 0 0 1 1 0 0 0 1 0 0 0 0 0 0 0 0 0 0 0 0 0 1 0 0 0 0 0 0 0 0 0 1 0 1 0 0 0 0 0 0 0 0 0 0 0 0 1 0 1 0 0 0 0 0 1 1 0 2 0 0 0 0 0 0 0 0 0 0 0 1 0 0 2 1 0 1 0 1 0 1 0 0 0 0 0 0 0 0 0 0 0 0 0 0 0 0 0 0 0 0 0 0 0 0 0 0 0 1 0 0 1 0 0 1 0 0 0 1 0 0 1 0 1 0 0 0 0 0 0 0 0 0 0 0 2 0 
0 0 2 0 0 0 0 0 0 0 1 0 0 0 0 0 0 0 1 0 0 0 1 0 0 0 0 0 0 0 0 0 0 0 1 0 0 0 0 0 0 1 0 0 0 1 0 0 1 0 0 0 0 0 0 0 0 0 0 0 0 0 0 1 0 0 0 0 0 0 0 0 0 0 0 1 0 1 0 0 0 1 0 0 0 0 0 0 0 0 0 0 0 0 0 1 0 0 0 0 0 0 0 0 0 0 0 1 0 0 0 0 0 0 1 0 0 0 0 0 0 2 0 0 0 0 0 0 0 0 0 0 2 0 0 0 1 0 1 1 0 0 0 0 0 0 1 0 0 0 0 1 0 0 0 0 0 0 0 0 0 0 0 1 1 0 0 0 0 0 0 1 0 2 0 1 0 0 0 0 0 1 1 0 0 0 0 0 0 0 0 0 0 0 0 0 0 1 0 0 
0 0 0 0 0 0 0 0 0 0 0 0 0 0 0 0 0 0 0 0 1 0 1 0 0 1 0 1 0 0 0 0 0 0 1 0 0 0 1 0 0 0 0 0 1 0 0 0 1 0 0 0 2 0 0 0 0 1 0 0 0 0 1 1 0 0 0 0 0 0 0 0 0 0 0 0 0 0 0 0 1 0 0 1 1 0 0 1 0 0 0 0 0 0 0 0 0 0 0 0 0 0 1 0 0 0 0 0 0 0 0 0 0 0 0 1 0 0 1 0 1 0 0 0 0 1 1 0 0 0 0 0 0 0 0 0 0 0 1 0 0 0 0 0 0 0 0 0 1 0 0 1 0 0 0 0 0 0 0 0 0 0 0 0 0 0 0 0 0 0 0 0 0 0 0 0 1 0 0 0 1 0 0 0 0 0 0 0 0 0 0 0 0 0 1 1 0 0 0 0 
0 1 0 2 0 1 0 0 0 1 1 0 0 0 0 0 1 0 0 0 0 0 0 1 0 0 0 0 1 0 0 0 0 0 0 0 0 0 0 0 0 0 0 1 0 1 0 0 0 0 0 1 0 0 0 0 0 0 0 0 0 0 1 0 0 0 0 1 0 0 1 0 0 0 0 0 0 0 1 0 0 0 0 0 1 0 0 0 0 0 0 0 0 0 0 0 0 1 0 0 0 0 3 0 0 0 0 0 0 0 0 0 1 1 0 1 1 0 0 1 0 0 1 0 0 0 0 0 1 0 0 0 1 0 0 1 0 0 0 0 0 0 0 0 0 1 1 0 0 0 1 0 1 0 0 0 0 0 0 0 0 0 0 0 0 0 0 0 0 0 0 0 0 0 0 0 0 0 0 0 0 0 0 0 0 0 0 0 0 0 0 0 0 0 0 0 0 0 3 0 
0 0 0 1 0 0 0 0 0 1 0 0 0 1 0 0 1 0 0 0 0 0 1 1 1 0 0 0 0 0 0 0 0 1 0 0 0 0 0 0 0 0 1 0 1 0 1 1 0 0 1 0 0 1 0 0 1 0 0 2 0 0 0 0 0 0 0 0 0 0 0 1 1 0 1 0 1 0 0 0 0 1 2 0 0 0 1 0 0 0 0 0 0 0 0 0 0 1 0 0 0 0 0 0 0 0 0 0 0 0 0 1 1 0 0 0 1 2 0 0 0 0 0 1 0 0 0 0 0 0 0 0 0 0 0 0 1 0 0 0 0 0 0 0 0 0 0 0 0 0 0 0 1 1 0 0 0 1 0 0 0 1 0 1 0 1 0 0 0 0 0 0 0 0 0 1 0 0 0 0 0 1 0 0 0 2 1 0 0 0 0 0 0 1 1 0 0 0 0 0 
1 0 0 0 0 0 0 0 0 0 0 0 0 0 0 0 0 0 0 0 0 0 0 0 0 0 1 0 0 0 0 0 1 0 0 0 0 1 1 0 0 0 0 0 0 0 0 0 0 0 0 1 0 0 0 1 1 0 0 0 0 0 0 0 0 0 0 1 0 0 0 0 0 0 0 0 1 1 1 0 0 0 0 0 0 0 0 1 0 0 1 2 0 0 0 0 0 0 0 1 0 0 0 0 0 0 0 0 0 0 0 0 0 0 0 0 0 0 0 0 0 0 0 1 0 0 1 1 0 0 1 0 0 0 0 1 0 0 0 0 0 0 0 0 0 0 1 0 0 0 1 0 0 0 0 1 1 0 0 0 0 0 0 0 0 0 0 0 0 0 0 0 0 0 0 0 0 0 0 0 0 1 0 0 0 1 0 0 0 0 0 1 0 0 0 0 0 0 1 0 
1 1 1 0 0 0 0 0 0 0 0 0 0 0 0 0 0 0 0 0 0 1 0 0 0 0 0 0 0 1 0 0 0 0 0 0 0 0 0 0 0 0 0 1 1 0 0 0 0 0 0 0 0 0 0 0 0 0 0 0 1 0 0 0 0 0 0 0 0 0 0 0 0 1 1 0 0 1 1 0 0 0 0 1 0 1 0 0 0 1 1 2 0 3 0 1 0 0 1 1 0 0 1 1 0 0 0 0 0 0 0 0 0 0 0 0 0 0 0 0 2 0 0 0 0 0 0 0 0 0 1 0 0 0 0 1 0 0 0 1 0 0 0 0 0 0 0 0 0 0 1 0 1 0 1 0 0 0 0 0 0 0 0 0 0 0 0 0 1 0 0 2 0 1 0 1 0 0 0 0 1 0 0 0 0 0 0 0 0 1 0 0 0 1 1 0 0 0 0 0 
0 0 0 0 1 0 0 0 0 1 0 0 0 0 0 0 0 0 0 0 0 1 0 0 0 0 0 0 1 0 0 0 0 0 1 0 0 0 1 0 0 0 0 0 0 0 0 0 1 0 0 0 0 1 0 0 1 0 0 0 0 0 0 0 1 0 0 0 0 0 0 0 0 0 0 0 0 0 0 0 0 0 0 0 0 0 0 0 0 0 0 0 1 0 1 0 0 0 0 1 0 0 0 1 0 1 1 0 0 0 0 0 0 0 0 0 0 0 0 0 0 0 0 0 0 0 0 0 1 0 0 0 0 0 0 0 0 1 0 1 1 0 0 1 0 0 0 0 0 0 0 0 0 0 0 0 0 0 0 0 0 0 1 0 0 0 0 0 0 0 0 0 0 0 0 0 0 0 0 0 0 1 0 0 0 1 0 0 1 0 0 1 0 1 0 0 0 0 0 0 
1 0 0 0 0 0 1 0 0 0 1 1 0 0 0 1 0 0 0 0 0 0 1 0 0 0 0 0 1 0 0 0 0 0 1 0 0 0 0 1 0 0 0 1 0 0 0 0 0 0 0 0 0 0 0 0 1 0 0 0 0 0 0 0 0 0 0 0 0 0 0 1 0 0 0 0 2 0 0 0 1 0 0 0 0 0 0 0 1 1 0 0 1 0 1 0 0 1 1 0 0 1 0 0 1 0 0 0 0 0 1 0 0 0 0 0 1 0 0 0 0 0 0 1 0 0 1 0 0 0 0 0 1 0 0 0 1 0 0 0 0 0 1 0 0 0 0 0 0 1 1 0 0 1 0 0 0 0 0 0 1 0 0 0 0 0 0 0 0 0 0 0 2 0 1 0 0 0 0 1 0 0 0 0 0 0 0 0 1 0 0 0 0 0 1 0 0 0 3 0 
0 0 0 0 0 0 0 1 0 0 0 0 0 0 0 0 0 0 2 0 0 1 0 0 1 1 0 0 0 1 0 0 1 1 0 0 1 0 0 0 0 0 0 0 0 0 0 0 0 1 0 0 2 0 0 1 0 0 0 0 0 0 0 0 0 0 0 0 0 0 0 1 0 2 0 0 0 1 0 0 0 0 0 0 0 0 0 0 0 0 0 0 0 0 0 0 0 0 0 1 0 0 1 0 0 1 1 0 1 2 0 0 0 0 0 0 1 0 0 1 1 1 2 0 0 0 0 0 1 0 0 0 0 1 0 0 0 0 0 0 0 0 0 0 0 0 0 0 0 0 0 1 0 1 0 0 0 0 0 1 0 0 0 0 0 1 0 0 0 0 1 0 0 0 1 0 1 0 0 0 0 0 0 1 0 0 0 0 0 0 0 0 1 0 1 0 0 1 0 0 
0 0 0 1 1 0 2 0 2 1 2 0 0 0 0 0 0 0 0 0 0 0 0 0 0 0 0 0 0 0 1 0 0 0 0 0 0 1 0 1 0 0 0 0 0 1 1 0 0 0 0 0 0 0 0 0 0 0 1 0 0 0 0 0 0 0 0 0 0 0 1 0 1 1 0 0 0 0 0 1 0 1 0 0 0 0 0 0 1 1 0 0 0 0 0 0 1 0 0 0 0 1 1 0 0 1 0 1 0 0 0 0 0 0 0 1 0 0 0 0 2 0 0 0 0 0 0 0 0 0 0 0 0 0 0 0 0 0 0 1 0 0 0 0 1 0 0 0 0 0 0 0 1 0 0 1 0 0 1 1 1 0 1 0 1 0 0 0 1 0 0 0 0 0 0 1 0 0 0 0 1 0 0 1 0 0 0 0 1 0 1 0 0 0 0 0 0 1 0 0 
0 0 1 2 0 0 0 0 0 1 0 0 0 0 1 0 0 0 0 0 0 0 0 0 0 0 0 0 0 0 0 0 0 0 0 0 0 0 0 0 0 0 0 0 0 0 0 0 0 0 0 0 0 0 1 0 0 0 0 0 0 0 0 0 0 0 0 0 1 0 0 1 0 1 0 0 0 1 1 0 1 0 0 0 0 0 0 0 0 0 0 0 0 1 0 0 0 0 0 1 0 1 1 0 0 0 0 0 3 0 0 1 0 1 0 0 0 0 0 1 1 0 0 0 0 0 1 0 0 0 0 0 0 0 0 0 0 0 0 0 0 1 0 0 0 0 1 0 0 0 0 0 0 0 1 0 0 0 0 1 0 0 0 0 0 2 0 0 0 1 1 0 0 0 0 1 0 0 0 0 0 0 0 0 0 0 0 0 0 0 0 0 1 0 0 0 1 0 0 0 
1 0 0 1 0 0 0 0 0 1 0 0 0 0 0 0 0 1 1 0 0 0 0 0 0 0 0 0 0 0 0 0 0 1 0 0 0 0 0 0 0 0 0 0 0 0 0 0 0 0 0 0 0 0 0 0 0 1 0 0 0 0 0 1 0 0 1 0 0 0 1 0 0 0 0 0 0 0 0 0 0 0 0 0 0 0 0 0 0 0 0 0 0 0 0 0 0 0 0 0 1 0 0 0 0 0 0 1 0 0 0 1 0 1 0 0 0 0 0 0 1 0 0 0 0 0 0 1 0 1 0 0 0 0 1 0 1 0 0 0 0 1 0 0 0 0 0 0 0 0 0 0 0 0 0 0 0 0 0 0 0 0 0 0 1 1 1 0 0 0 1 0 0 1 0 0 1 0 0 1 0 0 0 1 0 0 1 0 0 0 0 1 0 0 0 0 0 0 0 0 
0 0 0 0 0 0 0 0 0 0 1 1 0 0 1 0 0 0 0 1 0 0 0 0 0 0 0 0 0 0 0 0 1 0 0 0 0 0 0 0 0 0 0 0 1 1 1 0 0 0 0 2 0 0 0 1 0 0 0 0 0 0 0 0 0 0 0 0 0 0 0 0 0 0 0 0 0 0 0 0 0 0 0 0 1 1 0 0 0 0 0 0 1 0 0 0 0 0 1 1 1 0 0 1 0 0 0 0 0 1 0 0 0 0 0 0 0 1 1 0 0 0 1 0 0 0 0 0 0 1 1 0 0 0 0 0 0 0 0 1 0 1 0 0 0 0 0 0 0 1 0 0 0 0 0 0 0 0 0 0 0 0 0 0 0 0 0 0 0 2 0 0 0 1 0 0 0 1 0 1 0 0 0 0 0 0 0 0 0 0 0 0 1 0 0 0 0 0 0 0 
0 0 0 0 0 0 0 0 0 1 0 0 0 1 0 0 0 0 0 0 1 0 1 1 0 0 1 0 0 1 1 0 0 0 0 0 0 0 1 0 0 0 0 0 2 0 0 0 1 0 0 0 0 0 0 0 0 1 0 0 1 0 1 0 0 0 0 0 0 0 0 0 0 0 0 0 0 0 1 1 0 0 0 0 0 0 0 1 0 0 0 0 2 0 1 0 0 0 0 0 0 0 0 0 0 0 0 0 0 0 1 1 0 0 0 0 0 0 1 0 0 0 0 0 0 0 1 1 0 0 0 0 0 1 0 1 0 0 0 0 0 0 0 0 0 1 0 0 1 0 1 0 0 0 0 0 0 0 0 0 0 0 0 1 0 1 1 0 0 0 0 0 0 0 0 0 0 0 0 1 0 0 0 0 0 2 0 1 1 0 0 0 0 0 0 0 0 1 0 0 
0 1 0 0 0 1 0 0 1 1 0 0 0 0 0 0 3 1 0 0 0 0 0 1 0 0 0 1 0 0 0 0 0 0 0 0 0 0 0 0 0 0 0 0 1 0 0 0 1 0 0 0 0 1 0 0 0 0 0 0 0 2 0 0 0 0 0 0 0 0 0 0 0 0 0 0 0 0 0 0 0 1 0 0 0 0 0 0 0 0 0 0 0 0 0 1 3 0 0 0 1 0 0 0 0 0 0 0 0 0 0 0 0 0 0 0 1 1 1 0 0 0 0 1 0 0 0 0 0 0 0 0 1 0 0 0 0 0 1 0 0 0 1 0 0 0 0 0 0 0 0 0 0 0 1 0 1 0 0 0 0 0 0 0 0 0 0 0 1 0 0 0 0 0 0 0 0 0 0 0 0 0 0 0 0 0 0 0 0 1 0 0 1 2 2 0 0 0 0 0 
0 0 0 0 0 0 2 0 0 0 0 0 0 0 0 0 0 0 0 0 0 0 0 1 0 0 0 1 0 0 0 0 1 1 0 1 0 0 0 0 0 0 0 0 0 0 0 0 0 1 0 0 0 0 2 0 0 1 0 0 0 0 0 0 0 0 0 0 0 0 0 0 0 0 0 0 0 0 0 0 0 0 0 0 0 0 1 0 1 0 0 0 0 1 0 0 0 0 0 0 0 0 0 1 0 0 0 0 0 0 0 0 0 0 1 0 0 0 0 0 0 0 0 0 0 0 1 0 0 0 0 0 0 0 0 0 0 0 0 1 0 0 0 0 0 0 0 0 0 0 0 0 1 2 0 0 0 1 0 0 0 0 0 0 0 0 1 0 0 1 0 0 0 0 0 0 1 0 0 0 0 1 0 1 0 0 0 0 0 0 0 0 0 0 0 1 0 0 1 0 
0 0 0 0 0 0 0 0 0 0 0 0 1 0 0 0 0 0 0 0 0 0 0 1 0 1 0 0 0 0 0 1 0 0 0 0 0 0 0 1 0 0 0 0 0 0 0 0 0 0 0 0 1 1 0 0 0 0 0 0 0 0 0 0 0 0 0 0 0 0 0 0 0 1 0 0 2 1 0 0 0 0 0 0 0 1 0 0 0 0 0 0 0 0 0 0 1 0 0 0 0 0 0 0 0 0 0 0 0 0 0 0 0 0 0 0 0 0 0 0 0 0 0 0 0 0 0 0 0 0 0 0 0 0 0 0 0 1 0 0 0 1 0 0 0 0 0 0 1 1 0 0 0 1 1 0 0 0 0 1 0 0 0 0 1 0 1 0 0 0 1 0 0 0 0 0 0 0 0 3 0 0 0 0 0 1 1 0 0 0 0 0 0 0 0 0 1 0 1 0 
1 0 1 0 0 0 0 1 0 0 0 1 1 0 0 1 1 1 0 0 0 0 0 1 1 0 0 0 0 0 0 1 2 0 0 1 0 1 0 0 0 0 1 0 0 0 1 1 0 0 0 0 0 1 1 0 0 1 0 0 0 0 1 0 0 0 0 0 1 0 0 0 0 0 0 0 0 0 0 0 0 0 0 0 0 0 0 0 0 0 0 0 1 0 0 1 0 1 0 0 1 0 0 0 0 0 0 0 0 0 0 0 1 0 0 0 0 0 0 0 1 0 0 0 0 0 0 0 1 0 0 0 0 1 0 0 0 0 1 0 0 1 0 0 0 0 0 0 0 0 0 0 1 0 0 0 0 0 0 0 0 0 0 0 0 0 0 1 0 0 0 0 0 0 0 0 0 0 0 0 0 0 0 1 0 0 0 0 0 0 0 1 0 0 0 0 0 1 0 0 
0 2 0 0 0 0 1 0 0 1 0 0 0 0 0 1 1 0 0 0 0 0 0 0 1 1 0 1 0 1 0 0 1 0 0 0 1 0 0 2 0 1 0 0 0 0 0 0 0 0 0 1 1 0 2 0 1 0 0 0 0 1 0 0 0 0 0 0 0 0 0 0 0 0 0 0 0 0 1 0 0 0 0 0 0 0 0 0 0 0 0 2 0 0 0 0 1 0 0 0 0 0 0 1 0 0 0 0 1 0 1 0 0 0 0 1 2 0 0 0 1 0 0 0 0 0 0 0 0 0 0 0 0 0 0 0 0 0 1 0 0 0 0 0 0 0 0 0 0 0 1 0 0 0 0 0 0 0 0 1 0 0 0 0 1 0 0 1 0 0 0 0 0 1 0 0 0 0 0 0 0 0 1 1 0 0 0 0 0 0 0 0 0 0 0 0 0 0 0 1 
0 0 0 0 0 1 0 0 0 0 0 0 0 0 1 0 0 0 0 0 0 0 0 0 0 0 1 0 2 0 0 0 0 0 0 0 0 0 0 0 0 1 0 0 0 0 0 0 0 1 0 0 0 1 0 0 1 0 1 0 1 0 0 0 1 0 0 0 0 0 0 0 0 1 0 1 0 0 0 0 0 0 0 0 0 0 0 0 0 0 1 0 0 0 0 1 1 0 0 0 0 0 0 0 0 0 1 0 1 0 0 0 0 1 0 1 0 0 0 0 0 1 0 0 0 0 0 0 0 0 0 1 0 0 0 0 1 0 0 1 0 0 0 1 0 1 0 0 0 0 1 0 0 0 0 2 1 0 0 0 0 0 1 0 1 0 0 0 0 0 0 0 0 0 1 1 0 0 0 0 1 0 1 0 0 0 0 0 0 1 0 1 0 0 0 1 0 0 0 1 
1 0 2 0 0 0 0 0 1 0 0 0 0 0 0 0 0 0 0 0 1 0 0 0 0 0 0 1 0 1 0 0 1 0 1 0 0 0 0 0 0 0 0 1 0 0 1 0 0 0 1 0 0 0 0 0 0 0 0 0 0 1 0 0 0 0 0 0 1 0 1 0 0 1 0 0 0 0 0 0 0 0 0 1 0 0 0 0 0 0 0 0 0 0 0 0 0 1 0 1 0 0 0 0 0 0 0 0 1 0 0 0 0 0 0 0 0 0 1 0 0 0 0 0 0 0 0 1 0 0 0 0 0 0 0 0 0 0 0 0 0 0 0 0 0 0 0 0 0 0 2 0 0 0 0 0 1 0 1 0 0 1 0 1 1 1 0 0 0 0 0 0 0 0 1 0 0 0 1 0 0 0 0 0 0 0 0 0 0 0 1 0 0 0 0 0 0 2 0 2 
0 0 0 3 0 0 0 0 1 0 0 0 1 0 0 0 0 0 1 0 1 0 0 0 0 0 0 0 0 0 0 0 0 0 0 0 0 0 0 0 0 0 0 1 0 1 0 0 0 0 1 0 0 1 0 0 0 0 0 0 0 0 2 0 0 0 0 0 0 1 0 1 0 0 0 0 0 0 0 0 0 0 1 0 2 1 0 0 0 0 0 1 0 0 0 0 1 0 0 0 0 0 0 0 0 1 1 0 0 1 1 0 0 0 0 0 0 1 0 0 0 0 1 1 0 1 0 0 0 0 0 0 0 0 0 0 0 0 0 0 0 0 0 0 0 1 0 0 0 0 2 1 0 0 0 0 0 1 0 0 0 1 0 0 0 0 1 0 0 0 0 0 0 0 0 0 0 0 0 1 0 0 0 0 0 0 1 0 3 0 0 0 0 0 1 0 2 0 0 0 
0 0 0 0 0 0 0 0 0 0 0 0 0 0 0 1 0 0 0 0 0 1 1 0 0 1 0 0 0 0 0 0 0 0 2 0 1 0 0 1 0 0 0 0 0 0 0 1 0 0 0 1 0 0 0 0 1 0 0 0 0 0 0 0 0 0 0 0 0 0 0 0 0 0 1 0 0 0 0 0 0 1 1 0 2 0 0 1 0 0 0 0 0 0 1 0 0 0 2 1 0 0 0 0 1 0 0 0 0 1 1 0 0 0 0 0 0 0 0 0 0 0 0 0 0 0 1 0 0 2 0 0 0 0 0 0 1 0 0 0 1 1 0 0 0 0 0 1 0 0 1 1 2 0 0 1 1 0 0 1 0 0 0 0 0 0 0 0 0 0 0 2 1 1 1 0 0 0 0 1 0 0 1 0 0 0 0 0 0 0 0 0 0 0 0 0 0 0 0 0 
1 0 0 0 0 0 0 0 0 0 0 0 0 0 0 0 0 1 0 0 0 0 0 1 0 0 0 0 0 0 1 1 0 0 1 1 0 0 0 2 1 1 0 0 0 0 0 0 0 0 0 0 0 0 0 0 0 1 1 0 0 0 0 0 0 0 0 0 0 1 1 0 0 0 1 0 0 0 0 0 1 0 0 1 0 0 0 0 0 0 0 0 0 1 0 0 1 0 0 0 0 0 0 1 0 0 0 1 0 0 0 0 0 1 0 0 0 1 1 0 0 1 0 0 0 0 0 0 0 0 0 0 0 0 1 1 0 0 1 0 0 0 0 1 1 1 0 0 0 0 0 0 2 0 0 0 0 0 0 0 0 0 0 1 0 0 0 0 0 2 0 1 0 1 0 0 1 0 0 0 0 0 0 0 0 1 0 0 0 0 0 0 1 0 0 0 0 0 1 0 
0 0 0 0 0 0 0 0 0 0 0 0 1 1 0 0 0 0 0 1 1 0 0 0 0 0 0 0 0 0 0 0 0 0 1 0 0 0 0 0 0 0 1 0 1 0 0 0 0 0 0 1 0 0 0 0 0 0 0 0 0 0 0 0 0 0 0 0 0 0 0 0 0 0 0 0 0 0 1 0 0 1 0 0 0 1 0 0 0 0 0 0 1 0 0 0 0 0 0 0 0 0 0 0 1 0 1 0 1 0 0 1 0 0 0 0 0 0 0 0 1 0 1 0 0 0 0 0 0 1 0 0 0 0 0 1 0 0 0 0 0 0 0 0 0 0 0 0 0 0 0 0 2 0 0 0 1 0 0 1 0 0 0 0 0 1 0 0 0 0 0 0 0 0 0 0 0 0 0 2 0 0 0 0 0 0 0 0 0 0 0 0 0 0 0 0 0 0 0 0 
0 1 0 0 0 0 0 0 0 0 0 0 0 0 0 0 1 1 0 0 1 0 0 1 0 0 1 0 0 2 1 1 0 0 0 1 1 0 0 0 0 0 0 0 0 0 0 0 0 0 0 0 0 1 1 0 1 0 0 0 0 0 0 0 0 0 0 0 0 1 0 0 0 0 1 0 1 1 0 0 2 0 0 0 0 0 1 0 0 0 0 1 0 0 0 0 0 0 0 0 0 0 0 0 1 0 0 1 0 1 0 0 0 0 1 0 0 0 0 0 0 0 0 0 0 0 1 1 0 0 0 0 1 0 0 0 0 0 0 1 0 0 0 0 0 0 0 0 0 0 0 0 0 0 1 0 0 0 0 1 0 1 1 0 0 0 0 0 0 0 1 0 0 0 0 0 1 0 0 0 0 0 0 0 1 0 1 0 0 0 0 1 0 0 0 0 0 0 0 2 
0 0 1 0 0 0 0 1 0 0 0 0 0 0 0 0 0 2 0 0 0 0 0 0 0 0 0 0 1 0 1 0 0 0 1 0 0 0 0 0 0 0 0 0 0 0 0 1 1 0 0 0 0 0 0 0 0 0 0 0 0 0 0 0 0 0 1 0 0 0 0 1 0 0 0 0 0 0 0 0 1 0 0 0 0 2 0 0 0 0 0 0 0 0 0 0 1 0 0 0 0 0 0 0 0 0 0 1 0 1 0 1 0 0 1 0 1 0 0 0 0 0 2 0 0 0 0 0 0 0 0 1 1 0 0 0 0 0 0 0 0 0 0 1 0 1 0 0 0 1 1 0 0 0 0 1 0 3 0 0 0 0 0 0 0 0 0 0 1 0 0 0 0 0 0 0 0 0 0 0 0 0 2 0 0 0 0 0 0 1 0 0 0 0 1 0 1 0 0 0 
0 0 1 0 1 0 0 0 0 1 0 0 1 0 0 0 0 0 1 0 0 0 0 1 0 0 0 0 0 0 0 0 0 0 0 2 0 0 0 0 0 0 0 0 0 0 0 1 0 0 0 0 0 0 0 1 0 0 0 0 0 0 0 0 0 0 0 0 0 0 0 0 0 0 0 0 1 0 0 0 0 1 0 0 0 1 0 1 0 0 0 0 0 0 0 0 0 1 0 0 0 0 0 0 0 0 1 1 0 0 0 0 0 1 1 0 0 0 0 0 0 0 0 0 0 0 0 0 0 0 0 0 1 0 0 0 0 0 0 0 0 0 0 0 0 0 0 1 0 0 0 0 0 0 2 0 0 1 0 0 0 0 0 0 0 1 0 0 0 0 0 0 0 1 0 0 0 0 0 0 0 0 0 0 0 0 0 1 0 1 1 0 0 1 1 1 0 0 0 0 
0 0 1 1 0 0 0 1 0 0 0 1 0 0 0 0 0 1 0 0 0 1 0 0 0 0 0 1 0 0 1 0 0 0 0 0 1 0 0 0 0 1 1 0 0 0 0 0 1 1 2 0 0 0 1 0 0 0 0 0 0 0 0 1 0 0 0 0 0 0 0 0 0 0 1 0 0 0 1 0 0 0 0 1 0 0 0 0 0 0 0 0 0 0 0 1 0 0 0 0 0 0 0 0 0 0 0 0 0 0 0 0 0 0 0 0 0 0 0 0 0 0 0 0 0 0 0 0 0 0 1 0 0 0 0 0 0 0 1 0 1 0 0 1 0 0 0 0 0 0 0 0 0 0 0 2 0 0 1 0 1 0 0 0 1 1 1 0 0 0 0 0 0 0 0 0 0 0 0 0 0 0 0 0 0 0 0 0 0 0 0 0 0 0 0 1 1 0 0 1 
0 2 0 0 0 1 0 0 0 0 0 0 0 0 0 0 1 0 0 0 0 1 0 0 0 0 0 0 0 0 0 0 0 0 0 0 0 0 0 0 0 0 0 0 0 0 0 0 0 0 0 0 1 0 0 0 0 0 1 0 0 0 0 0 0 0 0 0 0 1 0 1 0 0 1 0 0 0 0 0 1 0 0 0 2 0 0 1 0 0 0 0 0 0 0 0 0 0 0 0 0 0 0 0 0 0 0 0 0 0 2 0 0 0 0 1 0 0 1 0 1 0 0 1 0 0 0 0 0 0 0 1 0 1 1 0 0 0 0 0 0 0 0 0 0 0 0 1 0 0 0 1 0 0 1 1 0 0 0 0 0 0 0 0 0 0 1 1 0 0 0 1 0 0 0 0 0 0 0 0 0 0 0 0 0 0 0 0 0 0 0 0 2 0 0 0 0 0 1 0 
0 1 0 1 0 0 0 0 0 0 0 0 0 0 1 0 0 0 0 0 0 0 0 0 0 0 0 0 0 0 0 0 0 0 0 0 0 0 0 2 0 0 0 0 0 0 0 0 0 0 0 0 0 0 0 0 0 0 0 0 0 2 1 0 0 0 0 0 0 1 0 1 1 0 0 0 1 1 0 0 1 0 0 0 0 0 0 0 0 0 0 1 1 0 0 0 0 0 0 0 1 0 0 0 0 0 0 0 0 0 0 0 1 0 0 0 0 1 0 1 0 1 0 0 0 1 0 0 0 0 0 1 0 0 0 0 0 0 1 1 1 0 0 0 0 0 0 1 0 1 0 0 0 0 0 0 1 0 0 0 0 0 0 0 0 1 0 0 0 0 0 0 0 1 0 0 1 0 0 0 1 0 0 0 1 0 0 0 1 0 0 0 0 1 0 0 1 0 0 1 
0 0 0 0 0 0 0 0 0 0 0 0 0 0 0 0 0 0 1 0 0 0 1 0 1 0 0 0 0 1 0 0 0 0 0 0 0 0 0 0 0 0 0 0 0 0 0 0 0 1 1 0 0 0 0 0 0 0 1 0 1 0 0 0 0 0 0 0 1 0 0 1 0 0 0 0 0 0 0 0 0 0 2 0 1 0 1 1 0 0 0 0 0 0 1 0 0 0 0 0 0 0 0 0 1 0 0 0 1 0 0 0 0 0 1 1 0 0 0 0 0 0 0 0 0 0 0 0 0 0 0 0 0 0 0 0 0 0 0 0 1 0 0 0 1 0 0 0 0 0 1 1 0 0 0 0 0 0 1 0 0 0 0 0 1 0 0 0 1 0 0 1 0 0 0 0 0 0 0 1 0 0 0 1 0 0 0 0 0 0 0 0 0 1 0 0 0 1 0 0 
0 0 0 0 0 0 0 0 0 0 0 0 0 0 0 0 0 0 0 0 0 0 0 0 0 0 1 0 0 0 0 1 1 1 0 0 0 1 1 0 0 0 0 0 0 1 1 0 0 0 1 0 0 1 0 0 0 2 0 0 0 0 0 0 0 0 0 0 1 1 0 1 0 0 0 0 1 0 1 0 0 0 0 0 0 0 0 0 0 0 2 0 0 0 0 0 0 0 0 0 0 1 0 0 0 0 0 0 0 0 0 0 0 0 0 0 0 0 0 0 0 1 0 0 1 0 0 0 0 0 0 1 1 0 0 0 0 0 1 0 0 0 0 1 1 0 0 0 0 0 0 0 0 1 0 0 0 0 0 1 0 1 0 0 0 0 0 0 0 0 0 2 0 0 1 0 0 0 0 1 0 0 0 0 2 1 0 1 0 1 0 0 0 0 0 0 0 0 0 0 
1 0 0 0 0 0 0 0 1 0 0 0 0 1 0 0 0 0 0 0 0 0 2 0 0 0 0 0 0 2 0 1 1 0 1 0 0 0 0 0 0 0 0 0 0 0 1 0 0 0 0 0 0 0 0 0 0 0 2 0 0 1 0 1 0 0 0 0 0 0 1 0 0 0 0 0 1 1 0 0 0 0 0 0 1 1 0 0 1 0 0 0 0 0 1 0 0 0 0 0 1 0 0 0 0 0 0 0 0 0 0 0 0 0 0 1 0 0 0 0 0 0 0 0 0 1 0 1 0 0 0 0 1 0 0 0 0 0 1 0 0 0 0 0 0 0 1 0 1 0 1 0 0 0 0 0 0 1 0 0 0 0 0 0 0 0 0 0 0 0 0 0 0 0 0 1 0 0 0 1 0 0 0 0 0 0 0 0 0 0 1 0 0 0 0 0 0 0 1 0 
2 1 0 0 0 0 0 0 0 0 0 0 0 0 1 1 0 0 0 0 0 0 0 0 0 0 0 0 0 0 0 1 1 0 0 0 0 1 0 1 0 0 0 0 0 0 0 0 0 1 0 0 0 1 0 0 1 0 0 0 1 0 0 0 0 0 0 0 0 2 0 0 0 0 0 0 0 0 0 0 0 0 0 0 0 0 0 0 1 0 0 0 1 0 1 0 0 0 0 0 0 0 1 0 0 0 0 0 0 0 0 0 0 0 0 1 0 0 0 0 0 2 1 0 0 0 0 0 0 0 0 1 0 0 0 0 0 0 0 1 0 0 0 0 0 0 0 1 0 0 0 1 0 0 0 0 0 0 0 0 0 0 0 0 0 0 0 0 0 0 0 0 0 0 0 0 0 0 0 0 0 0 0 0 0 0 1 0 0 0 0 0 1 0 1 0 0 0 0 0 
0 0 1 0 0 0 1 0 0 0 1 0 0 1 0 0 1 0 1 1 0 0 0 0 0 0 0 0 0 0 0 0 0 0 0 0 0 0 1 0 0 0 0 0 0 0 0 0 0 0 0 0 0 0 0 0 0 0 0 0 0 0 0 1 0 0 0 0 1 1 0 0 0 0 0 0 0 1 0 0 0 0 0 0 0 0 0 1 2 0 0 0 0 0 0 0 0 0 0 0 2 0 0 0 0 0 0 1 0 1 0 0 0 0 0 0 0 0 0 0 0 0 0 0 1 0 0 0 1 0 1 0 0 0 1 0 0 0 0 0 0 0 0 0 0 1 0 0 0 0 2 0 0 0 0 0 1 0 0 0 0 0 0 0 0 0 0 0 0 0 0 0 0 0 0 0 0 0 0 0 0 1 0 0 0 0 0 0 1 0 0 1 1 0 0 0 1 0 0 0 
0 0 0 0 0 0 2 0 0 1 0 0 0 0 0 0 1 1 0 0 0 0 0 1 0 0 1 0 2 1 1 0 1 0 1 0 0 0 0 0 1 0 0 0 1 0 0 1 1 1 0 0 0 0 0 0 0 0 0 0 0 0 0 0 1 1 0 0 1 0 1 0 0 0 0 0 0 0 0 0 0 0 0 0 0 0 0 1 1 1 0 0 0 0 0 1 0 0 1 0 0 0 0 0 0 0 0 0 0 0 0 1 0 0 0 0 0 0 0 0 0 0 2 0 0 0 0 0 0 0 0 0 1 1 0 0 0 0 1 0 0 1 0 0 1 0 0 0 0 0 0 1 0 0 0 0 0 0 0 0 0 0 1 0 0 0 0 0 0 1 0 0 0 1 0 0 1 0 0 0 0 0 0 1 1 0 0 2 0 0 0 0 0 0 0 0 0 0 0 0 
0 0 0 1 1 0 0 1 0 0 0 0 0 0 0 0 0 0 0 0 1 2 1 0 0 0 0 0 1 0 0 0 0 0 0 0 0 0 0 0 0 1 0 0 1 0 0 1 0 0 1 0 0 0 0 1 0 1 1 0 1 0 1 0 0 0 0 0 0 0 0 0 0 0 0 0 0 0 0 0 0 0 1 0 0 0 2 1 0 0 0 0 0 1 0 0 0 0 0 0 1 0 0 1 0 0 0 0 0 0 1 0 0 1 0 1 0 0 1 1 1 0 1 0 0 0 0 0 2 0 0 0 0 0 0 1 1 1 0 0 0 0 0 0 0 0 0 0 0 0 1 0 0 0 1 0 0 0 0 2 1 0 0 0 0 0 0 0 0 0 1 0 0 0 1 0 1 0 0 0 0 0 0 0 0 0 1 0 0 0 0 1 0 0 1 1 0 0 0 0 
0 1 0 0 0 0 0 0 1 0 0 0 0 0 0 0 0 2 0 0 0 0 0 0 0 0 2 0 0 0 0 0 0 0 0 0 0 1 1 0 0 1 0 0 0 0 0 0 0 0 1 0 0 0 0 0 0 0 0 1 1 1 0 0 1 0 0 0 0 0 0 1 0 0 0 0 0 0 0 0 0 1 0 0 0 1 0 0 0 1 0 0 0 0 1 1 0 0 1 0 1 1 0 0 0 0 0 0 0 0 1 1 1 0 0 0 2 0 0 0 0 0 0 0 0 0 0 0 0 1 1 1 1 0 0 0 0 1 1 0 0 0 0 0 0 0 0 1 0 0 1 0 0 1 0 1 0 0 0 2 1 0 0 0 0 0 0 0 1 0 0 0 0 0 0 0 0 1 0 0 0 0 0 0 0 0 0 0 0 0 0 1 0 0 0 0 0 0 0 1 
0 0 0 0 0 0 0 1 0 0 0 0 0 0 0 0 0 0 0 0 0 1 0 0 0 0 0 0 0 0 0 1 0 0 1 0 0 1 0 0 0 0 0 0 0 1 0 0 1 1 1 0 0 0 0 1 0 0 0 0 0 0 0 1 0 0 0 0 1 0 1 0 0 0 0 0 0 0 0 0 0 0 0 0 0 0 0 0 0 0 0 1 0 0 0 1 0 0 0 0 0 0 0 0 0 0 1 0 1 0 0 0 0 1 0 0 0 0 0 0 0 0 0 0 0 0 0 0 0 0 0 0 0 0 0 0 0 1 0 0 0 0 0 0 1 0 1 0 0 0 0 0 0 0 0 0 0 0 1 0 0 0 0 0 0 0 1 0 1 0 0 0 0 1 0 0 2 0 0 1 0 0 0 0 1 0 1 0 0 0 0 0 1 0 0 0 0 0 1 0 
0 1 0 0 0 0 0 0 0 0 0 0 0 0 0 0 1 0 0 0 0 0 0 0 1 1 0 0 0 0 0 1 0 0 0 0 0 0 0 0 0 0 0 0 0 0 0 1 0 1 1 0 0 0 0 1 0 0 0 0 0 0 0 1 0 1 0 0 1 0 1 1 0 1 0 0 0 0 0 0 0 0 0 1 0 1 0 0 1 0 0 0 0 0 0 0 1 0 0 1 1 0 0 0 0 0 0 0 0 0 0 0 0 0 0 0 0 0 1 0 0 0 0 0 0 0 0 0 0 0 0 0 0 0 0 0 0 0 1 0 0 0 0 0 1 0 1 0 0 1 0 0 0 0 1 0 0 0 0 0 0 0 2 0 0 0 1 0 0 0 0 0 0 0 0 0 0 0 0 0 0 1 0 0 0 0 0 0 0 0 0 0 0 0 1 0 0 1 0 1 
0 0 0 0 0 0 0 0 0 0 0 0 0 0 0 0 0 1 0 1 0 0 0 1 1 0 0 0 0 0 1 0 0 0 1 0 1 1 0 1 0 0 0 0 0 0 0 2 1 0 0 0 2 0 0 0 0 1 0 0 0 0 1 0 0 0 0 1 0 0 0 0 0 0 0 0 1 0 1 0 0 1 0 0 1 0 0 0 0 0 1 0 0 1 0 0 0 0 0 0 0 0 0 1 0 0 0 0 0 0 1 0 0 0 0 0 0 0 0 1 0 0 0 0 0 0 0 0 0 0 0 0 0 0 0 0 0 0 0 0 2 0 0 0 0 0 0 0 0 1 0 0 0 0 0 0 1 0 0 1 0 0 0 0 0 0 0 0 0 0 0 1 0 0 1 0 0 0 0 0 0 0 0 0 0 0 0 0 0 0 1 0 0 0 0 1 1 0 0 0 
0 0 0 0 0 0 1 0 0 0 1 0 0 0 0 0 0 0 0 1 0 0 0 0 1 0 0 0 0 0 0 1 0 0 0 0 0 0 1 0 0 1 2 0 0 1 0 0 0 0 0 0 0 0 0 1 0 0 0 0 0 0 0 0 0 0 0 0 0 0 0 0 0 1 0 0 0 0 0 0 0 0 0 0 0 0 0 0 0 0 1 0 0 1 0 0 0 0 0 0 0 1 0 0 0 0 1 1 0 0 0 0 0 1 0 0 0 1 0 0 0 0 0 0 2 0 2 0 0 0 0 0 0 0 0 1 0 2 0 0 0 0 1 1 0 0 0 0 0 0 0 1 0 0 0 0 0 0 0 0 0 0 0 0 0 0 0 0 0 0 0 0 0 0 0 0 0 1 0 0 0 0 0 0 0 2 1 0 0 0 0 0 0 2 0 0 1 0 0 0 
